ISO-10303-21;
HEADER;
FILE_DESCRIPTION(('CoCreate Modeling STEP Export'),'2;1');
FILE_NAME('HTFS_XXX-P_SP2 series_blackbox.stp','2013-10-18T20:25:16',(''
),(''),'CoCreate Modeling STEP processor for AP214 (Solid Model)',
'CoCreate Modeling 17.00A  17-Jun-2010 (C) Parametric Technology GmbH',
'');
FILE_SCHEMA(('AUTOMOTIVE_DESIGN { 1 0 10303 214 1 1 1 1 }'));
ENDSEC;
DATA;
#10=CARTESIAN_POINT('',(-2.75,-12.4,0.));
#20=DIRECTION('',(-0.,1.,0.));
#30=DIRECTION('',(1.,0.,0.));
#40=AXIS2_PLACEMENT_3D('',#10,#20,#30);
#50=PLANE('',#40);
#60=CARTESIAN_POINT('',(-1.3,-12.4,0.));
#70=DIRECTION('',(0.,0.,1.));
#80=VECTOR('',#70,1.);
#90=LINE('',#60,#80);
#100=CARTESIAN_POINT('',(-1.3,-12.4,0.));
#110=VERTEX_POINT('',#100);
#120=CARTESIAN_POINT('',(-1.3,-12.4,0.5));
#130=VERTEX_POINT('',#120);
#140=EDGE_CURVE('',#110,#130,#90,.T.);
#150=ORIENTED_EDGE('',*,*,#140,.F.);
#160=CARTESIAN_POINT('',(0.,-12.4,0.5));
#170=DIRECTION('',(-1.,0.,0.));
#180=VECTOR('',#170,1.);
#190=LINE('',#160,#180);
#200=CARTESIAN_POINT('',(-0.349999999999999,-12.4,0.5));
#210=VERTEX_POINT('',#200);
#220=EDGE_CURVE('',#210,#130,#190,.T.);
#230=ORIENTED_EDGE('',*,*,#220,.T.);
#240=CARTESIAN_POINT('',(-0.349999999999999,-12.4,0.));
#250=DIRECTION('',(0.,0.,-1.));
#260=VECTOR('',#250,1.);
#270=LINE('',#240,#260);
#280=CARTESIAN_POINT('',(-0.349999999999999,-12.4,0.));
#290=VERTEX_POINT('',#280);
#300=EDGE_CURVE('',#210,#290,#270,.T.);
#310=ORIENTED_EDGE('',*,*,#300,.F.);
#320=CARTESIAN_POINT('',(0.,-12.4,0.));
#330=DIRECTION('',(-1.,0.,0.));
#340=VECTOR('',#330,1.);
#350=LINE('',#320,#340);
#360=EDGE_CURVE('',#290,#110,#350,.T.);
#370=ORIENTED_EDGE('',*,*,#360,.F.);
#380=EDGE_LOOP('',(#370,#310,#230,#150));
#390=FACE_OUTER_BOUND('',#380,.T.);
#400=ADVANCED_FACE('',(#390),#50,.F.);
#410=COLOUR_RGB('',0.,0.,1.);
#420=FILL_AREA_STYLE_COLOUR('',#410);
#430=FILL_AREA_STYLE('',(#420));
#440=SURFACE_STYLE_FILL_AREA(#430);
#450=SURFACE_SIDE_STYLE('',(#440));
#460=SURFACE_STYLE_USAGE(.BOTH.,#450);
#470=PRESENTATION_STYLE_ASSIGNMENT((#460));
#480=CARTESIAN_POINT('',(16.5,-16.5,-8.3));
#490=DIRECTION('',(0.,0.,1.));
#500=DIRECTION('',(-1.,0.,0.));
#510=AXIS2_PLACEMENT_3D('',#480,#490,#500);
#520=CYLINDRICAL_SURFACE('',#510,1.6);
#530=CARTESIAN_POINT('',(16.5,-16.5,0.));
#540=DIRECTION('',(0.,0.,-1.));
#550=DIRECTION('',(-1.,0.,0.));
#560=AXIS2_PLACEMENT_3D('',#530,#540,#550);
#570=CIRCLE('',#560,1.6);
#580=CARTESIAN_POINT('',(18.1,-16.5,0.));
#590=VERTEX_POINT('',#580);
#600=CARTESIAN_POINT('',(16.5,-18.1,0.));
#610=VERTEX_POINT('',#600);
#620=EDGE_CURVE('',#590,#610,#570,.T.);
#630=ORIENTED_EDGE('',*,*,#620,.F.);
#640=CARTESIAN_POINT('',(16.5,-18.1,-8.3));
#650=DIRECTION('',(0.,0.,1.));
#660=VECTOR('',#650,1.);
#670=LINE('',#640,#660);
#680=CARTESIAN_POINT('',(16.5,-18.1,-0.5));
#690=VERTEX_POINT('',#680);
#700=EDGE_CURVE('',#690,#610,#670,.T.);
#710=ORIENTED_EDGE('',*,*,#700,.T.);
#720=CARTESIAN_POINT('',(16.5,-16.5,-0.5));
#730=DIRECTION('',(0.,0.,-1.));
#740=DIRECTION('',(-1.,0.,0.));
#750=AXIS2_PLACEMENT_3D('',#720,#730,#740);
#760=CIRCLE('',#750,1.6);
#770=CARTESIAN_POINT('',(18.1,-16.5,-0.5));
#780=VERTEX_POINT('',#770);
#790=EDGE_CURVE('',#780,#690,#760,.T.);
#800=ORIENTED_EDGE('',*,*,#790,.T.);
#810=CARTESIAN_POINT('',(18.1,-16.5,-8.3));
#820=DIRECTION('',(0.,0.,1.));
#830=VECTOR('',#820,1.);
#840=LINE('',#810,#830);
#850=EDGE_CURVE('',#780,#590,#840,.T.);
#860=ORIENTED_EDGE('',*,*,#850,.F.);
#870=EDGE_LOOP('',(#860,#800,#710,#630));
#880=FACE_OUTER_BOUND('',#870,.T.);
#890=ADVANCED_FACE('',(#880),#520,.F.);
#900=COLOUR_RGB('',0.,0.,1.);
#910=FILL_AREA_STYLE_COLOUR('',#900);
#920=FILL_AREA_STYLE('',(#910));
#930=SURFACE_STYLE_FILL_AREA(#920);
#940=SURFACE_SIDE_STYLE('',(#930));
#950=SURFACE_STYLE_USAGE(.BOTH.,#940);
#960=PRESENTATION_STYLE_ASSIGNMENT((#950));
#970=CARTESIAN_POINT('',(8.88178419700125E-16,-1.77635683940025E-15,0.))
;
#980=DIRECTION('',(0.,0.,1.));
#990=DIRECTION('',(1.,0.,0.));
#1000=AXIS2_PLACEMENT_3D('',#970,#980,#990);
#1010=CYLINDRICAL_SURFACE('',#1000,12.);
#1020=CARTESIAN_POINT('',(-1.3,-11.9293755075444,0.));
#1030=DIRECTION('',(0.,0.,1.));
#1040=VECTOR('',#1030,1.);
#1050=LINE('',#1020,#1040);
#1060=CARTESIAN_POINT('',(-1.3,-11.9293755075444,0.));
#1070=VERTEX_POINT('',#1060);
#1080=CARTESIAN_POINT('',(-1.3,-11.9293755075444,0.5));
#1090=VERTEX_POINT('',#1080);
#1100=EDGE_CURVE('',#1070,#1090,#1050,.T.);
#1110=ORIENTED_EDGE('',*,*,#1100,.T.);
#1120=CARTESIAN_POINT('',(8.88178419700125E-16,-1.77635683940025E-15,0.)
);
#1130=DIRECTION('',(0.,0.,-1.));
#1140=DIRECTION('',(1.,0.,0.));
#1150=AXIS2_PLACEMENT_3D('',#1120,#1130,#1140);
#1160=CIRCLE('',#1150,12.);
#1170=CARTESIAN_POINT('',(-12.,-3.24593299837707E-15,0.));
#1180=VERTEX_POINT('',#1170);
#1190=EDGE_CURVE('',#1070,#1180,#1160,.T.);
#1200=ORIENTED_EDGE('',*,*,#1190,.F.);
#1210=CARTESIAN_POINT('',(-12.,-3.24593299837707E-15,0.));
#1220=DIRECTION('',(0.,0.,1.));
#1230=VECTOR('',#1220,1.);
#1240=LINE('',#1210,#1230);
#1250=CARTESIAN_POINT('',(-12.,1.77635683940025E-15,0.5));
#1260=VERTEX_POINT('',#1250);
#1270=EDGE_CURVE('',#1180,#1260,#1240,.T.);
#1280=ORIENTED_EDGE('',*,*,#1270,.F.);
#1290=CARTESIAN_POINT('',(8.88178419700125E-16,1.77635683940025E-15,0.5)
);
#1300=DIRECTION('',(0.,0.,-1.));
#1310=DIRECTION('',(-1.,0.,0.));
#1320=AXIS2_PLACEMENT_3D('',#1290,#1300,#1310);
#1330=CIRCLE('',#1320,12.);
#1340=EDGE_CURVE('',#1090,#1260,#1330,.T.);
#1350=ORIENTED_EDGE('',*,*,#1340,.T.);
#1360=EDGE_LOOP('',(#1350,#1280,#1200,#1110));
#1370=FACE_OUTER_BOUND('',#1360,.T.);
#1380=ADVANCED_FACE('',(#1370),#1010,.T.);
#1390=COLOUR_RGB('',0.,0.,1.);
#1400=FILL_AREA_STYLE_COLOUR('',#1390);
#1410=FILL_AREA_STYLE('',(#1400));
#1420=SURFACE_STYLE_FILL_AREA(#1410);
#1430=SURFACE_SIDE_STYLE('',(#1420));
#1440=SURFACE_STYLE_USAGE(.BOTH.,#1430);
#1450=PRESENTATION_STYLE_ASSIGNMENT((#1440));
#1460=CARTESIAN_POINT('',(6.4592762847,-20.6098218737373,5.));
#1470=DIRECTION('',(0.,0.,1.));
#1480=DIRECTION('',(1.,0.,0.));
#1490=AXIS2_PLACEMENT_3D('',#1460,#1470,#1480);
#1500=PLANE('',#1490);
#1510=CARTESIAN_POINT('',(16.5,-16.5,5.));
#1520=DIRECTION('',(0.,0.,1.));
#1530=DIRECTION('',(1.,0.,0.));
#1540=AXIS2_PLACEMENT_3D('',#1510,#1520,#1530);
#1550=CIRCLE('',#1540,2.50000000010575);
#1560=CARTESIAN_POINT('',(14.5790627286325,-18.1,5.));
#1570=VERTEX_POINT('',#1560);
#1580=CARTESIAN_POINT('',(19.0000000001058,-16.5,5.));
#1590=VERTEX_POINT('',#1580);
#1600=EDGE_CURVE('',#1570,#1590,#1550,.T.);
#1610=ORIENTED_EDGE('',*,*,#1600,.T.);
#1620=CARTESIAN_POINT('',(10.8543809256164,-18.1,5.));
#1630=DIRECTION('',(1.,0.,0.));
#1640=VECTOR('',#1630,1.);
#1650=LINE('',#1620,#1640);
#1660=CARTESIAN_POINT('',(8.50823130856233,-18.1,5.));
#1670=VERTEX_POINT('',#1660);
#1680=EDGE_CURVE('',#1670,#1570,#1650,.T.);
#1690=ORIENTED_EDGE('',*,*,#1680,.T.);
#1700=CARTESIAN_POINT('',(-8.18789480661053E-16,1.55431223447522E-15,5.)
);
#1710=DIRECTION('',(0.,0.,1.));
#1720=DIRECTION('',(-1.,0.,0.));
#1730=AXIS2_PLACEMENT_3D('',#1700,#1710,#1720);
#1740=CIRCLE('',#1730,20.);
#1750=CARTESIAN_POINT('',(18.1,-8.5082313085623,5.));
#1760=VERTEX_POINT('',#1750);
#1770=EDGE_CURVE('',#1670,#1760,#1740,.T.);
#1780=ORIENTED_EDGE('',*,*,#1770,.F.);
#1790=CARTESIAN_POINT('',(18.1,0.,5.));
#1800=DIRECTION('',(0.,1.,0.));
#1810=VECTOR('',#1800,1.);
#1820=LINE('',#1790,#1810);
#1830=CARTESIAN_POINT('',(18.1,-14.5790627286325,5.));
#1840=VERTEX_POINT('',#1830);
#1850=EDGE_CURVE('',#1840,#1760,#1820,.T.);
#1860=ORIENTED_EDGE('',*,*,#1850,.T.);
#1870=EDGE_CURVE('',#1590,#1840,#1550,.T.);
#1880=ORIENTED_EDGE('',*,*,#1870,.T.);
#1890=EDGE_LOOP('',(#1880,#1860,#1780,#1690,#1610));
#1900=FACE_OUTER_BOUND('',#1890,.T.);
#1910=ADVANCED_FACE('',(#1900),#1500,.T.);
#1920=COLOUR_RGB('',0.,0.,1.);
#1930=FILL_AREA_STYLE_COLOUR('',#1920);
#1940=FILL_AREA_STYLE('',(#1930));
#1950=SURFACE_STYLE_FILL_AREA(#1940);
#1960=SURFACE_SIDE_STYLE('',(#1950));
#1970=SURFACE_STYLE_USAGE(.BOTH.,#1960);
#1980=PRESENTATION_STYLE_ASSIGNMENT((#1970));
#1990=CARTESIAN_POINT('',(-0.45,-11.72,0.));
#2000=DIRECTION('',(-0.,1.,0.));
#2010=DIRECTION('',(1.,0.,0.));
#2020=AXIS2_PLACEMENT_3D('',#1990,#2000,#2010);
#2030=PLANE('',#2020);
#2040=CARTESIAN_POINT('',(0.,-11.72,0.5));
#2050=DIRECTION('',(-1.,0.,0.));
#2060=VECTOR('',#2050,1.);
#2070=LINE('',#2040,#2060);
#2080=CARTESIAN_POINT('',(0.0499999999999986,-11.72,0.5));
#2090=VERTEX_POINT('',#2080);
#2100=CARTESIAN_POINT('',(-0.0499999999999987,-11.72,0.5));
#2110=VERTEX_POINT('',#2100);
#2120=EDGE_CURVE('',#2090,#2110,#2070,.T.);
#2130=ORIENTED_EDGE('',*,*,#2120,.T.);
#2140=CARTESIAN_POINT('',(0.0499999999999986,-11.72,0.5));
#2150=DIRECTION('',(0.,0.,-1.));
#2160=VECTOR('',#2150,1.);
#2170=LINE('',#2140,#2160);
#2180=CARTESIAN_POINT('',(0.0499999999999986,-11.72,0.));
#2190=VERTEX_POINT('',#2180);
#2200=EDGE_CURVE('',#2090,#2190,#2170,.T.);
#2210=ORIENTED_EDGE('',*,*,#2200,.F.);
#2220=CARTESIAN_POINT('',(0.,-11.72,0.));
#2230=DIRECTION('',(1.,0.,0.));
#2240=VECTOR('',#2230,1.);
#2250=LINE('',#2220,#2240);
#2260=CARTESIAN_POINT('',(-0.0499999999999986,-11.72,0.));
#2270=VERTEX_POINT('',#2260);
#2280=EDGE_CURVE('',#2270,#2190,#2250,.T.);
#2290=ORIENTED_EDGE('',*,*,#2280,.T.);
#2300=CARTESIAN_POINT('',(-0.0499999999999986,-11.72,0.5));
#2310=DIRECTION('',(0.,0.,-1.));
#2320=VECTOR('',#2310,1.);
#2330=LINE('',#2300,#2320);
#2340=EDGE_CURVE('',#2110,#2270,#2330,.T.);
#2350=ORIENTED_EDGE('',*,*,#2340,.T.);
#2360=EDGE_LOOP('',(#2350,#2290,#2210,#2130));
#2370=FACE_OUTER_BOUND('',#2360,.T.);
#2380=ADVANCED_FACE('',(#2370),#2030,.F.);
#2390=COLOUR_RGB('',0.,0.,1.);
#2400=FILL_AREA_STYLE_COLOUR('',#2390);
#2410=FILL_AREA_STYLE('',(#2400));
#2420=SURFACE_STYLE_FILL_AREA(#2410);
#2430=SURFACE_SIDE_STYLE('',(#2420));
#2440=SURFACE_STYLE_USAGE(.BOTH.,#2430);
#2450=PRESENTATION_STYLE_ASSIGNMENT((#2440));
#2460=CARTESIAN_POINT('',(16.5,16.5,0.));
#2470=DIRECTION('',(1.,0.,0.));
#2480=DIRECTION('',(0.,1.,0.));
#2490=AXIS2_PLACEMENT_3D('',#2460,#2470,#2480);
#2500=PLANE('',#2490);
#2510=CARTESIAN_POINT('',(16.5,0.,-0.5));
#2520=DIRECTION('',(0.,-1.,0.));
#2530=VECTOR('',#2520,1.);
#2540=LINE('',#2510,#2530);
#2550=CARTESIAN_POINT('',(16.5,19.5,-0.5));
#2560=VERTEX_POINT('',#2550);
#2570=CARTESIAN_POINT('',(16.5,18.1,-0.5));
#2580=VERTEX_POINT('',#2570);
#2590=EDGE_CURVE('',#2560,#2580,#2540,.T.);
#2600=ORIENTED_EDGE('',*,*,#2590,.T.);
#2610=CARTESIAN_POINT('',(16.5,19.5,2.5));
#2620=DIRECTION('',(0.,0.,-1.));
#2630=VECTOR('',#2620,1.);
#2640=LINE('',#2610,#2630);
#2650=CARTESIAN_POINT('',(16.5,19.5,0.));
#2660=VERTEX_POINT('',#2650);
#2670=EDGE_CURVE('',#2660,#2560,#2640,.T.);
#2680=ORIENTED_EDGE('',*,*,#2670,.T.);
#2690=CARTESIAN_POINT('',(16.5,21.6,0.));
#2700=DIRECTION('',(0.,-1.,0.));
#2710=VECTOR('',#2700,1.);
#2720=LINE('',#2690,#2710);
#2730=CARTESIAN_POINT('',(16.5,18.1,0.));
#2740=VERTEX_POINT('',#2730);
#2750=EDGE_CURVE('',#2660,#2740,#2720,.T.);
#2760=ORIENTED_EDGE('',*,*,#2750,.F.);
#2770=CARTESIAN_POINT('',(16.5,18.1,0.));
#2780=DIRECTION('',(0.,0.,-1.));
#2790=VECTOR('',#2780,1.);
#2800=LINE('',#2770,#2790);
#2810=EDGE_CURVE('',#2740,#2580,#2800,.T.);
#2820=ORIENTED_EDGE('',*,*,#2810,.F.);
#2830=EDGE_LOOP('',(#2820,#2760,#2680,#2600));
#2840=FACE_OUTER_BOUND('',#2830,.T.);
#2850=ADVANCED_FACE('',(#2840),#2500,.F.);
#2860=CARTESIAN_POINT('',(6.244997998,-18.6,0.));
#2870=DIRECTION('',(-0.,1.,0.));
#2880=DIRECTION('',(1.,0.,0.));
#2890=AXIS2_PLACEMENT_3D('',#2860,#2870,#2880);
#2900=PLANE('',#2890);
#2910=CARTESIAN_POINT('',(14.3575714714372,-18.6,2.5));
#2920=DIRECTION('',(0.,0.,-1.));
#2930=VECTOR('',#2920,1.);
#2940=LINE('',#2910,#2930);
#2950=CARTESIAN_POINT('',(14.3575714714372,-18.6,4.49999999999998));
#2960=VERTEX_POINT('',#2950);
#2970=CARTESIAN_POINT('',(14.3575714714372,-18.6,0.));
#2980=VERTEX_POINT('',#2970);
#2990=EDGE_CURVE('',#2960,#2980,#2940,.T.);
#3000=ORIENTED_EDGE('',*,*,#2990,.F.);
#3010=CARTESIAN_POINT('',(0.,-18.6,0.));
#3020=DIRECTION('',(1.,0.,0.));
#3030=VECTOR('',#3020,1.);
#3040=LINE('',#3010,#3030);
#3050=CARTESIAN_POINT('',(7.35119037979563,-18.6,0.));
#3060=VERTEX_POINT('',#3050);
#3070=EDGE_CURVE('',#3060,#2980,#3040,.T.);
#3080=ORIENTED_EDGE('',*,*,#3070,.T.);
#3090=CARTESIAN_POINT('',(7.35119037979563,-18.6,16.));
#3100=DIRECTION('',(0.,0.,-1.));
#3110=VECTOR('',#3100,1.);
#3120=LINE('',#3090,#3110);
#3130=CARTESIAN_POINT('',(7.35119037979563,-18.6,4.49999999999998));
#3140=VERTEX_POINT('',#3130);
#3150=EDGE_CURVE('',#3140,#3060,#3120,.T.);
#3160=ORIENTED_EDGE('',*,*,#3150,.T.);
#3170=CARTESIAN_POINT('',(10.8543809256164,-18.6,4.49999999999998));
#3180=DIRECTION('',(1.,0.,0.));
#3190=VECTOR('',#3180,1.);
#3200=LINE('',#3170,#3190);
#3210=EDGE_CURVE('',#3140,#2960,#3200,.T.);
#3220=ORIENTED_EDGE('',*,*,#3210,.F.);
#3230=EDGE_LOOP('',(#3220,#3160,#3080,#3000));
#3240=FACE_OUTER_BOUND('',#3230,.T.);
#3250=ADVANCED_FACE('',(#3240),#2900,.F.);
#3260=COLOUR_RGB('',0.,0.,1.);
#3270=FILL_AREA_STYLE_COLOUR('',#3260);
#3280=FILL_AREA_STYLE('',(#3270));
#3290=SURFACE_STYLE_FILL_AREA(#3280);
#3300=SURFACE_SIDE_STYLE('',(#3290));
#3310=SURFACE_STYLE_USAGE(.BOTH.,#3300);
#3320=PRESENTATION_STYLE_ASSIGNMENT((#3310));
#3330=CARTESIAN_POINT('',(-16.5,-16.5,0.));
#3340=DIRECTION('',(-1.,-1.26882631385732E-15,0.));
#3350=DIRECTION('',(1.26882631385732E-15,-1.,0.));
#3360=AXIS2_PLACEMENT_3D('',#3330,#3340,#3350);
#3370=PLANE('',#3360);
#3380=CARTESIAN_POINT('',(-16.5,-22.1,0.));
#3390=DIRECTION('',(-1.26882631385732E-15,1.,0.));
#3400=VECTOR('',#3390,1.);
#3410=LINE('',#3380,#3400);
#3420=CARTESIAN_POINT('',(-16.5,-19.5,0.));
#3430=VERTEX_POINT('',#3420);
#3440=CARTESIAN_POINT('',(-16.5,-18.1,0.));
#3450=VERTEX_POINT('',#3440);
#3460=EDGE_CURVE('',#3430,#3450,#3410,.T.);
#3470=ORIENTED_EDGE('',*,*,#3460,.F.);
#3480=CARTESIAN_POINT('',(-16.5,-18.1,-8.3));
#3490=DIRECTION('',(0.,0.,1.));
#3500=VECTOR('',#3490,1.);
#3510=LINE('',#3480,#3500);
#3520=CARTESIAN_POINT('',(-16.5,-18.1,-0.5));
#3530=VERTEX_POINT('',#3520);
#3540=EDGE_CURVE('',#3530,#3450,#3510,.T.);
#3550=ORIENTED_EDGE('',*,*,#3540,.T.);
#3560=CARTESIAN_POINT('',(-16.5,0.,-0.5));
#3570=DIRECTION('',(-1.26882631385732E-15,1.,0.));
#3580=VECTOR('',#3570,1.);
#3590=LINE('',#3560,#3580);
#3600=CARTESIAN_POINT('',(-16.5,-19.5,-0.500000000000001));
#3610=VERTEX_POINT('',#3600);
#3620=EDGE_CURVE('',#3610,#3530,#3590,.T.);
#3630=ORIENTED_EDGE('',*,*,#3620,.T.);
#3640=CARTESIAN_POINT('',(-16.5,-19.5,2.5));
#3650=DIRECTION('',(0.,0.,-1.));
#3660=VECTOR('',#3650,1.);
#3670=LINE('',#3640,#3660);
#3680=EDGE_CURVE('',#3430,#3610,#3670,.T.);
#3690=ORIENTED_EDGE('',*,*,#3680,.T.);
#3700=EDGE_LOOP('',(#3690,#3630,#3550,#3470));
#3710=FACE_OUTER_BOUND('',#3700,.T.);
#3720=ADVANCED_FACE('',(#3710),#3370,.F.);
#3730=CARTESIAN_POINT('',(16.5,-21.8,0.));
#3740=DIRECTION('',(1.,-1.22460635382238E-16,0.));
#3750=DIRECTION('',(1.22460635382238E-16,1.,0.));
#3760=AXIS2_PLACEMENT_3D('',#3730,#3740,#3750);
#3770=PLANE('',#3760);
#3780=CARTESIAN_POINT('',(16.5,0.,-0.5));
#3790=DIRECTION('',(-1.22460635382238E-16,-1.,0.));
#3800=VECTOR('',#3790,1.);
#3810=LINE('',#3780,#3800);
#3820=CARTESIAN_POINT('',(16.5,-19.5,-0.500000000000001));
#3830=VERTEX_POINT('',#3820);
#3840=EDGE_CURVE('',#690,#3830,#3810,.T.);
#3850=ORIENTED_EDGE('',*,*,#3840,.T.);
#3860=ORIENTED_EDGE('',*,*,#700,.F.);
#3870=CARTESIAN_POINT('',(16.5,-16.5,0.));
#3880=DIRECTION('',(-1.22460635382238E-16,-1.,0.));
#3890=VECTOR('',#3880,1.);
#3900=LINE('',#3870,#3890);
#3910=CARTESIAN_POINT('',(16.5,-19.5,0.));
#3920=VERTEX_POINT('',#3910);
#3930=EDGE_CURVE('',#610,#3920,#3900,.T.);
#3940=ORIENTED_EDGE('',*,*,#3930,.F.);
#3950=CARTESIAN_POINT('',(16.5,-19.5,2.5));
#3960=DIRECTION('',(0.,0.,-1.));
#3970=VECTOR('',#3960,1.);
#3980=LINE('',#3950,#3970);
#3990=EDGE_CURVE('',#3920,#3830,#3980,.T.);
#4000=ORIENTED_EDGE('',*,*,#3990,.F.);
#4010=EDGE_LOOP('',(#4000,#3940,#3860,#3850));
#4020=FACE_OUTER_BOUND('',#4010,.T.);
#4030=ADVANCED_FACE('',(#4020),#3770,.F.);
#4040=CARTESIAN_POINT('',(0.124999999999999,-21.6799999999998,-8.1));
#4050=DIRECTION('',(1.,0.,0.));
#4060=DIRECTION('',(0.,1.,0.));
#4070=AXIS2_PLACEMENT_3D('',#4040,#4050,#4060);
#4080=PLANE('',#4070);
#4090=CARTESIAN_POINT('',(0.124999999999999,-21.3299999999998,-11.45));
#4100=DIRECTION('',(0.,0.,-1.));
#4110=VECTOR('',#4100,1.);
#4120=LINE('',#4090,#4110);
#4130=CARTESIAN_POINT('',(0.124999999999999,-21.3299999999998,1.));
#4140=VERTEX_POINT('',#4130);
#4150=CARTESIAN_POINT('',(0.124999999999999,-21.3299999999998,
-3.5000000000002));
#4160=VERTEX_POINT('',#4150);
#4170=EDGE_CURVE('',#4140,#4160,#4120,.T.);
#4180=ORIENTED_EDGE('',*,*,#4170,.T.);
#4190=CARTESIAN_POINT('',(0.124999999999999,0.,1.));
#4200=DIRECTION('',(0.,1.,0.));
#4210=VECTOR('',#4200,1.);
#4220=LINE('',#4190,#4210);
#4230=CARTESIAN_POINT('',(0.124999999999999,-20.8299999999998,1.));
#4240=VERTEX_POINT('',#4230);
#4250=EDGE_CURVE('',#4140,#4240,#4220,.T.);
#4260=ORIENTED_EDGE('',*,*,#4250,.F.);
#4270=CARTESIAN_POINT('',(0.124999999999999,-20.8299999999998,-11.45));
#4280=DIRECTION('',(0.,0.,1.));
#4290=VECTOR('',#4280,1.);
#4300=LINE('',#4270,#4290);
#4310=CARTESIAN_POINT('',(0.124999999999999,-20.8299999999998,
-3.5000000000002));
#4320=VERTEX_POINT('',#4310);
#4330=EDGE_CURVE('',#4320,#4240,#4300,.T.);
#4340=ORIENTED_EDGE('',*,*,#4330,.T.);
#4350=CARTESIAN_POINT('',(0.124999999999999,-21.0799999999998,
-3.5000000000002));
#4360=DIRECTION('',(0.,-1.,0.));
#4370=VECTOR('',#4360,1.);
#4380=LINE('',#4350,#4370);
#4390=EDGE_CURVE('',#4320,#4160,#4380,.T.);
#4400=ORIENTED_EDGE('',*,*,#4390,.F.);
#4410=EDGE_LOOP('',(#4400,#4340,#4260,#4180));
#4420=FACE_OUTER_BOUND('',#4410,.T.);
#4430=ADVANCED_FACE('',(#4420),#4080,.T.);
#4440=COLOUR_RGB('',0.749019622802734,0.749019622802734,
0.749019622802734);
#4450=FILL_AREA_STYLE_COLOUR('',#4440);
#4460=FILL_AREA_STYLE('',(#4450));
#4470=SURFACE_STYLE_FILL_AREA(#4460);
#4480=SURFACE_SIDE_STYLE('',(#4470));
#4490=SURFACE_STYLE_USAGE(.BOTH.,#4480);
#4500=PRESENTATION_STYLE_ASSIGNMENT((#4490));
#4510=CARTESIAN_POINT('',(-8.18789480661053E-16,1.55431223447522E-15,16.
));
#4520=DIRECTION('',(0.,0.,-1.));
#4530=DIRECTION('',(-1.,0.,0.));
#4540=AXIS2_PLACEMENT_3D('',#4510,#4520,#4530);
#4550=CYLINDRICAL_SURFACE('',#4540,20.);
#4560=CARTESIAN_POINT('',(-18.1,-10.8543809256164,4.49999999999996));
#4570=DIRECTION('',(0.,1.,0.));
#4580=DIRECTION('',(1.,0.,0.));
#4590=AXIS2_PLACEMENT_3D('',#4560,#4570,#4580);
#4600=CYLINDRICAL_SURFACE('',#4590,0.500000000000039);
#4610=CARTESIAN_POINT('',(-18.1000000000298,-8.50823130857641,
5.00000000000076));
#4620=CARTESIAN_POINT('',(-18.1510398912754,-8.39965151119656,
4.99999999999466));
#4630=CARTESIAN_POINT('',(-18.2011444374424,-8.29050715093983,
4.99231577931049));
#4640=CARTESIAN_POINT('',(-18.2498381467685,-8.18189511157126,
4.9770204710209));
#4650=CARTESIAN_POINT('',(-18.2984842205883,-8.0733893239045,
4.96174012564468));
#4660=CARTESIAN_POINT('',(-18.34611128819,-7.96451848254225,
4.9388080778691));
#4670=CARTESIAN_POINT('',(-18.3915161757605,-7.85825252564085,
4.90622446906849));
#4680=CARTESIAN_POINT('',(-18.4364977999421,-7.75297717771208,
4.87394460397075));
#4690=CARTESIAN_POINT('',(-18.4810824970617,-7.6459291256281,
4.8315567745676));
#4700=CARTESIAN_POINT('',(-18.5200283270367,-7.5504007023309,
4.77124934006698));
#4710=CARTESIAN_POINT('',(-18.5444570039169,-7.490480731769,
4.73342164883944));
#4720=CARTESIAN_POINT('',(-18.5690228829363,-7.42921388620705,
4.68492353607457));
#4730=CARTESIAN_POINT('',(-18.5848275037678,-7.38946457161617,
4.62223866651352));
#4740=CARTESIAN_POINT('',(-18.5939696815306,-7.36647159356143,
4.58597862417024));
#4750=CARTESIAN_POINT('',(-18.6,-7.35119037979563,4.54448438872467));
#4760=CARTESIAN_POINT('',(-18.6,-7.35119037979563,4.49999999999996));
#4770=B_SPLINE_CURVE_WITH_KNOTS('',3,(#4610,#4620,#4630,#4640,#4650,
#4660,#4670,#4680,#4690,#4700,#4710,#4720,#4730,#4740,#4750,#4760),
.UNSPECIFIED.,.F.,.F.,(4,3,3,3,3,4),(0.,0.360075936173979,
0.720723452987065,1.08156755578626,1.31214821861605,1.44308180890833),
.UNSPECIFIED.);
#4780=SURFACE_CURVE('',#4770,(#4600,#4550),.CURVE_3D.);
#4790=CARTESIAN_POINT('',(-18.1,-8.50823130856239,5.));
#4800=VERTEX_POINT('',#4790);
#4810=CARTESIAN_POINT('',(-18.6,-7.35119037979563,4.49999999999996));
#4820=VERTEX_POINT('',#4810);
#4830=EDGE_CURVE('',#4800,#4820,#4780,.T.);
#4840=ORIENTED_EDGE('',*,*,#4830,.F.);
#4850=CARTESIAN_POINT('',(-18.6,-7.35119037979563,16.));
#4860=DIRECTION('',(0.,0.,-1.));
#4870=VECTOR('',#4860,1.);
#4880=LINE('',#4850,#4870);
#4890=CARTESIAN_POINT('',(-18.6,-7.35119037979563,0.));
#4900=VERTEX_POINT('',#4890);
#4910=EDGE_CURVE('',#4820,#4900,#4880,.T.);
#4920=ORIENTED_EDGE('',*,*,#4910,.F.);
#4930=CARTESIAN_POINT('',(-8.18789480661053E-16,1.55431223447522E-15,0.)
);
#4940=DIRECTION('',(0.,0.,1.));
#4950=DIRECTION('',(-1.,0.,0.));
#4960=AXIS2_PLACEMENT_3D('',#4930,#4940,#4950);
#4970=CIRCLE('',#4960,20.);
#4980=CARTESIAN_POINT('',(-20.,1.55431223447522E-15,0.));
#4990=VERTEX_POINT('',#4980);
#5000=EDGE_CURVE('',#4990,#4900,#4970,.T.);
#5010=ORIENTED_EDGE('',*,*,#5000,.T.);
#5020=CARTESIAN_POINT('',(-20.,1.55431223447522E-15,16.));
#5030=DIRECTION('',(0.,0.,-1.));
#5040=VECTOR('',#5030,1.);
#5050=LINE('',#5020,#5040);
#5060=CARTESIAN_POINT('',(-20.,-1.55431223447522E-15,15.5));
#5070=VERTEX_POINT('',#5060);
#5080=EDGE_CURVE('',#5070,#4990,#5050,.T.);
#5090=ORIENTED_EDGE('',*,*,#5080,.T.);
#5100=CARTESIAN_POINT('',(-8.18789480661053E-16,-1.55431223447522E-15,
15.5));
#5110=DIRECTION('',(0.,0.,1.));
#5120=DIRECTION('',(1.,0.,0.));
#5130=AXIS2_PLACEMENT_3D('',#5100,#5110,#5120);
#5140=CIRCLE('',#5130,20.);
#5150=CARTESIAN_POINT('',(20.,-1.55431223447522E-15,15.5));
#5160=VERTEX_POINT('',#5150);
#5170=EDGE_CURVE('',#5070,#5160,#5140,.T.);
#5180=ORIENTED_EDGE('',*,*,#5170,.F.);
#5190=CARTESIAN_POINT('',(20.,-8.94981363819487E-16,16.));
#5200=DIRECTION('',(0.,0.,-1.));
#5210=VECTOR('',#5200,1.);
#5220=LINE('',#5190,#5210);
#5230=CARTESIAN_POINT('',(20.,-8.94981363819487E-16,0.));
#5240=VERTEX_POINT('',#5230);
#5250=EDGE_CURVE('',#5160,#5240,#5220,.T.);
#5260=ORIENTED_EDGE('',*,*,#5250,.F.);
#5270=CARTESIAN_POINT('',(-8.18789480661053E-16,1.55431223447522E-15,0.)
);
#5280=DIRECTION('',(0.,0.,1.));
#5290=DIRECTION('',(-1.,0.,0.));
#5300=AXIS2_PLACEMENT_3D('',#5270,#5280,#5290);
#5310=CIRCLE('',#5300,20.);
#5320=CARTESIAN_POINT('',(18.6,-7.35119037979563,0.));
#5330=VERTEX_POINT('',#5320);
#5340=EDGE_CURVE('',#5330,#5240,#5310,.T.);
#5350=ORIENTED_EDGE('',*,*,#5340,.T.);
#5360=CARTESIAN_POINT('',(18.6,-7.35119037979563,16.));
#5370=DIRECTION('',(0.,0.,-1.));
#5380=VECTOR('',#5370,1.);
#5390=LINE('',#5360,#5380);
#5400=CARTESIAN_POINT('',(18.6,-7.35119037979563,4.5));
#5410=VERTEX_POINT('',#5400);
#5420=EDGE_CURVE('',#5410,#5330,#5390,.T.);
#5430=ORIENTED_EDGE('',*,*,#5420,.T.);
#5440=CARTESIAN_POINT('',(18.1,0.,4.5));
#5450=DIRECTION('',(0.,1.,0.));
#5460=DIRECTION('',(1.,0.,0.));
#5470=AXIS2_PLACEMENT_3D('',#5440,#5450,#5460);
#5480=CYLINDRICAL_SURFACE('',#5470,0.5);
#5490=CARTESIAN_POINT('',(18.6,-7.35119037979563,4.5));
#5500=CARTESIAN_POINT('',(18.6,-7.35119037979563,4.54451167404024));
#5510=CARTESIAN_POINT('',(18.5939792583159,-7.36644748595494,
4.58593766150453));
#5520=CARTESIAN_POINT('',(18.584829881913,-7.38945859047521,
4.62222923383739));
#5530=CARTESIAN_POINT('',(18.5690313574949,-7.42919260956472,
4.68489506661355));
#5540=CARTESIAN_POINT('',(18.5444756758347,-7.49043386827107,
4.73337838731084));
#5550=CARTESIAN_POINT('',(18.5200752054097,-7.55028571551825,
4.77117673535965));
#5560=CARTESIAN_POINT('',(18.4810147342339,-7.64609703855843,
4.83168463781975));
#5570=CARTESIAN_POINT('',(18.4365907103888,-7.75275837839144,
4.87387181642224));
#5580=CARTESIAN_POINT('',(18.3915525507953,-7.85816739267726,
4.90619836302572));
#5590=CARTESIAN_POINT('',(18.3461004609789,-7.96454518493192,
4.93882201179234));
#5600=CARTESIAN_POINT('',(18.2984559926395,-8.07345190015872,
4.96174777317024));
#5610=CARTESIAN_POINT('',(18.2498490363016,-8.18187082225509,
4.97701705035716));
#5620=CARTESIAN_POINT('',(18.2011401679572,-8.29051706140105,
4.99231834194684));
#5630=CARTESIAN_POINT('',(18.1510325371228,-8.39966715598769,5.));
#5640=CARTESIAN_POINT('',(18.1,-8.5082313085623,5.));
#5650=B_SPLINE_CURVE_WITH_KNOTS('',3,(#5490,#5500,#5510,#5520,#5530,
#5540,#5550,#5560,#5570,#5580,#5590,#5600,#5610,#5620,#5630,#5640),
.UNSPECIFIED.,.F.,.F.,(4,3,3,3,3,4),(0.,0.13092218190052,
0.361370265933144,0.722262084345493,1.0829789577146,1.44308173217939),
.UNSPECIFIED.);
#5660=SURFACE_CURVE('',#5650,(#5480,#4550),.CURVE_3D.);
#5670=EDGE_CURVE('',#5410,#1760,#5660,.T.);
#5680=ORIENTED_EDGE('',*,*,#5670,.F.);
#5690=ORIENTED_EDGE('',*,*,#1770,.T.);
#5700=CARTESIAN_POINT('',(10.8543809256164,-18.1,4.49999999999998));
#5710=DIRECTION('',(1.,0.,0.));
#5720=DIRECTION('',(0.,-1.,0.));
#5730=AXIS2_PLACEMENT_3D('',#5700,#5710,#5720);
#5740=CYLINDRICAL_SURFACE('',#5730,0.500000000000015);
#5750=CARTESIAN_POINT('',(8.50823130856233,-18.1,5.));
#5760=CARTESIAN_POINT('',(8.39968989639427,-18.1510218475847,5.));
#5770=CARTESIAN_POINT('',(8.29058036315657,-18.2011108139512,
4.99232071010416));
#5780=CARTESIAN_POINT('',(8.1820070848742,-18.2497879456953,
4.97703623693037));
#5790=CARTESIAN_POINT('',(8.07337342700051,-18.2984921476851,
4.96174326378073));
#5800=CARTESIAN_POINT('',(7.96506132948381,-18.3458767416715,
4.93894886119238));
#5810=CARTESIAN_POINT('',(7.85863193232845,-18.39135405978,
4.90634075829246));
#5820=CARTESIAN_POINT('',(7.7525704466637,-18.4366741691818,
4.87384537702833));
#5830=CARTESIAN_POINT('',(7.64563356252068,-18.4812033833453,
4.83138243525046));
#5840=CARTESIAN_POINT('',(7.55033591776773,-18.5200547388194,
4.77120843717587));
#5850=CARTESIAN_POINT('',(7.49028326269281,-18.5445372646523,
4.73328925921275));
#5860=CARTESIAN_POINT('',(7.42913828645198,-18.5690531044513,
4.68486016725014));
#5870=CARTESIAN_POINT('',(7.38939889764803,-18.5848536160877,
4.6221350521659));
#5880=CARTESIAN_POINT('',(7.36644951184147,-18.5939783673332,
4.58591147376788));
#5890=CARTESIAN_POINT('',(7.35119037977779,-18.6000000000071,
4.54439177186593));
#5900=CARTESIAN_POINT('',(7.35119037979563,-18.6,4.49999999992057));
#5910=B_SPLINE_CURVE_WITH_KNOTS('',3,(#5750,#5760,#5770,#5780,#5790,
#5800,#5810,#5820,#5830,#5840,#5850,#5860,#5870,#5880,#5890,#5900),
.UNSPECIFIED.,.F.,.F.,(4,3,3,3,3,4),(0.,0.359952212357505,
0.720294760722841,1.08164878785847,1.31227398516143,1.44308227479063),
.UNSPECIFIED.);
#5920=SURFACE_CURVE('',#5910,(#5740,#4550),.CURVE_3D.);
#5930=EDGE_CURVE('',#1670,#3140,#5920,.T.);
#5940=ORIENTED_EDGE('',*,*,#5930,.F.);
#5950=ORIENTED_EDGE('',*,*,#3150,.F.);
#5960=CARTESIAN_POINT('',(-8.18789480661053E-16,1.55431223447522E-15,0.)
);
#5970=DIRECTION('',(0.,0.,1.));
#5980=DIRECTION('',(-1.,0.,0.));
#5990=AXIS2_PLACEMENT_3D('',#5960,#5970,#5980);
#6000=CIRCLE('',#5990,20.);
#6010=CARTESIAN_POINT('',(4.87804878048779,-19.3959954654352,0.));
#6020=VERTEX_POINT('',#6010);
#6030=EDGE_CURVE('',#6020,#3060,#6000,.T.);
#6040=ORIENTED_EDGE('',*,*,#6030,.T.);
#6050=CARTESIAN_POINT('',(4.87801199890374,-19.3960047158829,
9.99952819932316));
#6060=CARTESIAN_POINT('',(4.87801199890374,-19.3960047158829,
9.97919117438332));
#6070=CARTESIAN_POINT('',(4.87804878048779,-19.3959954654352,
9.95893218702541));
#6080=CARTESIAN_POINT('',(4.87804878048779,-19.3959954654352,
8.29234475752808));
#6090=CARTESIAN_POINT('',(4.87804878048779,-19.3959954654352,
6.64617237876404));
#6100=CARTESIAN_POINT('',(4.87804878048779,-19.3959954654352,
3.16666666666671));
#6110=CARTESIAN_POINT('',(4.87804878048779,-19.3959954654352,
1.33333333333343));
#6120=CARTESIAN_POINT('',(4.87804878048779,-19.3959954654352,
-0.49999999999986));
#6130=B_SPLINE_CURVE_WITH_KNOTS('',3,(#6050,#6060,#6070,#6080,#6090,
#6100,#6110,#6120),.UNSPECIFIED.,.F.,.F.,(4,2,2,4),(0.,
0.0612451521998797,4.99976228849199,10.4997622884919),.UNSPECIFIED.);
#6140=CARTESIAN_POINT('',(4.87801199890374,-19.3960047158829,
9.99952819932316));
#6150=VERTEX_POINT('',#6140);
#6160=EDGE_CURVE('',#6150,#6020,#6130,.T.);
#6170=ORIENTED_EDGE('',*,*,#6160,.T.);
#6180=CARTESIAN_POINT('',(4.87801199890374,-19.3960047158829,
9.99952819932316));
#6190=CARTESIAN_POINT('',(4.87800423034867,-19.3960066696412,
10.0267862724357));
#6200=CARTESIAN_POINT('',(4.8769025080163,-19.3962980486897,
10.0540004019315));
#6210=CARTESIAN_POINT('',(4.86615675685226,-19.3990117626707,
10.188129503003));
#6220=CARTESIAN_POINT('',(4.84091521985927,-19.4053424660136,
10.2934718156788));
#6230=CARTESIAN_POINT('',(4.75854983865294,-19.4257053036986,
10.4916520183969));
#6240=CARTESIAN_POINT('',(4.70173366236518,-19.4396178752973,
10.583253900673));
#6250=CARTESIAN_POINT('',(4.63265387611625,-19.4560663563862,
10.6631683951324));
#6260=CARTESIAN_POINT('',(4.52538130496187,-19.4816088624333,
10.7872659605516));
#6270=CARTESIAN_POINT('',(4.39131697359124,-19.5125603396666,
10.8808553544077));
#6280=CARTESIAN_POINT('',(4.18385807491406,-19.5575751095329,
10.9595242198756));
#6290=CARTESIAN_POINT('',(4.12534118350507,-19.5699975918227,
10.9755888759978));
#6300=CARTESIAN_POINT('',(4.01205641691229,-19.5935114899717,
10.9953890417307));
#6310=CARTESIAN_POINT('',(3.95737434284075,-19.6046502414483,
11.0000859297275));
#6320=CARTESIAN_POINT('',(3.90256668936691,-19.6155543698118,
11.0000569719052));
#6330=B_SPLINE_CURVE_WITH_KNOTS('',3,(#6180,#6190,#6200,#6210,#6220,
#6230,#6240,#6250,#6260,#6270,#6280,#6290,#6300,#6310,#6320),
.UNSPECIFIED.,.F.,.F.,(4,2,2,3,2,2,4),(0.,0.0614127467983647,
0.302872918053295,0.547488013699786,0.92696430437045,1.07103394453425,
1.20185666117461),.UNSPECIFIED.);
#6340=CARTESIAN_POINT('',(3.90256668936691,-19.6155543698118,
11.0000569719052));
#6350=VERTEX_POINT('',#6340);
#6360=EDGE_CURVE('',#6150,#6350,#6330,.T.);
#6370=ORIENTED_EDGE('',*,*,#6360,.F.);
#6380=CARTESIAN_POINT('',(-1.95125585945491,-19.9045874252882,
11.0000298068486));
#6390=CARTESIAN_POINT('',(-1.9280748992082,-19.9068598654822,
11.0000298068486));
#6400=CARTESIAN_POINT('',(-1.90488406024292,-19.9090920284229,
10.9999999999428));
#6410=CARTESIAN_POINT('',(-1.78193108638642,-19.9207116557953,
10.9999999999428));
#6420=CARTESIAN_POINT('',(-1.68208557384731,-19.9293909512225,
10.9999999999428));
#6430=CARTESIAN_POINT('',(-1.55754745399173,-19.9392740353756,
10.9999999999428));
#6440=CARTESIAN_POINT('',(-1.53291771317214,-19.9411826882385,
10.9999999999428));
#6450=CARTESIAN_POINT('',(-1.48365035283001,-19.9449087856126,
10.9999999999428));
#6460=CARTESIAN_POINT('',(-1.45901273330746,-19.9467262301238,
10.9999999999428));
#6470=CARTESIAN_POINT('',(-1.40968945712974,-19.9502727863674,
10.9999999999428));
#6480=CARTESIAN_POINT('',(-1.3850037879589,-19.9520017483461,
10.9999999999428));
#6490=CARTESIAN_POINT('',(-1.28635243350106,-19.9587272251881,
10.9999999999428));
#6500=CARTESIAN_POINT('',(-1.13836208853073,-19.9679900670678,
10.9999999999428));
#6510=CARTESIAN_POINT('',(-0.990252697255034,-19.9756077638096,
10.9999999999428));
#6520=CARTESIAN_POINT('',(-0.768009595910832,-19.9857992256396,
10.9999999999428));
#6530=CARTESIAN_POINT('',(-0.619742175773826,-19.9909467558163,
10.9999999999428));
#6540=CARTESIAN_POINT('',(-0.242795202720879,-19.9998339029106,
10.9999999999428));
#6550=CARTESIAN_POINT('',(-0.0140084704616637,-20.0013051910174,
10.9999999999428));
#6560=CARTESIAN_POINT('',(0.443734836966948,-19.9963871266492,
10.9999999999428));
#6570=CARTESIAN_POINT('',(0.672691412136343,-19.9899977741741,
10.9999999999428));
#6580=CARTESIAN_POINT('',(0.914010632955273,-19.9791075629655,
10.9999999999428));
#6590=CARTESIAN_POINT('',(0.926388535421271,-19.9785374493597,
10.9999999999428));
#6600=CARTESIAN_POINT('',(0.96352200054733,-19.9767810058317,
10.9999999999428));
#6610=CARTESIAN_POINT('',(0.988685465528914,-19.9755632075852,
10.9999999999428));
#6620=CARTESIAN_POINT('',(1.0368918456617,-19.9731168641467,
10.9999999999428));
#6630=CARTESIAN_POINT('',(1.06014008605027,-19.9718967797265,
10.9999999999428));
#6640=CARTESIAN_POINT('',(1.08848624031044,-19.9703590360901,
10.9999999999428));
#6650=CARTESIAN_POINT('',(1.09358630106157,-19.970080404639,
10.9999999999428));
#6660=CARTESIAN_POINT('',(1.11059301593222,-19.969144742674,
10.9999999999428));
#6670=CARTESIAN_POINT('',(1.12249940696538,-19.9684790050411,
10.9999999999428));
#6680=CARTESIAN_POINT('',(1.14631151604203,-19.9671262014657,
10.9999999999428));
#6690=CARTESIAN_POINT('',(1.15821723408552,-19.9664391355233,
10.9999999999428));
#6700=CARTESIAN_POINT('',(1.62701673097241,-19.9389644839414,
10.9999999999428));
#6710=CARTESIAN_POINT('',(2.08339421411314,-19.8964803929092,
10.9999999999428));
#6720=CARTESIAN_POINT('',(2.672550733565,-19.8210935831159,
10.9999999999428));
#6730=CARTESIAN_POINT('',(2.94023880591252,-19.7840774526188,
10.9999999999428));
#6740=CARTESIAN_POINT('',(3.20681172704169,-19.7416972688235,
10.9999999999428));
#6750=CARTESIAN_POINT('',(3.36335794369658,-19.7151838431422,
10.9999999999428));
#6760=CARTESIAN_POINT('',(3.38690625555605,-19.7111521603661,
10.9999999999428));
#6770=CARTESIAN_POINT('',(3.43394391647916,-19.7030121231988,
10.9999999999428));
#6780=CARTESIAN_POINT('',(3.45743329769032,-19.698903910949,
10.9999999999428));
#6790=CARTESIAN_POINT('',(3.50439300478322,-19.6906042506854,
10.9999999999428));
#6800=CARTESIAN_POINT('',(3.52786333066495,-19.6864128026715,
10.9999999999428));
#6810=CARTESIAN_POINT('',(3.64567786012936,-19.6651554690345,
10.9999999999428));
#6820=CARTESIAN_POINT('',(3.73987587965313,-19.6474586735854,
10.9999999999428));
#6830=CARTESIAN_POINT('',(3.85678335915891,-19.624624805756,
10.9999999999428));
#6840=CARTESIAN_POINT('',(3.87968921814639,-19.6201059035304,
11.0000569719052));
#6850=CARTESIAN_POINT('',(3.90256668936691,-19.6155543698118,
11.0000569719052));
#6860=(BOUNDED_CURVE() B_SPLINE_CURVE(3,(#6380,#6390,#6400,#6410,#6420,
#6430,#6440,#6450,#6460,#6470,#6480,#6490,#6500,#6510,#6520,#6530,#6540,
#6550,#6560,#6570,#6580,#6590,#6600,#6610,#6620,#6630,#6640,#6650,#6660,
#6670,#6680,#6690,#6700,#6710,#6720,#6730,#6740,#6750,#6760,#6770,#6780,
#6790,#6800,#6810,#6820,#6830,#6840,#6850),.UNSPECIFIED.,.F.,.F.) 
B_SPLINE_CURVE_WITH_KNOTS((4,2,2,2,2,2,1,2,2,2,2,2,2,2,2,2,2,2,1,2,2,2,2
,2,4),(0.,0.0706298115208189,0.374593407817856,0.449512089381428,
0.524430770944999,0.599472318880764,0.82427443846105,1.04907655804134,
1.49868079720191,2.1915250186997,2.88436924019749,2.92182858097928,
2.9973675692234,3.0680182149701,3.08351877987689,3.11970715673822,
3.15589553359955,4.54470249752531,4.95398282537894,5.36326315323257,
5.43576327586354,5.5081400295862,5.5805167833089,5.87160045098895,
5.94240055192222),.UNSPECIFIED.) CURVE() GEOMETRIC_REPRESENTATION_ITEM()
 RATIONAL_B_SPLINE_CURVE((1.,1.,1.,1.,1.,1.,1.,1.,1.,1.,1.,1.,1.,1.,1.,
1.,1.,1.,1.,1.,1.,1.,1.,1.,1.,1.,1.,1.,1.,1.,1.,1.,1.,1.,1.,1.,1.,1.,1.,
1.,1.,1.,1.,1.,1.,1.,1.,1.)) REPRESENTATION_ITEM(''));
#6870=CARTESIAN_POINT('',(-1.95125585945491,-19.9045874252882,
11.0000298068486));
#6880=VERTEX_POINT('',#6870);
#6890=EDGE_CURVE('',#6880,#6350,#6860,.T.);
#6900=ORIENTED_EDGE('',*,*,#6890,.T.);
#6910=CARTESIAN_POINT('',(-1.95125585945491,-19.9045874252882,
11.0000298068486));
#6920=CARTESIAN_POINT('',(-1.98209594048573,-19.9015641579614,
11.0000348369244));
#6930=CARTESIAN_POINT('',(-2.01291656247594,-19.8984493710401,
10.9985450114672));
#6940=CARTESIAN_POINT('',(-2.1186201350552,-19.887594192104,
10.9882349742533));
#6950=CARTESIAN_POINT('',(-2.19278156185443,-19.8795610524374,
10.9719837764755));
#6960=CARTESIAN_POINT('',(-2.41825830523978,-19.8538639806441,
10.8935660382671));
#6970=CARTESIAN_POINT('',(-2.55563594027821,-19.8363568334341,
10.8022596047912));
#6980=CARTESIAN_POINT('',(-2.6656745260949,-19.8215584483392,
10.6809645429167));
#6990=CARTESIAN_POINT('',(-2.74059674848469,-19.8114826381963,
10.598378098052));
#7000=CARTESIAN_POINT('',(-2.801488066443,-19.8028696664282,
10.5032140247706));
#7010=CARTESIAN_POINT('',(-2.88785849398569,-19.7904547572803,
10.3001131556681));
#7020=CARTESIAN_POINT('',(-2.91396793276198,-19.7866106533824,
10.194226787968));
#7030=CARTESIAN_POINT('',(-2.9255794073156,-19.7848819219417,
10.0577180245974));
#7040=CARTESIAN_POINT('',(-2.92681487111768,-19.784684852436,
10.0287776651853));
#7050=CARTESIAN_POINT('',(-2.92681697846974,-19.7846845406881,
9.9998034470488));
#7060=B_SPLINE_CURVE_WITH_KNOTS('',3,(#6910,#6920,#6930,#6940,#6950,
#6960,#6970,#6980,#6990,#7000,#7010,#7020,#7030,#7040,#7050),
.UNSPECIFIED.,.F.,.F.,(4,2,2,3,2,2,4),(0.,0.0713285509676736,
0.245796516434232,0.618358964409631,0.872088634799733,1.11561514155952,
1.18098278300753),.UNSPECIFIED.);
#7070=CARTESIAN_POINT('',(-2.92681697846974,-19.7846845406881,
9.9998034470488));
#7080=VERTEX_POINT('',#7070);
#7090=EDGE_CURVE('',#6880,#7080,#7060,.T.);
#7100=ORIENTED_EDGE('',*,*,#7090,.F.);
#7110=CARTESIAN_POINT('',(-2.92681697846974,-19.7846845406881,
9.9998034470488));
#7120=CARTESIAN_POINT('',(-2.92681697846974,-19.7846845406881,
9.97809182151682));
#7130=CARTESIAN_POINT('',(-2.92682926829268,-19.784682722608,
9.95641285710204));
#7140=CARTESIAN_POINT('',(-2.92682926829268,-19.784682722608,
9.74375202190895));
#7150=CARTESIAN_POINT('',(-2.92682926829268,-19.784682722608,
9.55283547218025));
#7160=CARTESIAN_POINT('',(-2.92682926829268,-19.7846827226081,
9.31938675541291));
#7170=CARTESIAN_POINT('',(-2.92682926829268,-19.7846827226081,
9.2768545883743));
#7180=CARTESIAN_POINT('',(-2.92682926829268,-19.784682722608,
9.19179025429706));
#7190=CARTESIAN_POINT('',(-2.92682926829268,-19.784682722608,
9.14925808725844));
#7200=CARTESIAN_POINT('',(-2.92682926829268,-19.7846827226081,
9.06419375318121));
#7210=CARTESIAN_POINT('',(-2.92682926829268,-19.7846827226081,
9.02166158614259));
#7220=CARTESIAN_POINT('',(-2.92682926829268,-19.784682722608,
8.8515370251535));
#7230=CARTESIAN_POINT('',(-2.92682926829268,-19.784682722608,
8.59635223725257));
#7240=CARTESIAN_POINT('',(-2.92682926829268,-19.784682722608,
8.34116744935164));
#7250=CARTESIAN_POINT('',(-2.92682926829268,-19.784682722608,
7.95839026750024));
#7260=CARTESIAN_POINT('',(-2.92682926829268,-19.784682722608,
7.70320547959931));
#7270=CARTESIAN_POINT('',(-2.92682926829268,-19.784682722608,
7.05458993226039));
#7280=CARTESIAN_POINT('',(-2.92682926829268,-19.784682722608,
6.66115917282241));
#7290=CARTESIAN_POINT('',(-2.92682926829268,-19.784682722608,
5.87429765394644));
#7300=CARTESIAN_POINT('',(-2.92682926829268,-19.7846827226081,
5.48086689450846));
#7310=CARTESIAN_POINT('',(-2.92682926829268,-19.7846827226081,
5.06617005155117));
#7320=CARTESIAN_POINT('',(-2.92682926829268,-19.784682722608,
5.04490396803186));
#7330=CARTESIAN_POINT('',(-2.92682926829268,-19.784682722608,
5.00237180099324));
#7340=CARTESIAN_POINT('',(-2.92682926829268,-19.784682722608,
4.98110571747393));
#7350=CARTESIAN_POINT('',(-2.92682926829268,-19.784682722608,
4.93857355043531));
#7360=CARTESIAN_POINT('',(-2.92682926829268,-19.784682722608,
4.91730746691601));
#7370=CARTESIAN_POINT('',(-2.92682926829268,-19.784682722608,
4.87426399276909));
#7380=CARTESIAN_POINT('',(-2.92682926829268,-19.784682722608,
4.85248660214148));
#7390=CARTESIAN_POINT('',(-2.92682926829268,-19.784682722608,
4.81531057740286));
#7400=CARTESIAN_POINT('',(-2.92682926829268,-19.784682722608,
4.80054698124081));
#7410=CARTESIAN_POINT('',(-2.92682926829268,-19.784682722608,
4.7652740270068));
#7420=CARTESIAN_POINT('',(-2.92682926829268,-19.784682722608,
4.74508218790931));
#7430=CARTESIAN_POINT('',(-2.92682926829268,-19.784682722608,
4.70469850971434));
#7440=CARTESIAN_POINT('',(-2.92682926829268,-19.784682722608,
4.68450667061685));
#7450=CARTESIAN_POINT('',(-2.92682926829268,-19.784682722608,
4.29493247488253));
#7460=CARTESIAN_POINT('',(-2.92682926829268,-19.784682722608,
3.92555011824569));
#7470=CARTESIAN_POINT('',(-2.92682926829268,-19.7846827226081,
3.18678540497202));
#7480=CARTESIAN_POINT('',(-2.92682926829268,-19.7846827226081,
2.81740304833518));
#7490=CARTESIAN_POINT('',(-2.92682926829268,-19.7846827226081,
2.20155195586185));
#7500=CARTESIAN_POINT('',(-2.92682926829268,-19.7846827226081,
1.95508322002535));
#7510=CARTESIAN_POINT('',(-2.92682926829268,-19.7846827226081,
1.5853801162706));
#7520=CARTESIAN_POINT('',(-2.92682926829268,-19.7846827226081,
1.3389113804341));
#7530=CARTESIAN_POINT('',(-2.92682926829268,-19.7846827226081,
1.0924426445976));
#7540=CARTESIAN_POINT('',(-2.92682926829267,-19.784682722608,
0.928824598484375));
#7550=CARTESIAN_POINT('',(-2.92682926829268,-19.784682722608,
0.888440920289401));
#7560=CARTESIAN_POINT('',(-2.92682926829267,-19.784682722608,
0.807673563899454));
#7570=CARTESIAN_POINT('',(-2.92682926829267,-19.784682722608,
0.767289885704481));
#7580=CARTESIAN_POINT('',(-2.92682926829268,-19.7846827226081,
0.686522529314536));
#7590=CARTESIAN_POINT('',(-2.92682926829267,-19.784682722608,
0.646138851119563));
#7600=CARTESIAN_POINT('',(-2.92682926829268,-19.784682722608,
0.237170115249728));
#7610=CARTESIAN_POINT('',(-2.92682926829268,-19.784682722608,
-0.131414942425135));
#7620=CARTESIAN_POINT('',(-2.92682926829268,-19.784682722608,
-0.500000000099996));
#7630=(BOUNDED_CURVE() B_SPLINE_CURVE(3,(#7110,#7120,#7130,#7140,#7150,
#7160,#7170,#7180,#7190,#7200,#7210,#7220,#7230,#7240,#7250,#7260,#7270,
#7280,#7290,#7300,#7310,#7320,#7330,#7340,#7350,#7360,#7370,#7380,#7390,
#7400,#7410,#7420,#7430,#7440,#7450,#7460,#7470,#7480,#7490,#7500,#7510,
#7520,#7530,#7540,#7550,#7560,#7570,#7580,#7590,#7600,#7610,#7620),
.UNSPECIFIED.,.F.,.F.) B_SPLINE_CURVE_WITH_KNOTS((4,2,2,2,2,2,1,2,2,2,2,
2,2,2,2,2,2,2,2,2,2,1,2,2,2,2,4),(0.,0.0652329674346143,0.63798359157379
,0.765580309888548,0.893177028203306,1.02077374651807,1.40355157994521,
1.78632941337235,2.55188508022663,3.73217936767241,4.91247365511818,
4.97627201427556,5.04007037343294,5.10386873259032,5.16920104537081,
5.2144444883538,5.27502013628556,5.33559578421732,6.44374524399693,
7.55189470377654,8.29130250591557,8.66100640698509,9.03071030805461,
9.15186160391813,9.27301289978165,9.39416419564516,10.4999217533804),
.UNSPECIFIED.) CURVE() GEOMETRIC_REPRESENTATION_ITEM() 
RATIONAL_B_SPLINE_CURVE((1.,1.,1.,1.,1.,1.,1.,1.,1.,1.,1.,1.,1.,1.,1.,1.
,1.,1.,1.,1.,1.,1.,1.,1.,1.,1.,1.,1.,1.,1.,1.,1.,1.,1.,1.,1.,1.,1.,1.,1.
,1.,1.,1.,1.,1.,1.,1.,1.,1.,1.,1.,1.)) REPRESENTATION_ITEM(''));
#7640=CARTESIAN_POINT('',(-2.92682926829268,-19.7846827226081,
-2.42861286636753E-16));
#7650=VERTEX_POINT('',#7640);
#7660=EDGE_CURVE('',#7080,#7650,#7630,.T.);
#7670=ORIENTED_EDGE('',*,*,#7660,.F.);
#7680=CARTESIAN_POINT('',(-8.18789480661053E-16,1.55431223447522E-15,0.)
);
#7690=DIRECTION('',(0.,0.,1.));
#7700=DIRECTION('',(-1.,0.,0.));
#7710=AXIS2_PLACEMENT_3D('',#7680,#7690,#7700);
#7720=CIRCLE('',#7710,20.);
#7730=CARTESIAN_POINT('',(-7.35119037979563,-18.6,0.));
#7740=VERTEX_POINT('',#7730);
#7750=EDGE_CURVE('',#7740,#7650,#7720,.T.);
#7760=ORIENTED_EDGE('',*,*,#7750,.T.);
#7770=CARTESIAN_POINT('',(-7.35119037979563,-18.6,16.));
#7780=DIRECTION('',(0.,0.,-1.));
#7790=VECTOR('',#7780,1.);
#7800=LINE('',#7770,#7790);
#7810=CARTESIAN_POINT('',(-7.35119037979563,-18.6,4.5));
#7820=VERTEX_POINT('',#7810);
#7830=EDGE_CURVE('',#7820,#7740,#7800,.T.);
#7840=ORIENTED_EDGE('',*,*,#7830,.T.);
#7850=CARTESIAN_POINT('',(-10.8543809256164,-18.1,4.5));
#7860=DIRECTION('',(-1.,0.,0.));
#7870=DIRECTION('',(0.,1.,0.));
#7880=AXIS2_PLACEMENT_3D('',#7850,#7860,#7870);
#7890=CYLINDRICAL_SURFACE('',#7880,0.5);
#7900=CARTESIAN_POINT('',(-7.35119037979563,-18.6,4.5));
#7910=CARTESIAN_POINT('',(-7.35119037979563,-18.6,4.54447230767106));
#7920=CARTESIAN_POINT('',(-7.36645316155413,-18.5939770049379,
4.58594773895281));
#7930=CARTESIAN_POINT('',(-7.38946087857882,-18.5848289721465,
4.622232842427));
#7940=CARTESIAN_POINT('',(-7.4292100644111,-18.5690244116578,
4.68492064927854));
#7950=CARTESIAN_POINT('',(-7.49049761112341,-18.5444499752107,
4.73342766546649));
#7960=CARTESIAN_POINT('',(-7.55036166916605,-18.5200442403571,
4.7712246967791));
#7970=CARTESIAN_POINT('',(-7.64606419569097,-18.4810276657454,
4.83164945764614));
#7980=CARTESIAN_POINT('',(-7.75302234546691,-18.4364791245382,
4.87396460951667));
#7990=CARTESIAN_POINT('',(-7.85834466189733,-18.3914768078811,
4.90625271748928));
#8000=CARTESIAN_POINT('',(-7.96473774516837,-18.3460169719626,
4.93886908481409));
#8010=CARTESIAN_POINT('',(-8.0732294809007,-18.2985552404795,
4.9617133008945));
#8020=CARTESIAN_POINT('',(-8.18180529324165,-18.2498784144781,
4.97700782058188));
#8030=CARTESIAN_POINT('',(-8.29045659464028,-18.2011677451404,
4.99231297402694));
#8040=CARTESIAN_POINT('',(-8.39962120268393,-18.1510541383017,5.));
#8050=CARTESIAN_POINT('',(-8.5082313085623,-18.1,5.));
#8060=B_SPLINE_CURVE_WITH_KNOTS('',3,(#7900,#7910,#7920,#7930,#7940,
#7950,#7960,#7970,#7980,#7990,#8000,#8010,#8020,#8030,#8040,#8050),
.UNSPECIFIED.,.F.,.F.,(4,3,3,3,3,4),(0.,0.13092654629037,
0.361465386475222,0.722462489519555,1.08290665204454,1.4430818323761),
.UNSPECIFIED.);
#8070=SURFACE_CURVE('',#8060,(#7890,#4550),.CURVE_3D.);
#8080=CARTESIAN_POINT('',(-8.5082313085623,-18.1,5.));
#8090=VERTEX_POINT('',#8080);
#8100=EDGE_CURVE('',#7820,#8090,#8070,.T.);
#8110=ORIENTED_EDGE('',*,*,#8100,.F.);
#8120=CARTESIAN_POINT('',(-8.18789480661053E-16,1.55431223447522E-15,5.)
);
#8130=DIRECTION('',(0.,0.,1.));
#8140=DIRECTION('',(-1.,0.,0.));
#8150=AXIS2_PLACEMENT_3D('',#8120,#8130,#8140);
#8160=CIRCLE('',#8150,20.);
#8170=EDGE_CURVE('',#4800,#8090,#8160,.T.);
#8180=ORIENTED_EDGE('',*,*,#8170,.T.);
#8190=EDGE_LOOP('',(#8180,#8110,#7840,#7760,#7670,#7100,#6900,#6370,
#6170,#6040,#5950,#5940,#5690,#5680,#5430,#5350,#5260,#5180,#5090,#5010,
#4920,#4840));
#8200=FACE_OUTER_BOUND('',#8190,.T.);
#8210=ADVANCED_FACE('',(#8200),#4550,.T.);
#8220=COLOUR_RGB('',0.,0.,1.);
#8230=FILL_AREA_STYLE_COLOUR('',#8220);
#8240=FILL_AREA_STYLE('',(#8230));
#8250=SURFACE_STYLE_FILL_AREA(#8240);
#8260=SURFACE_SIDE_STYLE('',(#8250));
#8270=SURFACE_STYLE_USAGE(.BOTH.,#8260);
#8280=PRESENTATION_STYLE_ASSIGNMENT((#8270));
#8290=CARTESIAN_POINT('',(7.73686670285656E-16,6.66133814775094E-16,15.5
));
#8300=DIRECTION('',(0.,0.,1.));
#8310=DIRECTION('',(1.,0.,0.));
#8320=AXIS2_PLACEMENT_3D('',#8290,#8300,#8310);
#8330=TOROIDAL_SURFACE('',#8320,12.,1.);
#8340=CARTESIAN_POINT('',(12.,6.66133814775094E-16,15.5));
#8350=DIRECTION('',(0.,1.,0.));
#8360=DIRECTION('',(1.,0.,0.));
#8370=AXIS2_PLACEMENT_3D('',#8340,#8350,#8360);
#8380=CIRCLE('',#8370,1.);
#8390=CARTESIAN_POINT('',(11.,6.66133814775094E-16,15.5));
#8400=VERTEX_POINT('',#8390);
#8410=CARTESIAN_POINT('',(12.,6.66133814775094E-16,16.5));
#8420=VERTEX_POINT('',#8410);
#8430=EDGE_CURVE('',#8400,#8420,#8380,.T.);
#8440=ORIENTED_EDGE('',*,*,#8430,.F.);
#8450=CARTESIAN_POINT('',(7.73686670285656E-16,6.66133814775094E-16,16.5
));
#8460=DIRECTION('',(0.,0.,1.));
#8470=DIRECTION('',(1.,0.,0.));
#8480=AXIS2_PLACEMENT_3D('',#8450,#8460,#8470);
#8490=CIRCLE('',#8480,12.);
#8500=CARTESIAN_POINT('',(-12.,6.66133814775094E-16,16.5));
#8510=VERTEX_POINT('',#8500);
#8520=EDGE_CURVE('',#8510,#8420,#8490,.T.);
#8530=ORIENTED_EDGE('',*,*,#8520,.T.);
#8540=CARTESIAN_POINT('',(-12.,6.66133814775094E-16,15.5));
#8550=DIRECTION('',(0.,-1.,0.));
#8560=DIRECTION('',(-1.,0.,0.));
#8570=AXIS2_PLACEMENT_3D('',#8540,#8550,#8560);
#8580=CIRCLE('',#8570,1.);
#8590=CARTESIAN_POINT('',(-11.,6.66133814775094E-16,15.5));
#8600=VERTEX_POINT('',#8590);
#8610=EDGE_CURVE('',#8600,#8510,#8580,.T.);
#8620=ORIENTED_EDGE('',*,*,#8610,.T.);
#8630=CARTESIAN_POINT('',(7.73686670285656E-16,6.66133814775094E-16,15.5
));
#8640=DIRECTION('',(0.,0.,1.));
#8650=DIRECTION('',(1.,0.,0.));
#8660=AXIS2_PLACEMENT_3D('',#8630,#8640,#8650);
#8670=CIRCLE('',#8660,11.);
#8680=EDGE_CURVE('',#8600,#8400,#8670,.T.);
#8690=ORIENTED_EDGE('',*,*,#8680,.F.);
#8700=EDGE_LOOP('',(#8690,#8620,#8530,#8440));
#8710=FACE_OUTER_BOUND('',#8700,.T.);
#8720=ADVANCED_FACE('',(#8710),#8330,.T.);
#8730=COLOUR_RGB('',0.,0.,1.);
#8740=FILL_AREA_STYLE_COLOUR('',#8730);
#8750=FILL_AREA_STYLE('',(#8740));
#8760=SURFACE_STYLE_FILL_AREA(#8750);
#8770=SURFACE_SIDE_STYLE('',(#8760));
#8780=SURFACE_STYLE_USAGE(.BOTH.,#8770);
#8790=PRESENTATION_STYLE_ASSIGNMENT((#8780));
#8800=CARTESIAN_POINT('',(-8.18789480661053E-16,-1.55431223447522E-15,
15.5));
#8810=DIRECTION('',(0.,0.,1.));
#8820=DIRECTION('',(1.,0.,0.));
#8830=AXIS2_PLACEMENT_3D('',#8800,#8810,#8820);
#8840=TOROIDAL_SURFACE('',#8830,19.,1.);
#8850=CARTESIAN_POINT('',(19.,-1.55431223447522E-15,15.5));
#8860=DIRECTION('',(0.,1.,0.));
#8870=DIRECTION('',(1.,0.,0.));
#8880=AXIS2_PLACEMENT_3D('',#8850,#8860,#8870);
#8890=CIRCLE('',#8880,1.);
#8900=CARTESIAN_POINT('',(19.,-1.55431223447522E-15,16.5));
#8910=VERTEX_POINT('',#8900);
#8920=EDGE_CURVE('',#8910,#5160,#8890,.T.);
#8930=ORIENTED_EDGE('',*,*,#8920,.T.);
#8940=CARTESIAN_POINT('',(-8.18789480661053E-16,-1.55431223447522E-15,
16.5));
#8950=DIRECTION('',(0.,0.,1.));
#8960=DIRECTION('',(1.,0.,0.));
#8970=AXIS2_PLACEMENT_3D('',#8940,#8950,#8960);
#8980=CIRCLE('',#8970,19.);
#8990=CARTESIAN_POINT('',(-19.,-1.55431223447522E-15,16.5));
#9000=VERTEX_POINT('',#8990);
#9010=EDGE_CURVE('',#8910,#9000,#8980,.T.);
#9020=ORIENTED_EDGE('',*,*,#9010,.F.);
#9030=CARTESIAN_POINT('',(-19.,-1.55431223447522E-15,15.5));
#9040=DIRECTION('',(0.,-1.,0.));
#9050=DIRECTION('',(-1.,0.,0.));
#9060=AXIS2_PLACEMENT_3D('',#9030,#9040,#9050);
#9070=CIRCLE('',#9060,1.);
#9080=EDGE_CURVE('',#9000,#5070,#9070,.T.);
#9090=ORIENTED_EDGE('',*,*,#9080,.F.);
#9100=EDGE_CURVE('',#5160,#5070,#5140,.T.);
#9110=ORIENTED_EDGE('',*,*,#9100,.T.);
#9120=EDGE_LOOP('',(#9110,#9090,#9020,#8930));
#9130=FACE_OUTER_BOUND('',#9120,.T.);
#9140=ADVANCED_FACE('',(#9130),#8840,.T.);
#9150=COLOUR_RGB('',0.,0.,1.);
#9160=FILL_AREA_STYLE_COLOUR('',#9150);
#9170=FILL_AREA_STYLE('',(#9160));
#9180=SURFACE_STYLE_FILL_AREA(#9170);
#9190=SURFACE_SIDE_STYLE('',(#9180));
#9200=SURFACE_STYLE_USAGE(.BOTH.,#9190);
#9210=PRESENTATION_STYLE_ASSIGNMENT((#9200));
#9220=CARTESIAN_POINT('',(-2.,-25.5,10.));
#9230=DIRECTION('',(-2.8421709430404E-14,-1.,0.));
#9240=DIRECTION('',(-1.,2.8421709430404E-14,0.));
#9250=AXIS2_PLACEMENT_3D('',#9220,#9230,#9240);
#9260=SPHERICAL_SURFACE('',#9250,0.5);
#9270=CARTESIAN_POINT('',(-2.,-25.5,10.));
#9280=DIRECTION('',(0.,0.,-1.));
#9290=DIRECTION('',(1.,-0.,0.));
#9300=AXIS2_PLACEMENT_3D('',#9270,#9280,#9290);
#9310=CIRCLE('',#9300,0.5);
#9320=CARTESIAN_POINT('',(-2.00000000000002,-26.,10.));
#9330=VERTEX_POINT('',#9320);
#9340=CARTESIAN_POINT('',(-2.5,-25.5,10.));
#9350=VERTEX_POINT('',#9340);
#9360=EDGE_CURVE('',#9330,#9350,#9310,.T.);
#9370=ORIENTED_EDGE('',*,*,#9360,.F.);
#9380=CARTESIAN_POINT('',(-2.,-25.5,10.));
#9390=DIRECTION('',(-2.8421709430404E-14,-1.,0.));
#9400=DIRECTION('',(-1.,2.8421709430404E-14,0.));
#9410=AXIS2_PLACEMENT_3D('',#9380,#9390,#9400);
#9420=CIRCLE('',#9410,0.5);
#9430=CARTESIAN_POINT('',(-2.,-25.5,10.5));
#9440=VERTEX_POINT('',#9430);
#9450=EDGE_CURVE('',#9440,#9350,#9420,.T.);
#9460=ORIENTED_EDGE('',*,*,#9450,.T.);
#9470=CARTESIAN_POINT('',(-2.,-25.5,10.));
#9480=DIRECTION('',(1.,0.,0.));
#9490=DIRECTION('',(0.,-1.,0.));
#9500=AXIS2_PLACEMENT_3D('',#9470,#9480,#9490);
#9510=CIRCLE('',#9500,0.5);
#9520=EDGE_CURVE('',#9440,#9330,#9510,.T.);
#9530=ORIENTED_EDGE('',*,*,#9520,.F.);
#9540=EDGE_LOOP('',(#9530,#9460,#9370));
#9550=FACE_OUTER_BOUND('',#9540,.T.);
#9560=ADVANCED_FACE('',(#9550),#9260,.T.);
#9570=COLOUR_RGB('',0.,0.,1.);
#9580=FILL_AREA_STYLE_COLOUR('',#9570);
#9590=FILL_AREA_STYLE('',(#9580));
#9600=SURFACE_STYLE_FILL_AREA(#9590);
#9610=SURFACE_SIDE_STYLE('',(#9600));
#9620=SURFACE_STYLE_USAGE(.BOTH.,#9610);
#9630=PRESENTATION_STYLE_ASSIGNMENT((#9620));
#9640=CARTESIAN_POINT('',(4.5,-20.105969263,0.));
#9650=DIRECTION('',(-1.,0.,0.));
#9660=DIRECTION('',(0.,1.,0.));
#9670=AXIS2_PLACEMENT_3D('',#9640,#9650,#9660);
#9680=PLANE('',#9670);
#9690=CARTESIAN_POINT('',(4.5,0.,10.));
#9700=DIRECTION('',(0.,1.,0.));
#9710=VECTOR('',#9700,1.);
#9720=LINE('',#9690,#9710);
#9730=CARTESIAN_POINT('',(4.50000000000001,-25.5,10.));
#9740=VERTEX_POINT('',#9730);
#9750=CARTESIAN_POINT('',(4.5,-19.8808974453196,10.));
#9760=VERTEX_POINT('',#9750);
#9770=EDGE_CURVE('',#9740,#9760,#9720,.T.);
#9780=ORIENTED_EDGE('',*,*,#9770,.F.);
#9790=CARTESIAN_POINT('',(4.5,-19.8808974453196,10.));
#9800=CARTESIAN_POINT('',(4.5,-19.8808974453196,9.9795057120855));
#9810=CARTESIAN_POINT('',(4.5,-19.880895352071,9.95893218702541));
#9820=CARTESIAN_POINT('',(4.5,-19.880895352071,8.29234475752808));
#9830=CARTESIAN_POINT('',(4.5,-19.880895352071,6.64617237876404));
#9840=CARTESIAN_POINT('',(4.5,-19.880895352071,3.16666666666671));
#9850=CARTESIAN_POINT('',(4.5,-19.880895352071,1.33333333333343));
#9860=CARTESIAN_POINT('',(4.5,-19.880895352071,-0.49999999999986));
#9870=B_SPLINE_CURVE_WITH_KNOTS('',3,(#9790,#9800,#9810,#9820,#9830,
#9840,#9850,#9860),.UNSPECIFIED.,.F.,.F.,(4,2,2,4),(0.,
0.0612451521998797,4.99976228849199,10.4997622884919),.UNSPECIFIED.);
#9880=CARTESIAN_POINT('',(4.5,-19.880895352071,0.));
#9890=VERTEX_POINT('',#9880);
#9900=EDGE_CURVE('',#9760,#9890,#9870,.T.);
#9910=ORIENTED_EDGE('',*,*,#9900,.F.);
#9920=CARTESIAN_POINT('',(4.5,0.,0.));
#9930=DIRECTION('',(0.,1.,0.));
#9940=VECTOR('',#9930,1.);
#9950=LINE('',#9920,#9940);
#9960=CARTESIAN_POINT('',(4.5,-25.5,0.));
#9970=VERTEX_POINT('',#9960);
#9980=EDGE_CURVE('',#9970,#9890,#9950,.T.);
#9990=ORIENTED_EDGE('',*,*,#9980,.T.);
#10000=CARTESIAN_POINT('',(4.5,-25.5,0.));
#10010=DIRECTION('',(0.,0.,-1.));
#10020=VECTOR('',#10010,1.);
#10030=LINE('',#10000,#10020);
#10040=EDGE_CURVE('',#9740,#9970,#10030,.T.);
#10050=ORIENTED_EDGE('',*,*,#10040,.T.);
#10060=EDGE_LOOP('',(#10050,#9990,#9910,#9780));
#10070=FACE_OUTER_BOUND('',#10060,.T.);
#10080=ADVANCED_FACE('',(#10070),#9680,.F.);
#10090=COLOUR_RGB('',0.,0.,1.);
#10100=FILL_AREA_STYLE_COLOUR('',#10090);
#10110=FILL_AREA_STYLE('',(#10100));
#10120=SURFACE_STYLE_FILL_AREA(#10110);
#10130=SURFACE_SIDE_STYLE('',(#10120));
#10140=SURFACE_STYLE_USAGE(.BOTH.,#10130);
#10150=PRESENTATION_STYLE_ASSIGNMENT((#10140));
#10160=CARTESIAN_POINT('',(-2.,-20.402195232054,10.5));
#10170=CARTESIAN_POINT('',(-1.97625159807291,-20.4045232629573,10.5));
#10180=CARTESIAN_POINT('',(-1.9525061617466,-20.4068193290872,10.5));
#10190=CARTESIAN_POINT('',(-1.82647936354388,-20.4187294471432,10.5));
#10200=CARTESIAN_POINT('',(-1.72413771319145,-20.4276257249554,10.5));
#10210=CARTESIAN_POINT('',(-1.59648614033968,-20.4377558862117,10.5));
#10220=CARTESIAN_POINT('',(-1.57124065599965,-20.439712255396,10.5));
#10230=CARTESIAN_POINT('',(-1.52074161164904,-20.4435315052041,10.5));
#10240=CARTESIAN_POINT('',(-1.49548805163847,-20.445394385828,10.5));
#10250=CARTESIAN_POINT('',(-1.44493169355639,-20.4490296059774,10.5));
#10260=CARTESIAN_POINT('',(-1.41962888265631,-20.4508017920055,10.5));
#10270=CARTESIAN_POINT('',(-1.31851124433719,-20.457695405768,10.5));
#10280=CARTESIAN_POINT('',(-1.16682114074285,-20.4671898186939,10.5));
#10290=CARTESIAN_POINT('',(-1.01500901468551,-20.4749979578534,10.5));
#10300=CARTESIAN_POINT('',(-0.787209835808084,-20.4854442062282,10.5));
#10310=CARTESIAN_POINT('',(-0.635235730167912,-20.4907204246585,10.5));
#10320=CARTESIAN_POINT('',(-0.248865082789316,-20.4998297504286,10.5));
#10330=CARTESIAN_POINT('',(-0.0143586822240451,-20.5013378207374,10.5));
#10340=CARTESIAN_POINT('',(0.454828207889393,-20.4962968047587,10.5));
#10350=CARTESIAN_POINT('',(0.689508697437559,-20.4897477184714,10.5));
#10360=CARTESIAN_POINT('',(0.936860898776448,-20.4785852519825,10.5));
#10370=CARTESIAN_POINT('',(0.949548248804069,-20.4780008855365,10.5));
#10380=CARTESIAN_POINT('',(0.9876100505582,-20.4762005309204,10.5));
#10390=CARTESIAN_POINT('',(1.0134026024479,-20.4749522933753,10.5));
#10400=CARTESIAN_POINT('',(1.06281414226123,-20.4724447946968,10.5));
#10410=CARTESIAN_POINT('',(1.08664358819741,-20.4711941991658,10.5));
#10420=CARTESIAN_POINT('',(1.11569839631403,-20.4696180119384,10.5));
#10430=CARTESIAN_POINT('',(1.12092595858393,-20.469332414701,10.5));
#10440=CARTESIAN_POINT('',(1.13835784132631,-20.4683733611868,10.5));
#10450=CARTESIAN_POINT('',(1.15056189213528,-20.467690980113,10.5));
#10460=CARTESIAN_POINT('',(1.17496930393879,-20.4663043564482,10.5));
#10470=CARTESIAN_POINT('',(1.18717266493334,-20.4656001138572,10.5));
#10480=CARTESIAN_POINT('',(1.66769214924141,-20.437438595984,10.5));
#10490=CARTESIAN_POINT('',(2.13547906945969,-20.393892402675,10.5));
#10500=CARTESIAN_POINT('',(2.73936450189656,-20.3166209226371,10.5));
#10510=CARTESIAN_POINT('',(3.01374477605222,-20.2786793888777,10.5));
#10520=CARTESIAN_POINT('',(3.28698202020912,-20.2352397004879,10.5));
#10530=CARTESIAN_POINT('',(3.44744189228011,-20.2080634391648,10.5));
#10540=CARTESIAN_POINT('',(3.47157891193602,-20.2039309643193,10.5));
#10550=CARTESIAN_POINT('',(3.51979251438213,-20.1955874262229,10.5));
#10560=CARTESIAN_POINT('',(3.54386913012353,-20.1913765086669,10.5));
#10570=CARTESIAN_POINT('',(3.59200282989366,-20.1828693568967,10.5));
#10580=CARTESIAN_POINT('',(3.6160599139224,-20.1785731226826,10.5));
#10590=CARTESIAN_POINT('',(3.73681980662322,-20.1567843557048,10.5));
#10600=CARTESIAN_POINT('',(3.83337277663493,-20.1386451403697,10.5));
#10610=CARTESIAN_POINT('',(3.95320294312818,-20.1152404258448,10.5));
#10620=CARTESIAN_POINT('',(3.97659372198836,-20.110618561906,10.5));
#10630=CARTESIAN_POINT('',(4.00000000000001,-20.1059620226082,10.5));
#10640=CARTESIAN_POINT('',(-1.97162880547201,-20.1106735509309,10.5));
#10650=CARTESIAN_POINT('',(-1.94823240926632,-20.1129674171482,
10.4999999999999));
#10660=CARTESIAN_POINT('',(-1.92472943435434,-20.1152460204597,
10.4999999999968));
#10670=CARTESIAN_POINT('',(-1.80053171246295,-20.1269833389402,
10.499999999997));
#10680=CARTESIAN_POINT('',(-1.69967441916869,-20.1357511462003,
10.4999999999971));
#10690=CARTESIAN_POINT('',(-1.57387238894515,-20.1457356381425,
10.4999999999974));
#10700=CARTESIAN_POINT('',(-1.54899259309017,-20.1476639082767,
10.4999999999974));
#10710=CARTESIAN_POINT('',(-1.49922483992221,-20.1514283657416,
10.4999999999975));
#10720=CARTESIAN_POINT('',(-1.47433688261637,-20.1532645530715,
10.4999999999975));
#10730=CARTESIAN_POINT('',(-1.42450923727375,-20.1568508782349,
10.4999999999976));
#10740=CARTESIAN_POINT('',(-1.39957100688648,-20.1585991701725,
10.4999999999976));
#10750=CARTESIAN_POINT('',(-1.29990981347718,-20.1653996487574,
10.4999999999978));
#10760=CARTESIAN_POINT('',(-1.1504022005613,-20.1747649133639,
10.499999999998));
#10770=CARTESIAN_POINT('',(-1.00077114572888,-20.1824554778135,
10.4999999999982));
#10780=CARTESIAN_POINT('',(-0.776231413267723,-20.1927487705065,
10.4999999999985));
#10790=CARTESIAN_POINT('',(-0.626414058010231,-20.1979542269934,
10.4999999999987));
#10800=CARTESIAN_POINT('',(-0.245614000083449,-20.2069416887338,
10.4999999999991));
#10810=CARTESIAN_POINT('',(-0.0145702739173245,-20.2084300044907,
10.4999999999993));
#10820=CARTESIAN_POINT('',(0.448306652907248,-20.2034634394159,
10.4999999999998));
#10830=CARTESIAN_POINT('',(0.680139853565697,-20.1970085585842,
10.5000000000001));
#10840=CARTESIAN_POINT('',(0.923373324409758,-20.1860035145735,10.5));
#10850=CARTESIAN_POINT('',(0.935846314018656,-20.1854273839615,10.5));
#10860=CARTESIAN_POINT('',(0.973598128544235,-20.1836515203692,10.5));
#10870=CARTESIAN_POINT('',(0.999005344567072,-20.1824132279247,
10.5000000000003));
#10880=CARTESIAN_POINT('',(1.04759933453067,-20.1799506303114,
10.4999999999998));
#10890=CARTESIAN_POINT('',(1.07082340047299,-20.1787306056477,
10.4999999999991));
#10900=CARTESIAN_POINT('',(1.09942442257508,-20.1771792267058,
10.4999999999991));
#10910=CARTESIAN_POINT('',(1.1045815161563,-20.1768975843984,
10.4999999999991));
#10920=CARTESIAN_POINT('',(1.12177243218138,-20.1759521006463,
10.4999999999991));
#10930=CARTESIAN_POINT('',(1.13379800592091,-20.1752798435192,
10.4999999999991));
#10940=CARTESIAN_POINT('',(1.15785355470096,-20.1739135413874,
10.4999999999991));
#10950=CARTESIAN_POINT('',(1.16988352974148,-20.1732194963827,
10.4999999999992));
#10960=CARTESIAN_POINT('',(1.64358352769785,-20.1454647244588,
10.4999999999998));
#10970=CARTESIAN_POINT('',(2.1050218439265,-20.1025092167934,
10.5000000000003));
#10980=CARTESIAN_POINT('',(2.70021022462102,-20.0263498955589,
10.4999999999999));
#10990=CARTESIAN_POINT('',(2.97086367861595,-19.9889228786112,
10.4999999999996));
#11000=CARTESIAN_POINT('',(3.24027283459739,-19.9460883527358,
10.4999999999999));
#11010=CARTESIAN_POINT('',(3.39847551210346,-19.9192920689953,
10.4999999999998));
#11020=CARTESIAN_POINT('',(3.42227275150661,-19.9152174089455,
10.4999999999998));
#11030=CARTESIAN_POINT('',(3.46980716960112,-19.9069906720477,
10.4999999999998));
#11040=CARTESIAN_POINT('',(3.49354438159119,-19.9028387387315,
10.4999999999998));
#11050=CARTESIAN_POINT('',(3.54099908807977,-19.8944508246002,
10.4999999999998));
#11060=CARTESIAN_POINT('',(3.56471658257794,-19.8902148437839,
10.4999999999998));
#11070=CARTESIAN_POINT('',(3.68377070557731,-19.8687318486788,
10.4999999999997));
#11080=CARTESIAN_POINT('',(3.77895620233296,-19.8508478001833,
10.4999999999997));
#11090=CARTESIAN_POINT('',(3.89708520752266,-19.8277732000931,
10.4999999999996));
#11100=CARTESIAN_POINT('',(3.92016958195514,-19.8231963836851,10.5));
#11110=CARTESIAN_POINT('',(3.94319524342546,-19.8186149688934,10.5));
#11120=CARTESIAN_POINT('',(-1.95165220162274,-19.9045485716833,
10.7071310928755));
#11130=CARTESIAN_POINT('',(-1.92831787193711,-19.9068364988089,
10.7071308882872));
#11140=CARTESIAN_POINT('',(-1.9048810431634,-19.9090923118883,
10.7071067370414));
#11150=CARTESIAN_POINT('',(-1.78192845310342,-19.9207119031946,
10.7071067345668));
#11160=CARTESIAN_POINT('',(-1.68208321930807,-19.9293911725164,
10.7071067326599));
#11170=CARTESIAN_POINT('',(-1.55754540952529,-19.9392742276529,
10.7071067305081));
#11180=CARTESIAN_POINT('',(-1.53291572798839,-19.9411828749652,
10.7071067300935));
#11190=CARTESIAN_POINT('',(-1.48364848260285,-19.9449089615728,
10.7071067292888));
#11200=CARTESIAN_POINT('',(-1.4590109187613,-19.9467264008672,
10.7071067288985));
#11210=CARTESIAN_POINT('',(-1.40968771565423,-19.9502729500609,
10.7071040330255));
#11220=CARTESIAN_POINT('',(-1.38500208268923,-19.9520019085488,
10.707102787662));
#11230=CARTESIAN_POINT('',(-1.28635087086155,-19.9587273716367,
10.7070981793898));
#11240=CARTESIAN_POINT('',(-1.13836073060698,-19.9679901937653,
10.7070929217283));
#11250=CARTESIAN_POINT('',(-0.990253526427843,-19.9756078640605,
10.7070998492155));
#11260=CARTESIAN_POINT('',(-0.768004676660128,-19.985799327128,
10.7071055622757));
#11270=CARTESIAN_POINT('',(-0.619721385482963,-19.9909469126725,
10.707103133422));
#11280=CARTESIAN_POINT('',(-0.24282558648049,-19.9998338088364,
10.7071005010884));
#11290=CARTESIAN_POINT('',(-0.0141554030008342,-20.0013045787747,
10.7071022124595));
#11300=CARTESIAN_POINT('',(0.443882241068464,-19.9963877710733,
10.7071037039416));
#11310=CARTESIAN_POINT('',(0.673249701658107,-19.9900001934336,
10.7071034840527));
#11320=CARTESIAN_POINT('',(0.913980482325488,-19.9791074307613,
10.7071040765226));
#11330=CARTESIAN_POINT('',(0.926325369090857,-19.9785371740199,
10.7071041091979));
#11340=CARTESIAN_POINT('',(0.963649456180741,-19.9767815572843,
10.7071041880016));
#11350=CARTESIAN_POINT('',(0.988715066154948,-19.9755602076649,
10.7071042140397));
#11360=CARTESIAN_POINT('',(1.0369549879786,-19.9731150606735,
10.7071042444002));
#11370=CARTESIAN_POINT('',(1.06014672255051,-19.9718965364114,
10.7071042500189));
#11380=CARTESIAN_POINT('',(1.08848486503434,-19.9703590680814,
10.7071042914871));
#11390=CARTESIAN_POINT('',(1.09358583979923,-19.9700804055033,
10.7071043003146));
#11400=CARTESIAN_POINT('',(1.1105943200325,-19.9691446827887,
10.7071043290334));
#11410=CARTESIAN_POINT('',(1.12249985065738,-19.9684789729876,
10.7071043479663));
#11420=CARTESIAN_POINT('',(1.14631121369486,-19.9671261997701,
10.7071043864804));
#11430=CARTESIAN_POINT('',(1.15821704610746,-19.9664391363538,
10.7071044060617));
#11440=CARTESIAN_POINT('',(1.62702682748315,-19.9389638043266,
10.7071051755544));
#11450=CARTESIAN_POINT('',(2.08363055651937,-19.8964498792958,
10.707105867122));
#11460=CARTESIAN_POINT('',(2.67248108364242,-19.8211025754539,
10.7071065072665));
#11470=CARTESIAN_POINT('',(2.94023876151712,-19.784077459479,
10.7071067644446));
#11480=CARTESIAN_POINT('',(3.20681128414329,-19.7416973538426,
10.707106731969));
#11490=CARTESIAN_POINT('',(3.3633570341217,-19.7151840193928,
10.7071067099429));
#11500=CARTESIAN_POINT('',(3.38690526956613,-19.7111523515512,
10.7071067065507));
#11510=CARTESIAN_POINT('',(3.43394276462288,-19.7030123467993,
10.7071066996374));
#11520=CARTESIAN_POINT('',(3.45743205640884,-19.6989041520239,
10.7071066961165));
#11530=CARTESIAN_POINT('',(3.50439157038324,-19.6906045294905,
10.7071066889605));
#11540=CARTESIAN_POINT('',(3.52786179257136,-19.6864131017312,
10.7071066853255));
#11550=CARTESIAN_POINT('',(3.645675765128,-19.6651558768841,
10.7071066668359));
#11560=CARTESIAN_POINT('',(3.73987321170238,-19.6474591931797,
10.7071066512696));
#11570=CARTESIAN_POINT('',(3.85677977325307,-19.6246255041177,
10.7071066317948));
#11580=CARTESIAN_POINT('',(3.87997782068725,-19.6200490388723,
10.7071490715156));
#11590=CARTESIAN_POINT('',(3.90303736959751,-19.6154607267286,
10.707149342542));
#11600=CARTESIAN_POINT('',(-1.95125585945491,-19.9045874252882,
11.0000298068486));
#11610=CARTESIAN_POINT('',(-1.9280748992082,-19.9068598654822,
11.0000298068486));
#11620=CARTESIAN_POINT('',(-1.90488406024292,-19.9090920284229,
10.9999999999428));
#11630=CARTESIAN_POINT('',(-1.78193108638642,-19.9207116557953,
10.9999999999428));
#11640=CARTESIAN_POINT('',(-1.68208557384731,-19.9293909512225,
10.9999999999428));
#11650=CARTESIAN_POINT('',(-1.55754745399173,-19.9392740353756,
10.9999999999428));
#11660=CARTESIAN_POINT('',(-1.53291771317214,-19.9411826882385,
10.9999999999428));
#11670=CARTESIAN_POINT('',(-1.48365035283001,-19.9449087856126,
10.9999999999428));
#11680=CARTESIAN_POINT('',(-1.45901273330746,-19.9467262301238,
10.9999999999428));
#11690=CARTESIAN_POINT('',(-1.40968945712974,-19.9502727863674,
10.9999999999428));
#11700=CARTESIAN_POINT('',(-1.3850037879589,-19.9520017483461,
10.9999999999428));
#11710=CARTESIAN_POINT('',(-1.28635243350106,-19.9587272251881,
10.9999999999428));
#11720=CARTESIAN_POINT('',(-1.13836208853073,-19.9679900670678,
10.9999999999428));
#11730=CARTESIAN_POINT('',(-0.990252697255034,-19.9756077638096,
10.9999999999428));
#11740=CARTESIAN_POINT('',(-0.768009595910832,-19.9857992256396,
10.9999999999428));
#11750=CARTESIAN_POINT('',(-0.619742175773826,-19.9909467558163,
10.9999999999428));
#11760=CARTESIAN_POINT('',(-0.242795202720879,-19.9998339029106,
10.9999999999428));
#11770=CARTESIAN_POINT('',(-0.0140084704616637,-20.0013051910174,
10.9999999999428));
#11780=CARTESIAN_POINT('',(0.443734836966948,-19.9963871266492,
10.9999999999428));
#11790=CARTESIAN_POINT('',(0.672691412136343,-19.9899977741741,
10.9999999999428));
#11800=CARTESIAN_POINT('',(0.914010632955273,-19.9791075629655,
10.9999999999428));
#11810=CARTESIAN_POINT('',(0.926388535421271,-19.9785374493597,
10.9999999999428));
#11820=CARTESIAN_POINT('',(0.96352200054733,-19.9767810058317,
10.9999999999428));
#11830=CARTESIAN_POINT('',(0.988685465528914,-19.9755632075852,
10.9999999999428));
#11840=CARTESIAN_POINT('',(1.0368918456617,-19.9731168641467,
10.9999999999428));
#11850=CARTESIAN_POINT('',(1.06014008605027,-19.9718967797265,
10.9999999999428));
#11860=CARTESIAN_POINT('',(1.08848624031044,-19.9703590360901,
10.9999999999428));
#11870=CARTESIAN_POINT('',(1.09358630106157,-19.970080404639,
10.9999999999428));
#11880=CARTESIAN_POINT('',(1.11059301593222,-19.969144742674,
10.9999999999428));
#11890=CARTESIAN_POINT('',(1.12249940696538,-19.9684790050411,
10.9999999999428));
#11900=CARTESIAN_POINT('',(1.14631151604203,-19.9671262014657,
10.9999999999428));
#11910=CARTESIAN_POINT('',(1.15821723408552,-19.9664391355233,
10.9999999999428));
#11920=CARTESIAN_POINT('',(1.62701673097241,-19.9389644839414,
10.9999999999428));
#11930=CARTESIAN_POINT('',(2.08339421411314,-19.8964803929092,
10.9999999999428));
#11940=CARTESIAN_POINT('',(2.672550733565,-19.8210935831159,
10.9999999999428));
#11950=CARTESIAN_POINT('',(2.94023880591252,-19.7840774526188,
10.9999999999428));
#11960=CARTESIAN_POINT('',(3.20681172704169,-19.7416972688235,
10.9999999999428));
#11970=CARTESIAN_POINT('',(3.36335794369658,-19.7151838431422,
10.9999999999428));
#11980=CARTESIAN_POINT('',(3.38690625555605,-19.7111521603661,
10.9999999999428));
#11990=CARTESIAN_POINT('',(3.43394391647916,-19.7030121231988,
10.9999999999428));
#12000=CARTESIAN_POINT('',(3.45743329769032,-19.698903910949,
10.9999999999428));
#12010=CARTESIAN_POINT('',(3.50439300478322,-19.6906042506854,
10.9999999999428));
#12020=CARTESIAN_POINT('',(3.52786333066495,-19.6864128026715,
10.9999999999428));
#12030=CARTESIAN_POINT('',(3.64567786012936,-19.6651554690345,
10.9999999999428));
#12040=CARTESIAN_POINT('',(3.73987587965313,-19.6474586735854,
10.9999999999428));
#12050=CARTESIAN_POINT('',(3.85678335915891,-19.624624805756,
10.9999999999428));
#12060=CARTESIAN_POINT('',(3.87968921814639,-19.6201059035304,
11.0000569719052));
#12070=CARTESIAN_POINT('',(3.90256668936691,-19.6155543698118,
11.0000569719052));
#12080=(BOUNDED_SURFACE() B_SPLINE_SURFACE(3,3,((#10160,#10640,#11120,
#11600),(#10170,#10650,#11130,#11610),(#10180,#10660,#11140,#11620),(
#10190,#10670,#11150,#11630),(#10200,#10680,#11160,#11640),(#10210,
#10690,#11170,#11650),(#10220,#10700,#11180,#11660),(#10230,#10710,
#11190,#11670),(#10240,#10720,#11200,#11680),(#10250,#10730,#11210,
#11690),(#10260,#10740,#11220,#11700),(#10270,#10750,#11230,#11710),(
#10280,#10760,#11240,#11720),(#10290,#10770,#11250,#11730),(#10300,
#10780,#11260,#11740),(#10310,#10790,#11270,#11750),(#10320,#10800,
#11280,#11760),(#10330,#10810,#11290,#11770),(#10340,#10820,#11300,
#11780),(#10350,#10830,#11310,#11790),(#10360,#10840,#11320,#11800),(
#10370,#10850,#11330,#11810),(#10380,#10860,#11340,#11820),(#10390,
#10870,#11350,#11830),(#10400,#10880,#11360,#11840),(#10410,#10890,
#11370,#11850),(#10420,#10900,#11380,#11860),(#10430,#10910,#11390,
#11870),(#10440,#10920,#11400,#11880),(#10450,#10930,#11410,#11890),(
#10460,#10940,#11420,#11900),(#10470,#10950,#11430,#11910),(#10480,
#10960,#11440,#11920),(#10490,#10970,#11450,#11930),(#10500,#10980,
#11460,#11940),(#10510,#10990,#11470,#11950),(#10520,#11000,#11480,
#11960),(#10530,#11010,#11490,#11970),(#10540,#11020,#11500,#11980),(
#10550,#11030,#11510,#11990),(#10560,#11040,#11520,#12000),(#10570,
#11050,#11530,#12010),(#10580,#11060,#11540,#12020),(#10590,#11070,
#11550,#12030),(#10600,#11080,#11560,#12040),(#10610,#11090,#11570,
#12050),(#10620,#11100,#11580,#12060),(#10630,#11110,#11590,#12070)),
.UNSPECIFIED.,.F.,.F.,.F.) B_SPLINE_SURFACE_WITH_KNOTS((4,2,2,2,2,2,1,2,
2,2,2,2,2,2,2,2,2,2,1,2,2,2,2,2,4),(4,4),(0.,0.0706298115208189,
0.374593407817856,0.449512089381428,0.524430770944999,0.599472318880764,
0.82427443846105,1.04907655804134,1.49868079720191,2.1915250186997,
2.88436924019749,2.92182858097928,2.9973675692234,3.0680182149701,
3.08351877987689,3.11970715673822,3.15589553359955,4.54470249752531,
4.95398282537894,5.36326315323257,5.43576327586354,5.5081400295862,
5.5805167833089,5.87160045098895,5.94240055192222),(0.,1.),.UNSPECIFIED.
) GEOMETRIC_REPRESENTATION_ITEM() RATIONAL_B_SPLINE_SURFACE(((1.,
0.804737566148018,0.804737566148018,1.),(1.,0.804737694307422,
0.804737694307422,1.),(1.,0.804737779692548,0.804737779692548,1.),(1.,
0.804737767916204,0.804737767916204,1.),(1.,0.804737759141959,
0.804737759141959,1.),(1.,0.804737749355468,0.804737749355468,1.),(1.,
0.804737747476391,0.804737747476391,1.),(1.,0.804737743834596,
0.804737743834596,1.),(1.,0.804737742071877,0.804737742071877,1.),(1.,
0.804737750404982,0.804737750404982,1.),(1.,0.80473775416518,
0.80473775416518,1.),(1.,0.804737767696444,0.804737767696444,1.),(1.,
0.804737781277933,0.804737781277933,1.),(1.,0.804737748958665,
0.804737748958665,1.),(1.,0.804737719719524,0.804737719719524,1.),(1.,
0.804737725879779,0.804737725879779,1.),(1.,0.804737732825072,
0.804737732825072,1.),(1.,0.80473772889902,0.80473772889902,1.),(1.,
0.804737772681654,0.804737772681654,1.),(1.,0.804737820390341,
0.804737820390341,1.),(1.,0.804737800355254,0.804737800355254,1.),(1.,
0.804737799132577,0.804737799132577,1.),(1.,0.804737814348444,
0.804737814348444,1.),(1.,0.804737850004175,0.804737850004175,1.),(1.,
0.804737770209208,0.804737770209208,1.),(1.,0.804737664387719,
0.804737664387719,1.),(1.,0.804737649271144,0.804737649271144,1.),(1.,
0.804737651048346,0.804737651048346,1.),(1.,0.804737654622935,
0.804737654622935,1.),(1.,0.804737653281553,0.804737653281553,1.),(1.,
0.804737652735525,0.804737652735525,1.),(1.,0.80473765353088,
0.80473765353088,1.),(1.,0.80473768712424,0.80473768712424,1.),(1.,
0.804737804938512,0.804737804938512,1.),(1.,0.80473782682414,
0.80473782682414,1.),(1.,0.804737819259715,0.804737819259715,1.),(1.,
0.804737758815258,0.804737758815258,1.),(1.,0.804737721033035,
0.804737721033035,1.),(1.,0.804737715288609,0.804737715288609,1.),(1.,
0.80473770375126,0.80473770375126,1.),(1.,0.804737697958435,
0.804737697958435,1.),(1.,0.804737686373671,0.804737686373671,1.),(1.,
0.804737680581731,0.804737680581731,1.),(1.,0.804737651646244,
0.804737651646244,1.),(1.,0.804737628957123,0.804737628957123,1.),(1.,
0.804737603737631,0.804737603737631,1.),(1.,0.804737548686213,
0.804737548686213,1.),(1.,0.804737328562554,0.804737328562554,1.))) 
REPRESENTATION_ITEM('') SURFACE());
#12090=CARTESIAN_POINT('',(-2.,-20.402195232054,10.5));
#12100=CARTESIAN_POINT('',(-1.97162880547201,-20.1106735509309,10.5));
#12110=CARTESIAN_POINT('',(-1.95165220162274,-19.9045485716833,
10.7071310928755));
#12120=CARTESIAN_POINT('',(-1.95125585945491,-19.9045874252882,
11.0000298068486));
#12130=(BOUNDED_CURVE() B_SPLINE_CURVE(3,(#12090,#12100,#12110,#12120),
.UNSPECIFIED.,.F.,.F.) B_SPLINE_CURVE_WITH_KNOTS((4,4),(0.,1.),
.UNSPECIFIED.) CURVE() GEOMETRIC_REPRESENTATION_ITEM() 
RATIONAL_B_SPLINE_CURVE((1.,0.804737566148018,0.804737566148018,1.)) 
REPRESENTATION_ITEM(''));
#12140=CARTESIAN_POINT('',(-2.,-20.402195232054,10.5));
#12150=VERTEX_POINT('',#12140);
#12160=EDGE_CURVE('',#12150,#6880,#12130,.T.);
#12170=ORIENTED_EDGE('',*,*,#12160,.F.);
#12180=ORIENTED_EDGE('',*,*,#6890,.F.);
#12190=CARTESIAN_POINT('',(3.90256668936691,-19.6155543698118,
11.0000569719052));
#12200=CARTESIAN_POINT('',(3.90303736959751,-19.6154607267286,
10.707149342542));
#12210=CARTESIAN_POINT('',(3.94319524342546,-19.8186149688934,10.5));
#12220=CARTESIAN_POINT('',(4.00000000000001,-20.1059620226082,10.5));
#12230=(BOUNDED_CURVE() B_SPLINE_CURVE(3,(#12190,#12200,#12210,#12220),
.UNSPECIFIED.,.F.,.F.) B_SPLINE_CURVE_WITH_KNOTS((4,4),(0.,1.),
.UNSPECIFIED.) CURVE() GEOMETRIC_REPRESENTATION_ITEM() 
RATIONAL_B_SPLINE_CURVE((1.,0.804737328562553,0.804737328562553,1.)) 
REPRESENTATION_ITEM(''));
#12240=CARTESIAN_POINT('',(4.00000000000001,-20.1059620226082,10.5));
#12250=VERTEX_POINT('',#12240);
#12260=EDGE_CURVE('',#6350,#12250,#12230,.T.);
#12270=ORIENTED_EDGE('',*,*,#12260,.F.);
#12280=CARTESIAN_POINT('',(-2.,-20.402195232054,10.5));
#12290=CARTESIAN_POINT('',(-1.97625159807291,-20.4045232629573,10.5));
#12300=CARTESIAN_POINT('',(-1.9525061617466,-20.4068193290872,10.5));
#12310=CARTESIAN_POINT('',(-1.82647936354388,-20.4187294471432,10.5));
#12320=CARTESIAN_POINT('',(-1.72413771319145,-20.4276257249554,10.5));
#12330=CARTESIAN_POINT('',(-1.59648614033968,-20.4377558862117,10.5));
#12340=CARTESIAN_POINT('',(-1.57124065599965,-20.439712255396,10.5));
#12350=CARTESIAN_POINT('',(-1.52074161164904,-20.4435315052041,10.5));
#12360=CARTESIAN_POINT('',(-1.49548805163847,-20.445394385828,10.5));
#12370=CARTESIAN_POINT('',(-1.44493169355639,-20.4490296059774,10.5));
#12380=CARTESIAN_POINT('',(-1.41962888265631,-20.4508017920055,10.5));
#12390=CARTESIAN_POINT('',(-1.31851124433719,-20.457695405768,10.5));
#12400=CARTESIAN_POINT('',(-1.16682114074285,-20.4671898186939,10.5));
#12410=CARTESIAN_POINT('',(-1.01500901468551,-20.4749979578534,10.5));
#12420=CARTESIAN_POINT('',(-0.787209835808084,-20.4854442062282,10.5));
#12430=CARTESIAN_POINT('',(-0.635235730167912,-20.4907204246585,10.5));
#12440=CARTESIAN_POINT('',(-0.248865082789316,-20.4998297504286,10.5));
#12450=CARTESIAN_POINT('',(-0.0143586822240451,-20.5013378207374,10.5));
#12460=CARTESIAN_POINT('',(0.454828207889393,-20.4962968047587,10.5));
#12470=CARTESIAN_POINT('',(0.689508697437559,-20.4897477184714,10.5));
#12480=CARTESIAN_POINT('',(0.936860898776448,-20.4785852519825,10.5));
#12490=CARTESIAN_POINT('',(0.949548248804069,-20.4780008855365,10.5));
#12500=CARTESIAN_POINT('',(0.9876100505582,-20.4762005309204,10.5));
#12510=CARTESIAN_POINT('',(1.0134026024479,-20.4749522933753,10.5));
#12520=CARTESIAN_POINT('',(1.06281414226123,-20.4724447946968,10.5));
#12530=CARTESIAN_POINT('',(1.08664358819741,-20.4711941991658,10.5));
#12540=CARTESIAN_POINT('',(1.11569839631403,-20.4696180119384,10.5));
#12550=CARTESIAN_POINT('',(1.12092595858393,-20.469332414701,10.5));
#12560=CARTESIAN_POINT('',(1.13835784132631,-20.4683733611868,10.5));
#12570=CARTESIAN_POINT('',(1.15056189213528,-20.467690980113,10.5));
#12580=CARTESIAN_POINT('',(1.17496930393879,-20.4663043564482,10.5));
#12590=CARTESIAN_POINT('',(1.18717266493334,-20.4656001138572,10.5));
#12600=CARTESIAN_POINT('',(1.66769214924141,-20.437438595984,10.5));
#12610=CARTESIAN_POINT('',(2.13547906945969,-20.393892402675,10.5));
#12620=CARTESIAN_POINT('',(2.73936450189656,-20.3166209226371,10.5));
#12630=CARTESIAN_POINT('',(3.01374477605222,-20.2786793888777,10.5));
#12640=CARTESIAN_POINT('',(3.28698202020912,-20.2352397004879,10.5));
#12650=CARTESIAN_POINT('',(3.44744189228011,-20.2080634391648,10.5));
#12660=CARTESIAN_POINT('',(3.47157891193602,-20.2039309643193,10.5));
#12670=CARTESIAN_POINT('',(3.51979251438213,-20.1955874262229,10.5));
#12680=CARTESIAN_POINT('',(3.54386913012353,-20.1913765086669,10.5));
#12690=CARTESIAN_POINT('',(3.59200282989366,-20.1828693568967,10.5));
#12700=CARTESIAN_POINT('',(3.6160599139224,-20.1785731226826,10.5));
#12710=CARTESIAN_POINT('',(3.73681980662322,-20.1567843557048,10.5));
#12720=CARTESIAN_POINT('',(3.83337277663493,-20.1386451403697,10.5));
#12730=CARTESIAN_POINT('',(3.95320294312818,-20.1152404258448,10.5));
#12740=CARTESIAN_POINT('',(3.97659372198836,-20.110618561906,10.5));
#12750=CARTESIAN_POINT('',(4.00000000000001,-20.1059620226082,10.5));
#12760=(BOUNDED_CURVE() B_SPLINE_CURVE(3,(#12280,#12290,#12300,#12310,
#12320,#12330,#12340,#12350,#12360,#12370,#12380,#12390,#12400,#12410,
#12420,#12430,#12440,#12450,#12460,#12470,#12480,#12490,#12500,#12510,
#12520,#12530,#12540,#12550,#12560,#12570,#12580,#12590,#12600,#12610,
#12620,#12630,#12640,#12650,#12660,#12670,#12680,#12690,#12700,#12710,
#12720,#12730,#12740,#12750),.UNSPECIFIED.,.F.,.F.) 
B_SPLINE_CURVE_WITH_KNOTS((4,2,2,2,2,2,1,2,2,2,2,2,2,2,2,2,2,2,1,2,2,2,2
,2,4),(0.,0.0706298115208189,0.374593407817856,0.449512089381428,
0.524430770944999,0.599472318880764,0.82427443846105,1.04907655804134,
1.49868079720191,2.1915250186997,2.88436924019749,2.92182858097928,
2.9973675692234,3.0680182149701,3.08351877987689,3.11970715673822,
3.15589553359955,4.54470249752531,4.95398282537894,5.36326315323257,
5.43576327586354,5.5081400295862,5.5805167833089,5.87160045098895,
5.94240055192222),.UNSPECIFIED.) CURVE() GEOMETRIC_REPRESENTATION_ITEM()
 RATIONAL_B_SPLINE_CURVE((1.,1.,1.,1.,1.,1.,1.,1.,1.,1.,1.,1.,1.,1.,1.,
1.,1.,1.,1.,1.,1.,1.,1.,1.,1.,1.,1.,1.,1.,1.,1.,1.,1.,1.,1.,1.,1.,1.,1.,
1.,1.,1.,1.,1.,1.,1.,1.,1.)) REPRESENTATION_ITEM(''));
#12770=EDGE_CURVE('',#12150,#12250,#12760,.T.);
#12780=ORIENTED_EDGE('',*,*,#12770,.T.);
#12790=EDGE_LOOP('',(#12780,#12270,#12180,#12170));
#12800=FACE_OUTER_BOUND('',#12790,.T.);
#12810=ADVANCED_FACE('',(#12800),#12080,.T.);
#12820=COLOUR_RGB('',0.,0.,1.);
#12830=FILL_AREA_STYLE_COLOUR('',#12820);
#12840=FILL_AREA_STYLE('',(#12830));
#12850=SURFACE_STYLE_FILL_AREA(#12840);
#12860=SURFACE_SIDE_STYLE('',(#12850));
#12870=SURFACE_STYLE_USAGE(.BOTH.,#12860);
#12880=PRESENTATION_STYLE_ASSIGNMENT((#12870));
#12890=CARTESIAN_POINT('',(18.6,-6.244997998,0.));
#12900=DIRECTION('',(-1.,0.,0.));
#12910=DIRECTION('',(0.,1.,0.));
#12920=AXIS2_PLACEMENT_3D('',#12890,#12900,#12910);
#12930=PLANE('',#12920);
#12940=ORIENTED_EDGE('',*,*,#5420,.F.);
#12950=CARTESIAN_POINT('',(18.6,0.,0.));
#12960=DIRECTION('',(0.,1.,0.));
#12970=VECTOR('',#12960,1.);
#12980=LINE('',#12950,#12970);
#12990=CARTESIAN_POINT('',(18.6,-14.3575714714372,0.));
#13000=VERTEX_POINT('',#12990);
#13010=EDGE_CURVE('',#13000,#5330,#12980,.T.);
#13020=ORIENTED_EDGE('',*,*,#13010,.T.);
#13030=CARTESIAN_POINT('',(18.6,-14.3575714714372,2.5));
#13040=DIRECTION('',(0.,0.,-1.));
#13050=VECTOR('',#13040,1.);
#13060=LINE('',#13030,#13050);
#13070=CARTESIAN_POINT('',(18.6,-14.3575714714372,4.5));
#13080=VERTEX_POINT('',#13070);
#13090=EDGE_CURVE('',#13080,#13000,#13060,.T.);
#13100=ORIENTED_EDGE('',*,*,#13090,.T.);
#13110=CARTESIAN_POINT('',(18.6,0.,4.5));
#13120=DIRECTION('',(0.,1.,0.));
#13130=VECTOR('',#13120,1.);
#13140=LINE('',#13110,#13130);
#13150=EDGE_CURVE('',#13080,#5410,#13140,.T.);
#13160=ORIENTED_EDGE('',*,*,#13150,.F.);
#13170=EDGE_LOOP('',(#13160,#13100,#13020,#12940));
#13180=FACE_OUTER_BOUND('',#13170,.T.);
#13190=ADVANCED_FACE('',(#13180),#12930,.F.);
#13200=COLOUR_RGB('',0.,0.,1.);
#13210=FILL_AREA_STYLE_COLOUR('',#13200);
#13220=FILL_AREA_STYLE('',(#13210));
#13230=SURFACE_STYLE_FILL_AREA(#13220);
#13240=SURFACE_SIDE_STYLE('',(#13230));
#13250=SURFACE_STYLE_USAGE(.BOTH.,#13240);
#13260=PRESENTATION_STYLE_ASSIGNMENT((#13250));
#13270=CARTESIAN_POINT('',(-0.349999999999999,-12.5,0.));
#13280=DIRECTION('',(-1.,0.,0.));
#13290=DIRECTION('',(0.,1.,0.));
#13300=AXIS2_PLACEMENT_3D('',#13270,#13280,#13290);
#13310=PLANE('',#13300);
#13320=CARTESIAN_POINT('',(-0.349999999999999,-12.22,0.5));
#13330=DIRECTION('',(-1.,0.,0.));
#13340=DIRECTION('',(0.,1.,0.));
#13350=AXIS2_PLACEMENT_3D('',#13320,#13330,#13340);
#13360=CIRCLE('',#13350,0.2);
#13370=CARTESIAN_POINT('',(-0.349999999999999,-12.22,0.7));
#13380=VERTEX_POINT('',#13370);
#13390=CARTESIAN_POINT('',(-0.349999999999999,-12.02,0.5));
#13400=VERTEX_POINT('',#13390);
#13410=EDGE_CURVE('',#13380,#13400,#13360,.T.);
#13420=ORIENTED_EDGE('',*,*,#13410,.F.);
#13430=CARTESIAN_POINT('',(-0.349999999999999,-12.02,0.5));
#13440=DIRECTION('',(0.,0.,1.));
#13450=VECTOR('',#13440,1.);
#13460=LINE('',#13430,#13450);
#13470=CARTESIAN_POINT('',(-0.349999999999999,-12.02,0.));
#13480=VERTEX_POINT('',#13470);
#13490=EDGE_CURVE('',#13480,#13400,#13460,.T.);
#13500=ORIENTED_EDGE('',*,*,#13490,.T.);
#13510=CARTESIAN_POINT('',(-0.349999999999999,0.,0.));
#13520=DIRECTION('',(0.,1.,0.));
#13530=VECTOR('',#13520,1.);
#13540=LINE('',#13510,#13530);
#13550=EDGE_CURVE('',#290,#13480,#13540,.T.);
#13560=ORIENTED_EDGE('',*,*,#13550,.T.);
#13570=ORIENTED_EDGE('',*,*,#300,.T.);
#13580=CARTESIAN_POINT('',(-0.349999999999999,-12.9,0.5));
#13590=DIRECTION('',(-1.,0.,0.));
#13600=DIRECTION('',(0.,1.,0.));
#13610=AXIS2_PLACEMENT_3D('',#13580,#13590,#13600);
#13620=CIRCLE('',#13610,0.5);
#13630=CARTESIAN_POINT('',(-0.349999999999999,-12.4417424305044,0.7));
#13640=VERTEX_POINT('',#13630);
#13650=EDGE_CURVE('',#13640,#210,#13620,.T.);
#13660=ORIENTED_EDGE('',*,*,#13650,.T.);
#13670=CARTESIAN_POINT('',(-0.349999999999999,-12.22,0.7));
#13680=DIRECTION('',(0.,-1.,0.));
#13690=VECTOR('',#13680,1.);
#13700=LINE('',#13670,#13690);
#13710=EDGE_CURVE('',#13380,#13640,#13700,.T.);
#13720=ORIENTED_EDGE('',*,*,#13710,.T.);
#13730=EDGE_LOOP('',(#13720,#13660,#13570,#13560,#13500,#13420));
#13740=FACE_OUTER_BOUND('',#13730,.T.);
#13750=ADVANCED_FACE('',(#13740),#13310,.F.);
#13760=COLOUR_RGB('',0.,0.,1.);
#13770=FILL_AREA_STYLE_COLOUR('',#13760);
#13780=FILL_AREA_STYLE('',(#13770));
#13790=SURFACE_STYLE_FILL_AREA(#13780);
#13800=SURFACE_SIDE_STYLE('',(#13790));
#13810=SURFACE_STYLE_USAGE(.BOTH.,#13800);
#13820=PRESENTATION_STYLE_ASSIGNMENT((#13810));
#13830=CARTESIAN_POINT('',(18.6,6.244997998,0.));
#13840=DIRECTION('',(-1.,0.,0.));
#13850=DIRECTION('',(0.,1.,0.));
#13860=AXIS2_PLACEMENT_3D('',#13830,#13840,#13850);
#13870=PLANE('',#13860);
#13880=CARTESIAN_POINT('',(18.6,14.3575714714371,2.5));
#13890=DIRECTION('',(0.,0.,-1.));
#13900=VECTOR('',#13890,1.);
#13910=LINE('',#13880,#13900);
#13920=CARTESIAN_POINT('',(18.6,14.3575714714371,4.50000000000009));
#13930=VERTEX_POINT('',#13920);
#13940=CARTESIAN_POINT('',(18.6,14.3575714714371,0.));
#13950=VERTEX_POINT('',#13940);
#13960=EDGE_CURVE('',#13930,#13950,#13910,.T.);
#13970=ORIENTED_EDGE('',*,*,#13960,.F.);
#13980=CARTESIAN_POINT('',(18.6,0.,0.));
#13990=DIRECTION('',(0.,1.,0.));
#14000=VECTOR('',#13990,1.);
#14010=LINE('',#13980,#14000);
#14020=CARTESIAN_POINT('',(18.6,7.3511903797956,0.));
#14030=VERTEX_POINT('',#14020);
#14040=EDGE_CURVE('',#14030,#13950,#14010,.T.);
#14050=ORIENTED_EDGE('',*,*,#14040,.T.);
#14060=CARTESIAN_POINT('',(18.6,7.35119037979562,16.));
#14070=DIRECTION('',(0.,0.,-1.));
#14080=VECTOR('',#14070,1.);
#14090=LINE('',#14060,#14080);
#14100=CARTESIAN_POINT('',(18.6,7.35119037979563,4.50000000000009));
#14110=VERTEX_POINT('',#14100);
#14120=EDGE_CURVE('',#14110,#14030,#14090,.T.);
#14130=ORIENTED_EDGE('',*,*,#14120,.T.);
#14140=CARTESIAN_POINT('',(18.6,0.,4.50000000000009));
#14150=DIRECTION('',(0.,1.,0.));
#14160=VECTOR('',#14150,1.);
#14170=LINE('',#14140,#14160);
#14180=EDGE_CURVE('',#14110,#13930,#14170,.T.);
#14190=ORIENTED_EDGE('',*,*,#14180,.F.);
#14200=EDGE_LOOP('',(#14190,#14130,#14050,#13970));
#14210=FACE_OUTER_BOUND('',#14200,.T.);
#14220=ADVANCED_FACE('',(#14210),#13870,.F.);
#14230=COLOUR_RGB('',0.,0.,1.);
#14240=FILL_AREA_STYLE_COLOUR('',#14230);
#14250=FILL_AREA_STYLE('',(#14240));
#14260=SURFACE_STYLE_FILL_AREA(#14250);
#14270=SURFACE_SIDE_STYLE('',(#14260));
#14280=SURFACE_STYLE_USAGE(.BOTH.,#14270);
#14290=PRESENTATION_STYLE_ASSIGNMENT((#14280));
#14300=CARTESIAN_POINT('',(16.5,16.5,2.5));
#14310=DIRECTION('',(0.,0.,-1.));
#14320=DIRECTION('',(-1.,0.,0.));
#14330=AXIS2_PLACEMENT_3D('',#14300,#14310,#14320);
#14340=CYLINDRICAL_SURFACE('',#14330,3.);
#14350=CARTESIAN_POINT('',(19.5,16.5,2.5));
#14360=DIRECTION('',(0.,0.,-1.));
#14370=VECTOR('',#14360,1.);
#14380=LINE('',#14350,#14370);
#14390=CARTESIAN_POINT('',(19.5,16.5,0.));
#14400=VERTEX_POINT('',#14390);
#14410=CARTESIAN_POINT('',(19.5,16.5,-0.5));
#14420=VERTEX_POINT('',#14410);
#14430=EDGE_CURVE('',#14400,#14420,#14380,.T.);
#14440=ORIENTED_EDGE('',*,*,#14430,.T.);
#14450=CARTESIAN_POINT('',(19.5,16.5,4.50000000083383));
#14460=VERTEX_POINT('',#14450);
#14470=EDGE_CURVE('',#14460,#14400,#14380,.T.);
#14480=ORIENTED_EDGE('',*,*,#14470,.T.);
#14490=CARTESIAN_POINT('',(16.5,16.5,4.50000000083383));
#14500=DIRECTION('',(0.,0.,1.));
#14510=DIRECTION('',(1.,0.,0.));
#14520=AXIS2_PLACEMENT_3D('',#14490,#14500,#14510);
#14530=CIRCLE('',#14520,3.);
#14540=CARTESIAN_POINT('',(14.3575714714371,18.6,4.5));
#14550=VERTEX_POINT('',#14540);
#14560=EDGE_CURVE('',#14460,#14550,#14530,.T.);
#14570=ORIENTED_EDGE('',*,*,#14560,.F.);
#14580=CARTESIAN_POINT('',(14.3575714714371,18.6,2.5));
#14590=DIRECTION('',(0.,0.,-1.));
#14600=VECTOR('',#14590,1.);
#14610=LINE('',#14580,#14600);
#14620=CARTESIAN_POINT('',(14.3575714714371,18.6,0.));
#14630=VERTEX_POINT('',#14620);
#14640=EDGE_CURVE('',#14550,#14630,#14610,.T.);
#14650=ORIENTED_EDGE('',*,*,#14640,.F.);
#14660=CARTESIAN_POINT('',(16.5,16.5,0.));
#14670=DIRECTION('',(0.,0.,1.));
#14680=DIRECTION('',(-1.,0.,0.));
#14690=AXIS2_PLACEMENT_3D('',#14660,#14670,#14680);
#14700=CIRCLE('',#14690,3.);
#14710=EDGE_CURVE('',#2660,#14630,#14700,.T.);
#14720=ORIENTED_EDGE('',*,*,#14710,.T.);
#14730=ORIENTED_EDGE('',*,*,#2670,.F.);
#14740=CARTESIAN_POINT('',(16.5,16.5,-0.500000000000001));
#14750=DIRECTION('',(0.,0.,-1.));
#14760=DIRECTION('',(-1.,0.,0.));
#14770=AXIS2_PLACEMENT_3D('',#14740,#14750,#14760);
#14780=CIRCLE('',#14770,3.);
#14790=EDGE_CURVE('',#2560,#14420,#14780,.T.);
#14800=ORIENTED_EDGE('',*,*,#14790,.F.);
#14810=EDGE_LOOP('',(#14800,#14730,#14720,#14650,#14570,#14480,#14440));
#14820=FACE_OUTER_BOUND('',#14810,.T.);
#14830=ADVANCED_FACE('',(#14820),#14340,.T.);
#14840=COLOUR_RGB('',0.,0.,1.);
#14850=FILL_AREA_STYLE_COLOUR('',#14840);
#14860=FILL_AREA_STYLE('',(#14850));
#14870=SURFACE_STYLE_FILL_AREA(#14860);
#14880=SURFACE_SIDE_STYLE('',(#14870));
#14890=SURFACE_STYLE_USAGE(.BOTH.,#14880);
#14900=PRESENTATION_STYLE_ASSIGNMENT((#14890));
#14910=CARTESIAN_POINT('',(0.,-12.4,0.5));
#14920=DIRECTION('',(-1.,0.,0.));
#14930=VECTOR('',#14920,1.);
#14940=LINE('',#14910,#14930);
#14950=CARTESIAN_POINT('',(1.3,-12.4,0.5));
#14960=VERTEX_POINT('',#14950);
#14970=CARTESIAN_POINT('',(0.349999999999999,-12.4,0.5));
#14980=VERTEX_POINT('',#14970);
#14990=EDGE_CURVE('',#14960,#14980,#14940,.T.);
#15000=ORIENTED_EDGE('',*,*,#14990,.T.);
#15010=CARTESIAN_POINT('',(1.3,-12.4,0.));
#15020=DIRECTION('',(0.,0.,1.));
#15030=VECTOR('',#15020,1.);
#15040=LINE('',#15010,#15030);
#15050=CARTESIAN_POINT('',(1.3,-12.4,0.));
#15060=VERTEX_POINT('',#15050);
#15070=EDGE_CURVE('',#15060,#14960,#15040,.T.);
#15080=ORIENTED_EDGE('',*,*,#15070,.T.);
#15090=CARTESIAN_POINT('',(0.,-12.4,0.));
#15100=DIRECTION('',(-1.,0.,0.));
#15110=VECTOR('',#15100,1.);
#15120=LINE('',#15090,#15110);
#15130=CARTESIAN_POINT('',(0.349999999999999,-12.4,0.));
#15140=VERTEX_POINT('',#15130);
#15150=EDGE_CURVE('',#15060,#15140,#15120,.T.);
#15160=ORIENTED_EDGE('',*,*,#15150,.F.);
#15170=CARTESIAN_POINT('',(0.349999999999999,-12.4,0.));
#15180=DIRECTION('',(0.,0.,-1.));
#15190=VECTOR('',#15180,1.);
#15200=LINE('',#15170,#15190);
#15210=EDGE_CURVE('',#14980,#15140,#15200,.T.);
#15220=ORIENTED_EDGE('',*,*,#15210,.T.);
#15230=EDGE_LOOP('',(#15220,#15160,#15080,#15000));
#15240=FACE_OUTER_BOUND('',#15230,.T.);
#15250=ADVANCED_FACE('',(#15240),#50,.F.);
#15260=COLOUR_RGB('',0.,0.,1.);
#15270=FILL_AREA_STYLE_COLOUR('',#15260);
#15280=FILL_AREA_STYLE('',(#15270));
#15290=SURFACE_STYLE_FILL_AREA(#15280);
#15300=SURFACE_SIDE_STYLE('',(#15290));
#15310=SURFACE_STYLE_USAGE(.BOTH.,#15300);
#15320=PRESENTATION_STYLE_ASSIGNMENT((#15310));
#15330=CARTESIAN_POINT('',(6.244997998,18.6,0.));
#15340=DIRECTION('',(-0.,-1.,-0.));
#15350=DIRECTION('',(-1.,0.,0.));
#15360=AXIS2_PLACEMENT_3D('',#15330,#15340,#15350);
#15370=PLANE('',#15360);
#15380=CARTESIAN_POINT('',(0.,18.6,0.));
#15390=DIRECTION('',(-1.,0.,0.));
#15400=VECTOR('',#15390,1.);
#15410=LINE('',#15380,#15400);
#15420=CARTESIAN_POINT('',(7.35119037979563,18.6,0.));
#15430=VERTEX_POINT('',#15420);
#15440=EDGE_CURVE('',#14630,#15430,#15410,.T.);
#15450=ORIENTED_EDGE('',*,*,#15440,.T.);
#15460=ORIENTED_EDGE('',*,*,#14640,.T.);
#15470=CARTESIAN_POINT('',(0.,18.6,4.5));
#15480=DIRECTION('',(1.,0.,0.));
#15490=VECTOR('',#15480,1.);
#15500=LINE('',#15470,#15490);
#15510=CARTESIAN_POINT('',(7.35119037979563,18.6,4.5));
#15520=VERTEX_POINT('',#15510);
#15530=EDGE_CURVE('',#15520,#14550,#15500,.T.);
#15540=ORIENTED_EDGE('',*,*,#15530,.T.);
#15550=CARTESIAN_POINT('',(7.35119037979563,18.6,16.));
#15560=DIRECTION('',(0.,0.,-1.));
#15570=VECTOR('',#15560,1.);
#15580=LINE('',#15550,#15570);
#15590=EDGE_CURVE('',#15520,#15430,#15580,.T.);
#15600=ORIENTED_EDGE('',*,*,#15590,.F.);
#15610=EDGE_LOOP('',(#15600,#15540,#15460,#15450));
#15620=FACE_OUTER_BOUND('',#15610,.T.);
#15630=ADVANCED_FACE('',(#15620),#15370,.F.);
#15640=COLOUR_RGB('',0.,0.,1.);
#15650=FILL_AREA_STYLE_COLOUR('',#15640);
#15660=FILL_AREA_STYLE('',(#15650));
#15670=SURFACE_STYLE_FILL_AREA(#15660);
#15680=SURFACE_SIDE_STYLE('',(#15670));
#15690=SURFACE_STYLE_USAGE(.BOTH.,#15680);
#15700=PRESENTATION_STYLE_ASSIGNMENT((#15690));
#15710=CARTESIAN_POINT('',(-14.841687605,18.6,0.));
#15720=DIRECTION('',(-0.,-1.,-0.));
#15730=DIRECTION('',(-1.,0.,0.));
#15740=AXIS2_PLACEMENT_3D('',#15710,#15720,#15730);
#15750=PLANE('',#15740);
#15760=CARTESIAN_POINT('',(-14.3575714714371,18.6,2.5));
#15770=DIRECTION('',(0.,0.,-1.));
#15780=VECTOR('',#15770,1.);
#15790=LINE('',#15760,#15780);
#15800=CARTESIAN_POINT('',(-14.3575714714371,18.6,4.49999999999995));
#15810=VERTEX_POINT('',#15800);
#15820=CARTESIAN_POINT('',(-14.3575714714371,18.6,0.));
#15830=VERTEX_POINT('',#15820);
#15840=EDGE_CURVE('',#15810,#15830,#15790,.T.);
#15850=ORIENTED_EDGE('',*,*,#15840,.F.);
#15860=CARTESIAN_POINT('',(0.,18.6,0.));
#15870=DIRECTION('',(-1.,0.,0.));
#15880=VECTOR('',#15870,1.);
#15890=LINE('',#15860,#15880);
#15900=CARTESIAN_POINT('',(-7.35119037979563,18.6,0.));
#15910=VERTEX_POINT('',#15900);
#15920=EDGE_CURVE('',#15910,#15830,#15890,.T.);
#15930=ORIENTED_EDGE('',*,*,#15920,.T.);
#15940=CARTESIAN_POINT('',(-7.35119037979563,18.6,16.));
#15950=DIRECTION('',(0.,0.,-1.));
#15960=VECTOR('',#15950,1.);
#15970=LINE('',#15940,#15960);
#15980=CARTESIAN_POINT('',(-7.35119037979564,18.6,4.49999999999995));
#15990=VERTEX_POINT('',#15980);
#16000=EDGE_CURVE('',#15990,#15910,#15970,.T.);
#16010=ORIENTED_EDGE('',*,*,#16000,.T.);
#16020=CARTESIAN_POINT('',(0.,18.6,4.49999999999995));
#16030=DIRECTION('',(-1.,0.,0.));
#16040=VECTOR('',#16030,1.);
#16050=LINE('',#16020,#16040);
#16060=EDGE_CURVE('',#15990,#15810,#16050,.T.);
#16070=ORIENTED_EDGE('',*,*,#16060,.F.);
#16080=EDGE_LOOP('',(#16070,#16010,#15930,#15850));
#16090=FACE_OUTER_BOUND('',#16080,.T.);
#16100=ADVANCED_FACE('',(#16090),#15750,.F.);
#16110=COLOUR_RGB('',0.,0.,1.);
#16120=FILL_AREA_STYLE_COLOUR('',#16110);
#16130=FILL_AREA_STYLE('',(#16120));
#16140=SURFACE_STYLE_FILL_AREA(#16130);
#16150=SURFACE_SIDE_STYLE('',(#16140));
#16160=SURFACE_STYLE_USAGE(.BOTH.,#16150);
#16170=PRESENTATION_STYLE_ASSIGNMENT((#16160));
#16180=CARTESIAN_POINT('',(-16.5,16.5,2.5));
#16190=DIRECTION('',(0.,0.,-1.));
#16200=DIRECTION('',(-1.,0.,0.));
#16210=AXIS2_PLACEMENT_3D('',#16180,#16190,#16200);
#16220=CYLINDRICAL_SURFACE('',#16210,3.);
#16230=CARTESIAN_POINT('',(-18.6,14.3575714714372,2.5));
#16240=DIRECTION('',(0.,0.,-1.));
#16250=VECTOR('',#16240,1.);
#16260=LINE('',#16230,#16250);
#16270=CARTESIAN_POINT('',(-18.6,14.3575714714372,4.4999999999492));
#16280=VERTEX_POINT('',#16270);
#16290=CARTESIAN_POINT('',(-18.6,14.3575714714372,0.));
#16300=VERTEX_POINT('',#16290);
#16310=EDGE_CURVE('',#16280,#16300,#16260,.T.);
#16320=ORIENTED_EDGE('',*,*,#16310,.F.);
#16330=CARTESIAN_POINT('',(-16.5,16.5,0.));
#16340=DIRECTION('',(0.,0.,1.));
#16350=DIRECTION('',(-1.,0.,0.));
#16360=AXIS2_PLACEMENT_3D('',#16330,#16340,#16350);
#16370=CIRCLE('',#16360,3.);
#16380=CARTESIAN_POINT('',(-19.5,16.5,0.));
#16390=VERTEX_POINT('',#16380);
#16400=EDGE_CURVE('',#16390,#16300,#16370,.T.);
#16410=ORIENTED_EDGE('',*,*,#16400,.T.);
#16420=CARTESIAN_POINT('',(-19.5,16.5,2.5));
#16430=DIRECTION('',(0.,0.,-1.));
#16440=VECTOR('',#16430,1.);
#16450=LINE('',#16420,#16440);
#16460=CARTESIAN_POINT('',(-19.5,16.5,4.4999999999492));
#16470=VERTEX_POINT('',#16460);
#16480=EDGE_CURVE('',#16470,#16390,#16450,.T.);
#16490=ORIENTED_EDGE('',*,*,#16480,.T.);
#16500=CARTESIAN_POINT('',(-16.5,16.5,4.4999999999492));
#16510=DIRECTION('',(0.,0.,1.));
#16520=DIRECTION('',(1.,0.,0.));
#16530=AXIS2_PLACEMENT_3D('',#16500,#16510,#16520);
#16540=CIRCLE('',#16530,3.);
#16550=EDGE_CURVE('',#16470,#16280,#16540,.T.);
#16560=ORIENTED_EDGE('',*,*,#16550,.F.);
#16570=EDGE_LOOP('',(#16560,#16490,#16410,#16320));
#16580=FACE_OUTER_BOUND('',#16570,.T.);
#16590=ADVANCED_FACE('',(#16580),#16220,.T.);
#16600=COLOUR_RGB('',0.,0.,1.);
#16610=FILL_AREA_STYLE_COLOUR('',#16600);
#16620=FILL_AREA_STYLE('',(#16610));
#16630=SURFACE_STYLE_FILL_AREA(#16620);
#16640=SURFACE_SIDE_STYLE('',(#16630));
#16650=SURFACE_STYLE_USAGE(.BOTH.,#16640);
#16660=PRESENTATION_STYLE_ASSIGNMENT((#16650));
#16670=CARTESIAN_POINT('',(-16.5,-16.5,-8.3));
#16680=DIRECTION('',(0.,0.,1.));
#16690=DIRECTION('',(-1.,0.,0.));
#16700=AXIS2_PLACEMENT_3D('',#16670,#16680,#16690);
#16710=CYLINDRICAL_SURFACE('',#16700,1.6);
#16720=ORIENTED_EDGE('',*,*,#3540,.F.);
#16730=CARTESIAN_POINT('',(-16.5,-16.5,0.));
#16740=DIRECTION('',(0.,0.,-1.));
#16750=DIRECTION('',(-1.,0.,0.));
#16760=AXIS2_PLACEMENT_3D('',#16730,#16740,#16750);
#16770=CIRCLE('',#16760,1.6);
#16780=CARTESIAN_POINT('',(-18.1,-16.5,0.));
#16790=VERTEX_POINT('',#16780);
#16800=EDGE_CURVE('',#3450,#16790,#16770,.T.);
#16810=ORIENTED_EDGE('',*,*,#16800,.F.);
#16820=CARTESIAN_POINT('',(-18.1,-16.5,-8.3));
#16830=DIRECTION('',(0.,0.,1.));
#16840=VECTOR('',#16830,1.);
#16850=LINE('',#16820,#16840);
#16860=CARTESIAN_POINT('',(-18.1,-16.5,-0.5));
#16870=VERTEX_POINT('',#16860);
#16880=EDGE_CURVE('',#16870,#16790,#16850,.T.);
#16890=ORIENTED_EDGE('',*,*,#16880,.T.);
#16900=CARTESIAN_POINT('',(-16.5,-16.5,-0.5));
#16910=DIRECTION('',(0.,0.,-1.));
#16920=DIRECTION('',(-1.,0.,0.));
#16930=AXIS2_PLACEMENT_3D('',#16900,#16910,#16920);
#16940=CIRCLE('',#16930,1.6);
#16950=EDGE_CURVE('',#3530,#16870,#16940,.T.);
#16960=ORIENTED_EDGE('',*,*,#16950,.T.);
#16970=EDGE_LOOP('',(#16960,#16890,#16810,#16720));
#16980=FACE_OUTER_BOUND('',#16970,.T.);
#16990=ADVANCED_FACE('',(#16980),#16710,.F.);
#17000=COLOUR_RGB('',0.,0.,1.);
#17010=FILL_AREA_STYLE_COLOUR('',#17000);
#17020=FILL_AREA_STYLE('',(#17010));
#17030=SURFACE_STYLE_FILL_AREA(#17020);
#17040=SURFACE_SIDE_STYLE('',(#17030));
#17050=SURFACE_STYLE_USAGE(.BOTH.,#17040);
#17060=PRESENTATION_STYLE_ASSIGNMENT((#17050));
#17070=CARTESIAN_POINT('',(-18.6,6.244997998,0.));
#17080=DIRECTION('',(1.,0.,0.));
#17090=DIRECTION('',(0.,-1.,0.));
#17100=AXIS2_PLACEMENT_3D('',#17070,#17080,#17090);
#17110=PLANE('',#17100);
#17120=CARTESIAN_POINT('',(-18.6,0.,0.));
#17130=DIRECTION('',(0.,-1.,0.));
#17140=VECTOR('',#17130,1.);
#17150=LINE('',#17120,#17140);
#17160=CARTESIAN_POINT('',(-18.6,7.35119037979564,0.));
#17170=VERTEX_POINT('',#17160);
#17180=EDGE_CURVE('',#16300,#17170,#17150,.T.);
#17190=ORIENTED_EDGE('',*,*,#17180,.T.);
#17200=ORIENTED_EDGE('',*,*,#16310,.T.);
#17210=CARTESIAN_POINT('',(-18.6,0.,4.5));
#17220=DIRECTION('',(0.,1.,0.));
#17230=VECTOR('',#17220,1.);
#17240=LINE('',#17210,#17230);
#17250=CARTESIAN_POINT('',(-18.6,7.35119037979564,4.5));
#17260=VERTEX_POINT('',#17250);
#17270=EDGE_CURVE('',#17260,#16280,#17240,.T.);
#17280=ORIENTED_EDGE('',*,*,#17270,.T.);
#17290=CARTESIAN_POINT('',(-18.6,7.35119037979564,16.));
#17300=DIRECTION('',(0.,0.,-1.));
#17310=VECTOR('',#17300,1.);
#17320=LINE('',#17290,#17310);
#17330=EDGE_CURVE('',#17260,#17170,#17320,.T.);
#17340=ORIENTED_EDGE('',*,*,#17330,.F.);
#17350=EDGE_LOOP('',(#17340,#17280,#17200,#17190));
#17360=FACE_OUTER_BOUND('',#17350,.T.);
#17370=ADVANCED_FACE('',(#17360),#17110,.F.);
#17380=COLOUR_RGB('',0.,0.,1.);
#17390=FILL_AREA_STYLE_COLOUR('',#17380);
#17400=FILL_AREA_STYLE('',(#17390));
#17410=SURFACE_STYLE_FILL_AREA(#17400);
#17420=SURFACE_SIDE_STYLE('',(#17410));
#17430=SURFACE_STYLE_USAGE(.BOTH.,#17420);
#17440=PRESENTATION_STYLE_ASSIGNMENT((#17430));
#17450=CARTESIAN_POINT('',(-18.6,-14.841687605,0.));
#17460=DIRECTION('',(1.,0.,0.));
#17470=DIRECTION('',(0.,-1.,0.));
#17480=AXIS2_PLACEMENT_3D('',#17450,#17460,#17470);
#17490=PLANE('',#17480);
#17500=CARTESIAN_POINT('',(-18.6,-14.3575714714372,2.5));
#17510=DIRECTION('',(0.,0.,-1.));
#17520=VECTOR('',#17510,1.);
#17530=LINE('',#17500,#17520);
#17540=CARTESIAN_POINT('',(-18.6,-14.3575714714372,4.49999999994919));
#17550=VERTEX_POINT('',#17540);
#17560=CARTESIAN_POINT('',(-18.6,-14.3575714714372,0.));
#17570=VERTEX_POINT('',#17560);
#17580=EDGE_CURVE('',#17550,#17570,#17530,.T.);
#17590=ORIENTED_EDGE('',*,*,#17580,.F.);
#17600=CARTESIAN_POINT('',(-18.6,0.,0.));
#17610=DIRECTION('',(0.,-1.,0.));
#17620=VECTOR('',#17610,1.);
#17630=LINE('',#17600,#17620);
#17640=EDGE_CURVE('',#4900,#17570,#17630,.T.);
#17650=ORIENTED_EDGE('',*,*,#17640,.T.);
#17660=ORIENTED_EDGE('',*,*,#4910,.T.);
#17670=CARTESIAN_POINT('',(-18.6,-10.8543809256164,4.49999999999996));
#17680=DIRECTION('',(0.,1.,0.));
#17690=VECTOR('',#17680,1.);
#17700=LINE('',#17670,#17690);
#17710=EDGE_CURVE('',#17550,#4820,#17700,.T.);
#17720=ORIENTED_EDGE('',*,*,#17710,.T.);
#17730=EDGE_LOOP('',(#17720,#17660,#17650,#17590));
#17740=FACE_OUTER_BOUND('',#17730,.T.);
#17750=ADVANCED_FACE('',(#17740),#17490,.F.);
#17760=COLOUR_RGB('',0.,0.,1.);
#17770=FILL_AREA_STYLE_COLOUR('',#17760);
#17780=FILL_AREA_STYLE('',(#17770));
#17790=SURFACE_STYLE_FILL_AREA(#17780);
#17800=SURFACE_SIDE_STYLE('',(#17790));
#17810=SURFACE_STYLE_USAGE(.BOTH.,#17800);
#17820=PRESENTATION_STYLE_ASSIGNMENT((#17810));
#17830=CARTESIAN_POINT('',(-16.5,-16.5,2.5));
#17840=DIRECTION('',(0.,0.,-1.));
#17850=DIRECTION('',(-1.,0.,0.));
#17860=AXIS2_PLACEMENT_3D('',#17830,#17840,#17850);
#17870=CYLINDRICAL_SURFACE('',#17860,3.);
#17880=CARTESIAN_POINT('',(-14.3575714714371,-18.6,2.5));
#17890=DIRECTION('',(0.,0.,-1.));
#17900=VECTOR('',#17890,1.);
#17910=LINE('',#17880,#17900);
#17920=CARTESIAN_POINT('',(-14.3575714714371,-18.6,4.49999999994919));
#17930=VERTEX_POINT('',#17920);
#17940=CARTESIAN_POINT('',(-14.3575714714371,-18.6,0.));
#17950=VERTEX_POINT('',#17940);
#17960=EDGE_CURVE('',#17930,#17950,#17910,.T.);
#17970=ORIENTED_EDGE('',*,*,#17960,.F.);
#17980=CARTESIAN_POINT('',(-16.5,-16.5,0.));
#17990=DIRECTION('',(0.,0.,1.));
#18000=DIRECTION('',(-1.,0.,0.));
#18010=AXIS2_PLACEMENT_3D('',#17980,#17990,#18000);
#18020=CIRCLE('',#18010,3.);
#18030=EDGE_CURVE('',#3430,#17950,#18020,.T.);
#18040=ORIENTED_EDGE('',*,*,#18030,.T.);
#18050=ORIENTED_EDGE('',*,*,#3680,.F.);
#18060=CARTESIAN_POINT('',(-16.5,-16.5,-0.500000000000001));
#18070=DIRECTION('',(0.,0.,-1.));
#18080=DIRECTION('',(-1.,0.,0.));
#18090=AXIS2_PLACEMENT_3D('',#18060,#18070,#18080);
#18100=CIRCLE('',#18090,3.);
#18110=CARTESIAN_POINT('',(-19.5,-16.5,-0.5));
#18120=VERTEX_POINT('',#18110);
#18130=EDGE_CURVE('',#3610,#18120,#18100,.T.);
#18140=ORIENTED_EDGE('',*,*,#18130,.F.);
#18150=CARTESIAN_POINT('',(-19.5,-16.5,2.5));
#18160=DIRECTION('',(0.,0.,-1.));
#18170=VECTOR('',#18160,1.);
#18180=LINE('',#18150,#18170);
#18190=CARTESIAN_POINT('',(-19.5,-16.5,0.));
#18200=VERTEX_POINT('',#18190);
#18210=EDGE_CURVE('',#18200,#18120,#18180,.T.);
#18220=ORIENTED_EDGE('',*,*,#18210,.T.);
#18230=CARTESIAN_POINT('',(-19.5,-16.5,4.49999999994919));
#18240=VERTEX_POINT('',#18230);
#18250=EDGE_CURVE('',#18240,#18200,#18180,.T.);
#18260=ORIENTED_EDGE('',*,*,#18250,.T.);
#18270=CARTESIAN_POINT('',(-16.5,-16.5,4.49999999994919));
#18280=DIRECTION('',(0.,0.,1.));
#18290=DIRECTION('',(1.,0.,0.));
#18300=AXIS2_PLACEMENT_3D('',#18270,#18280,#18290);
#18310=CIRCLE('',#18300,3.);
#18320=EDGE_CURVE('',#18240,#17930,#18310,.T.);
#18330=ORIENTED_EDGE('',*,*,#18320,.F.);
#18340=EDGE_LOOP('',(#18330,#18260,#18220,#18140,#18050,#18040,#17970));
#18350=FACE_OUTER_BOUND('',#18340,.T.);
#18360=ADVANCED_FACE('',(#18350),#17870,.T.);
#18370=COLOUR_RGB('',0.,0.,1.);
#18380=FILL_AREA_STYLE_COLOUR('',#18370);
#18390=FILL_AREA_STYLE('',(#18380));
#18400=SURFACE_STYLE_FILL_AREA(#18390);
#18410=SURFACE_SIDE_STYLE('',(#18400));
#18420=SURFACE_STYLE_USAGE(.BOTH.,#18410);
#18430=PRESENTATION_STYLE_ASSIGNMENT((#18420));
#18440=CARTESIAN_POINT('',(-0.125000000000001,-18.2899999999998,-8.1));
#18450=DIRECTION('',(0.,-1.,0.));
#18460=DIRECTION('',(0.,0.,-1.));
#18470=AXIS2_PLACEMENT_3D('',#18440,#18450,#18460);
#18480=PLANE('',#18470);
#18490=CARTESIAN_POINT('',(-0.125000000000001,-18.2899999999998,-11.45))
;
#18500=DIRECTION('',(0.,0.,-1.));
#18510=VECTOR('',#18500,1.);
#18520=LINE('',#18490,#18510);
#18530=CARTESIAN_POINT('',(-0.125000000000001,-18.2899999999998,1.));
#18540=VERTEX_POINT('',#18530);
#18550=CARTESIAN_POINT('',(-0.125000000000001,-18.2899999999998,
-3.5000000000002));
#18560=VERTEX_POINT('',#18550);
#18570=EDGE_CURVE('',#18540,#18560,#18520,.T.);
#18580=ORIENTED_EDGE('',*,*,#18570,.F.);
#18590=CARTESIAN_POINT('',(-1.4432899320127E-15,-18.2899999999998,
-3.5000000000002));
#18600=DIRECTION('',(-1.,0.,0.));
#18610=VECTOR('',#18600,1.);
#18620=LINE('',#18590,#18610);
#18630=CARTESIAN_POINT('',(0.124999999999999,-18.2899999999998,
-3.5000000000002));
#18640=VERTEX_POINT('',#18630);
#18650=EDGE_CURVE('',#18640,#18560,#18620,.T.);
#18660=ORIENTED_EDGE('',*,*,#18650,.T.);
#18670=CARTESIAN_POINT('',(0.124999999999999,-18.2899999999998,-11.45));
#18680=DIRECTION('',(0.,0.,1.));
#18690=VECTOR('',#18680,1.);
#18700=LINE('',#18670,#18690);
#18710=CARTESIAN_POINT('',(0.124999999999999,-18.2899999999998,1.));
#18720=VERTEX_POINT('',#18710);
#18730=EDGE_CURVE('',#18640,#18720,#18700,.T.);
#18740=ORIENTED_EDGE('',*,*,#18730,.F.);
#18750=CARTESIAN_POINT('',(0.,-18.2899999999998,1.));
#18760=DIRECTION('',(1.,0.,0.));
#18770=VECTOR('',#18760,1.);
#18780=LINE('',#18750,#18770);
#18790=EDGE_CURVE('',#18540,#18720,#18780,.T.);
#18800=ORIENTED_EDGE('',*,*,#18790,.T.);
#18810=EDGE_LOOP('',(#18800,#18740,#18660,#18580));
#18820=FACE_OUTER_BOUND('',#18810,.T.);
#18830=ADVANCED_FACE('',(#18820),#18480,.F.);
#18840=COLOUR_RGB('',0.749019622802734,0.749019622802734,
0.749019622802734);
#18850=FILL_AREA_STYLE_COLOUR('',#18840);
#18860=FILL_AREA_STYLE('',(#18850));
#18870=SURFACE_STYLE_FILL_AREA(#18860);
#18880=SURFACE_SIDE_STYLE('',(#18870));
#18890=SURFACE_STYLE_USAGE(.BOTH.,#18880);
#18900=PRESENTATION_STYLE_ASSIGNMENT((#18890));
#18910=CARTESIAN_POINT('',(-6.244997998,-18.6,0.));
#18920=DIRECTION('',(-0.,1.,0.));
#18930=DIRECTION('',(1.,0.,0.));
#18940=AXIS2_PLACEMENT_3D('',#18910,#18920,#18930);
#18950=PLANE('',#18940);
#18960=ORIENTED_EDGE('',*,*,#7830,.F.);
#18970=CARTESIAN_POINT('',(0.,-18.6,0.));
#18980=DIRECTION('',(1.,0.,0.));
#18990=VECTOR('',#18980,1.);
#19000=LINE('',#18970,#18990);
#19010=EDGE_CURVE('',#17950,#7740,#19000,.T.);
#19020=ORIENTED_EDGE('',*,*,#19010,.T.);
#19030=ORIENTED_EDGE('',*,*,#17960,.T.);
#19040=CARTESIAN_POINT('',(-10.8543809256164,-18.6,4.5));
#19050=DIRECTION('',(-1.,0.,0.));
#19060=VECTOR('',#19050,1.);
#19070=LINE('',#19040,#19060);
#19080=EDGE_CURVE('',#7820,#17930,#19070,.T.);
#19090=ORIENTED_EDGE('',*,*,#19080,.T.);
#19100=EDGE_LOOP('',(#19090,#19030,#19020,#18960));
#19110=FACE_OUTER_BOUND('',#19100,.T.);
#19120=ADVANCED_FACE('',(#19110),#18950,.F.);
#19130=COLOUR_RGB('',0.,0.,1.);
#19140=FILL_AREA_STYLE_COLOUR('',#19130);
#19150=FILL_AREA_STYLE('',(#19140));
#19160=SURFACE_STYLE_FILL_AREA(#19150);
#19170=SURFACE_SIDE_STYLE('',(#19160));
#19180=SURFACE_STYLE_USAGE(.BOTH.,#19170);
#19190=PRESENTATION_STYLE_ASSIGNMENT((#19180));
#19200=CARTESIAN_POINT('',(-2.92681697846974,-19.7846845406881,
9.9998034470488));
#19210=CARTESIAN_POINT('',(-2.92681697846974,-19.7846845406881,
9.97809182151682));
#19220=CARTESIAN_POINT('',(-2.92682926829268,-19.784682722608,
9.95641285710204));
#19230=CARTESIAN_POINT('',(-2.92682926829268,-19.784682722608,
9.74375202190895));
#19240=CARTESIAN_POINT('',(-2.92682926829268,-19.784682722608,
9.55283547218025));
#19250=CARTESIAN_POINT('',(-2.92682926829268,-19.7846827226081,
9.31938675541292));
#19260=CARTESIAN_POINT('',(-2.92682926829268,-19.7846827226081,
9.2768545883743));
#19270=CARTESIAN_POINT('',(-2.92682926829268,-19.784682722608,
9.19179025429706));
#19280=CARTESIAN_POINT('',(-2.92682926829268,-19.784682722608,
9.14925808725845));
#19290=CARTESIAN_POINT('',(-2.92682926829268,-19.7846827226081,
9.06419375318121));
#19300=CARTESIAN_POINT('',(-2.92682926829268,-19.7846827226081,
9.02166158614259));
#19310=CARTESIAN_POINT('',(-2.92682926829268,-19.784682722608,
8.85153702515351));
#19320=CARTESIAN_POINT('',(-2.92682926829268,-19.784682722608,
8.59635223725257));
#19330=CARTESIAN_POINT('',(-2.92682926829268,-19.784682722608,
8.34116744935164));
#19340=CARTESIAN_POINT('',(-2.92682926829268,-19.784682722608,
7.95839026750024));
#19350=CARTESIAN_POINT('',(-2.92682926829268,-19.784682722608,
7.70320547959931));
#19360=CARTESIAN_POINT('',(-2.92682926829268,-19.784682722608,
7.05458993226039));
#19370=CARTESIAN_POINT('',(-2.92682926829268,-19.784682722608,
6.66115917282241));
#19380=CARTESIAN_POINT('',(-2.92682926829268,-19.784682722608,
5.87429765394644));
#19390=CARTESIAN_POINT('',(-2.92682926829268,-19.7846827226081,
5.48086689450846));
#19400=CARTESIAN_POINT('',(-2.92682926829268,-19.7846827226081,
5.06617005155117));
#19410=CARTESIAN_POINT('',(-2.92682926829268,-19.784682722608,
5.04490396803186));
#19420=CARTESIAN_POINT('',(-2.92682926829268,-19.784682722608,
5.00237180099324));
#19430=CARTESIAN_POINT('',(-2.92682926829268,-19.784682722608,
4.98110571747393));
#19440=CARTESIAN_POINT('',(-2.92682926829268,-19.784682722608,
4.93857355043531));
#19450=CARTESIAN_POINT('',(-2.92682926829268,-19.784682722608,
4.91730746691601));
#19460=CARTESIAN_POINT('',(-2.92682926829268,-19.784682722608,
4.87426399276909));
#19470=CARTESIAN_POINT('',(-2.92682926829268,-19.784682722608,
4.85248660214148));
#19480=CARTESIAN_POINT('',(-2.92682926829268,-19.784682722608,
4.81531057740286));
#19490=CARTESIAN_POINT('',(-2.92682926829268,-19.784682722608,
4.80054698124081));
#19500=CARTESIAN_POINT('',(-2.92682926829268,-19.784682722608,
4.7652740270068));
#19510=CARTESIAN_POINT('',(-2.92682926829268,-19.784682722608,
4.74508218790931));
#19520=CARTESIAN_POINT('',(-2.92682926829268,-19.784682722608,
4.70469850971434));
#19530=CARTESIAN_POINT('',(-2.92682926829268,-19.784682722608,
4.68450667061685));
#19540=CARTESIAN_POINT('',(-2.92682926829268,-19.784682722608,
4.29493247488253));
#19550=CARTESIAN_POINT('',(-2.92682926829268,-19.784682722608,
3.92555011824569));
#19560=CARTESIAN_POINT('',(-2.92682926829268,-19.7846827226081,
3.18678540497202));
#19570=CARTESIAN_POINT('',(-2.92682926829268,-19.7846827226081,
2.81740304833518));
#19580=CARTESIAN_POINT('',(-2.92682926829268,-19.7846827226081,
2.20155195586185));
#19590=CARTESIAN_POINT('',(-2.92682926829268,-19.7846827226081,
1.95508322002535));
#19600=CARTESIAN_POINT('',(-2.92682926829268,-19.7846827226081,
1.5853801162706));
#19610=CARTESIAN_POINT('',(-2.92682926829268,-19.7846827226081,
1.3389113804341));
#19620=CARTESIAN_POINT('',(-2.92682926829268,-19.7846827226081,
1.0924426445976));
#19630=CARTESIAN_POINT('',(-2.92682926829267,-19.784682722608,
0.928824598484375));
#19640=CARTESIAN_POINT('',(-2.92682926829268,-19.784682722608,
0.888440920289401));
#19650=CARTESIAN_POINT('',(-2.92682926829267,-19.784682722608,
0.807673563899454));
#19660=CARTESIAN_POINT('',(-2.92682926829267,-19.784682722608,
0.767289885704481));
#19670=CARTESIAN_POINT('',(-2.92682926829268,-19.7846827226081,
0.686522529314536));
#19680=CARTESIAN_POINT('',(-2.92682926829267,-19.784682722608,
0.646138851119563));
#19690=CARTESIAN_POINT('',(-2.92682926829268,-19.784682722608,
0.237170115249728));
#19700=CARTESIAN_POINT('',(-2.92682926829268,-19.784682722608,
-0.131414942425135));
#19710=CARTESIAN_POINT('',(-2.92682926829268,-19.784682722608,
-0.500000000099997));
#19720=CARTESIAN_POINT('',(-2.66976074687316,-19.8227117602533,
10.0000446654953));
#19730=CARTESIAN_POINT('',(-2.66976066856672,-19.8227117755416,
9.97824207103718));
#19740=CARTESIAN_POINT('',(-2.66977007007766,-19.8227105465698,
9.95641128848512));
#19750=CARTESIAN_POINT('',(-2.66977007138729,-19.822710545786,
9.74375084597621));
#19760=CARTESIAN_POINT('',(-2.6697700722922,-19.8227105452444,
9.55283456746105));
#19770=CARTESIAN_POINT('',(-2.66977007314385,-19.8227105447347,
9.3193861058183));
#19780=CARTESIAN_POINT('',(-2.66977007328867,-19.8227105446481,
9.27685398214102));
#19790=CARTESIAN_POINT('',(-2.669770073559,-19.8227105444863,
9.19178972899042));
#19800=CARTESIAN_POINT('',(-2.66977007368451,-19.8227105444112,
9.14925759951813));
#19810=CARTESIAN_POINT('',(-2.66977007391759,-19.8227105442717,
9.06419333519438));
#19820=CARTESIAN_POINT('',(-2.66977007402517,-19.8227105442073,
9.02166120034387));
#19830=CARTESIAN_POINT('',(-2.66977007442237,-19.8227105439695,
8.85153675818948));
#19840=CARTESIAN_POINT('',(-2.66977007486919,-19.822710543702,
8.59635210392494));
#19850=CARTESIAN_POINT('',(-2.66977007416109,-19.8227105437062,
8.34116752022443));
#19860=CARTESIAN_POINT('',(-2.6697700735967,-19.8227105436891,
7.95838999243503));
#19870=CARTESIAN_POINT('',(-2.6697700738841,-19.8227105436466,
7.70320410425723));
#19880=CARTESIAN_POINT('',(-2.66977007429201,-19.8227105435862,
7.05459205269195));
#19890=CARTESIAN_POINT('',(-2.66977007423774,-19.8227105435942,
6.66116929820298));
#19900=CARTESIAN_POINT('',(-2.66977007433095,-19.8227105435805,
5.87428752856586));
#19910=CARTESIAN_POINT('',(-2.66977007447843,-19.8227105435587,
5.48082851341772));
#19920=CARTESIAN_POINT('',(-2.66977007458894,-19.8227105435423,
5.0661721261614));
#19930=CARTESIAN_POINT('',(-2.66977007459448,-19.8227105435414,
5.04490831194632));
#19940=CARTESIAN_POINT('',(-2.66977007460564,-19.8227105435398,
5.00236745707877));
#19950=CARTESIAN_POINT('',(-2.66977007461127,-19.822710543539,
4.98109041642631));
#19960=CARTESIAN_POINT('',(-2.66977007462246,-19.8227105435373,
4.93858885148294));
#19970=CARTESIAN_POINT('',(-2.66977007462803,-19.8227105435364,
4.91736432719203));
#19980=CARTESIAN_POINT('',(-2.66977007463941,-19.8227105435349,
4.87420576535771));
#19990=CARTESIAN_POINT('',(-2.66977007464522,-19.8227105435342,
4.85226693840203));
#20000=CARTESIAN_POINT('',(-2.66977007465489,-19.8227105435327,
4.81546269729003));
#20010=CARTESIAN_POINT('',(-2.66977007465879,-19.822710543532,
4.80049658169726));
#20020=CARTESIAN_POINT('',(-2.669770074668,-19.8227105435305,
4.76534150606686));
#20030=CARTESIAN_POINT('',(-2.66977007467333,-19.8227105435298,
4.74510134368233));
#20040=CARTESIAN_POINT('',(-2.66977007468394,-19.8227105435282,
4.70467935394132));
#20050=CARTESIAN_POINT('',(-2.66977007468922,-19.8227105435275,
4.68449752658484));
#20060=CARTESIAN_POINT('',(-2.66977007479107,-19.8227105435122,
4.29509975256732));
#20070=CARTESIAN_POINT('',(-2.66977007488543,-19.8227105434983,
3.92559428830995));
#20080=CARTESIAN_POINT('',(-2.66977007505622,-19.8227105434732,
3.18674123490777));
#20090=CARTESIAN_POINT('',(-2.66977007513265,-19.8227105434619,
2.81739364576296));
#20100=CARTESIAN_POINT('',(-2.66977007522826,-19.8227105434477,
2.20155822968638));
#20110=CARTESIAN_POINT('',(-2.66977007525803,-19.8227105434433,
1.95508447479026));
#20120=CARTESIAN_POINT('',(-2.66977007529449,-19.8227105434379,
1.58537948888815));
#20130=CARTESIAN_POINT('',(-2.66977007531606,-19.8227105434347,
1.3389113804341));
#20140=CARTESIAN_POINT('',(-2.66977007531606,-19.8227105434347,
1.0924426445976));
#20150=CARTESIAN_POINT('',(-2.66977007531606,-19.8227105434347,
0.928824598484379));
#20160=CARTESIAN_POINT('',(-2.66977007531606,-19.8227105434347,
0.888440920289405));
#20170=CARTESIAN_POINT('',(-2.66977007531606,-19.8227105434347,
0.807673563899458));
#20180=CARTESIAN_POINT('',(-2.66977007531606,-19.8227105434347,
0.767289885704485));
#20190=CARTESIAN_POINT('',(-2.66977007531606,-19.8227105434347,
0.686522529314539));
#20200=CARTESIAN_POINT('',(-2.66977007531606,-19.8227105434347,
0.646138851119566));
#20210=CARTESIAN_POINT('',(-2.66977007531606,-19.8227105434347,
0.237170115249732));
#20220=CARTESIAN_POINT('',(-2.66977007531606,-19.8227105434347,
-0.13141494242513));
#20230=CARTESIAN_POINT('',(-2.66977007531606,-19.8227105434347,
-0.500000000099992));
#20240=CARTESIAN_POINT('',(-2.5,-20.0194485516781,9.99981256571909));
#20250=CARTESIAN_POINT('',(-2.5,-20.0194485117927,9.97810610862924));
#20260=CARTESIAN_POINT('',(-2.5,-20.019443012381,9.95641407596212));
#20270=CARTESIAN_POINT('',(-2.5,-20.0194430130419,9.7437529365705));
#20280=CARTESIAN_POINT('',(-2.5,-20.0194430134985,9.55283617652872));
#20290=CARTESIAN_POINT('',(-2.5,-20.0194430139283,9.31938726170386));
#20300=CARTESIAN_POINT('',(-2.5,-20.0194430140013,9.27685506096555));
#20310=CARTESIAN_POINT('',(-2.5,-20.0194430141377,9.19179066396798));
#20320=CARTESIAN_POINT('',(-2.5,-20.0194430142011,9.14925846770973));
#20330=CARTESIAN_POINT('',(-2.5,-20.0194430143187,9.06419407935519));
#20340=CARTESIAN_POINT('',(-2.5,-20.019443014373,9.02166188725985));
#20350=CARTESIAN_POINT('',(-2.5,-20.0194430145734,8.85153723374551));
#20360=CARTESIAN_POINT('',(-2.49999999999997,-20.0194430147989,
8.59635234170295));
#20370=CARTESIAN_POINT('',(-2.49999999999999,-20.0194430144218,
8.34116763911344));
#20380=CARTESIAN_POINT('',(-2.50000000000001,-20.0194430141203,
7.95838999243504));
#20390=CARTESIAN_POINT('',(-2.5,-20.0194430142714,7.70320410425724));
#20400=CARTESIAN_POINT('',(-2.49999999999999,-20.0194430144859,
7.05459205269195));
#20410=CARTESIAN_POINT('',(-2.5,-20.0194430144573,6.66116929820298));
#20420=CARTESIAN_POINT('',(-2.5,-20.0194430145064,5.87428752856586));
#20430=CARTESIAN_POINT('',(-2.5,-20.0194430145839,5.48082851341772));
#20440=CARTESIAN_POINT('',(-2.5,-20.019443014642,5.0661721261614));
#20450=CARTESIAN_POINT('',(-2.5,-20.0194430146449,5.04490831194632));
#20460=CARTESIAN_POINT('',(-2.5,-20.0194430146508,5.00236745707877));
#20470=CARTESIAN_POINT('',(-2.5,-20.0194430146538,4.98109041642631));
#20480=CARTESIAN_POINT('',(-2.5,-20.0194430146597,4.93858885148294));
#20490=CARTESIAN_POINT('',(-2.5,-20.0194430146626,4.91736432719203));
#20500=CARTESIAN_POINT('',(-2.5,-20.0194430146686,4.87420576535771));
#20510=CARTESIAN_POINT('',(-2.5,-20.0194430146716,4.85226693840203));
#20520=CARTESIAN_POINT('',(-2.5,-20.0194430146767,4.81546269729003));
#20530=CARTESIAN_POINT('',(-2.5,-20.0194430146788,4.80049658169726));
#20540=CARTESIAN_POINT('',(-2.5,-20.0194430146836,4.76534150606686));
#20550=CARTESIAN_POINT('',(-2.5,-20.0194430146864,4.74510134368233));
#20560=CARTESIAN_POINT('',(-2.5,-20.019443014692,4.70467935394132));
#20570=CARTESIAN_POINT('',(-2.5,-20.0194430146948,4.68449752658484));
#20580=CARTESIAN_POINT('',(-2.5,-20.0194430147483,4.29509975256732));
#20590=CARTESIAN_POINT('',(-2.5,-20.0194430147979,3.92559428830995));
#20600=CARTESIAN_POINT('',(-2.5,-20.0194430148878,3.18674123490777));
#20610=CARTESIAN_POINT('',(-2.5,-20.019443014928,2.81739364576296));
#20620=CARTESIAN_POINT('',(-2.5,-20.0194430149782,2.20155822968638));
#20630=CARTESIAN_POINT('',(-2.50000000000001,-20.0194430149939,
1.95508447479026));
#20640=CARTESIAN_POINT('',(-2.49999999999999,-20.0194430150131,
1.58537948888815));
#20650=CARTESIAN_POINT('',(-2.49999999999998,-20.0194430150244,
1.3389113804341));
#20660=CARTESIAN_POINT('',(-2.5,-20.0194430150244,1.0924426445976));
#20670=CARTESIAN_POINT('',(-2.5,-20.0194430150244,0.928824598484379));
#20680=CARTESIAN_POINT('',(-2.5,-20.0194430150244,0.888440920289405));
#20690=CARTESIAN_POINT('',(-2.5,-20.0194430150244,0.807673563899458));
#20700=CARTESIAN_POINT('',(-2.5,-20.0194430150244,0.767289885704485));
#20710=CARTESIAN_POINT('',(-2.5,-20.0194430150244,0.686522529314539));
#20720=CARTESIAN_POINT('',(-2.5,-20.0194430150244,0.646138851119566));
#20730=CARTESIAN_POINT('',(-2.5,-20.0194430150244,0.237170115249732));
#20740=CARTESIAN_POINT('',(-2.5,-20.0194430150244,-0.13141494242513));
#20750=CARTESIAN_POINT('',(-2.5,-20.0194430150244,-0.500000000099992));
#20760=CARTESIAN_POINT('',(-2.5,-20.2793023542002,10.));
#20770=CARTESIAN_POINT('',(-2.5,-20.2793023542002,9.97822285719579));
#20780=CARTESIAN_POINT('',(-2.5,-20.2792997906732,9.95641285710204));
#20790=CARTESIAN_POINT('',(-2.5,-20.2792997906732,9.74375202190895));
#20800=CARTESIAN_POINT('',(-2.5,-20.2792997906732,9.55283547218025));
#20810=CARTESIAN_POINT('',(-2.5,-20.2792997906732,9.31938675541292));
#20820=CARTESIAN_POINT('',(-2.5,-20.2792997906732,9.2768545883743));
#20830=CARTESIAN_POINT('',(-2.5,-20.2792997906732,9.19179025429706));
#20840=CARTESIAN_POINT('',(-2.5,-20.2792997906732,9.14925808725845));
#20850=CARTESIAN_POINT('',(-2.5,-20.2792997906732,9.06419375318121));
#20860=CARTESIAN_POINT('',(-2.5,-20.2792997906732,9.02166158614259));
#20870=CARTESIAN_POINT('',(-2.5,-20.2792997906732,8.85153702515351));
#20880=CARTESIAN_POINT('',(-2.5,-20.2792997906732,8.59635223725257));
#20890=CARTESIAN_POINT('',(-2.5,-20.2792997906732,8.34116744935164));
#20900=CARTESIAN_POINT('',(-2.5,-20.2792997906732,7.95839026750024));
#20910=CARTESIAN_POINT('',(-2.5,-20.2792997906732,7.70320547959931));
#20920=CARTESIAN_POINT('',(-2.5,-20.2792997906732,7.05458993226039));
#20930=CARTESIAN_POINT('',(-2.5,-20.2792997906732,6.66115917282241));
#20940=CARTESIAN_POINT('',(-2.5,-20.2792997906732,5.87429765394644));
#20950=CARTESIAN_POINT('',(-2.5,-20.2792997906732,5.48086689450846));
#20960=CARTESIAN_POINT('',(-2.5,-20.2792997906732,5.06617005155117));
#20970=CARTESIAN_POINT('',(-2.5,-20.2792997906732,5.04490396803186));
#20980=CARTESIAN_POINT('',(-2.5,-20.2792997906732,5.00237180099324));
#20990=CARTESIAN_POINT('',(-2.5,-20.2792997906732,4.98110571747393));
#21000=CARTESIAN_POINT('',(-2.5,-20.2792997906732,4.93857355043531));
#21010=CARTESIAN_POINT('',(-2.5,-20.2792997906732,4.91730746691601));
#21020=CARTESIAN_POINT('',(-2.5,-20.2792997906732,4.87426399276909));
#21030=CARTESIAN_POINT('',(-2.5,-20.2792997906732,4.85248660214148));
#21040=CARTESIAN_POINT('',(-2.5,-20.2792997906732,4.81531057740286));
#21050=CARTESIAN_POINT('',(-2.5,-20.2792997906732,4.80054698124081));
#21060=CARTESIAN_POINT('',(-2.5,-20.2792997906732,4.7652740270068));
#21070=CARTESIAN_POINT('',(-2.5,-20.2792997906732,4.74508218790931));
#21080=CARTESIAN_POINT('',(-2.5,-20.2792997906732,4.70469850971434));
#21090=CARTESIAN_POINT('',(-2.5,-20.2792997906732,4.68450667061685));
#21100=CARTESIAN_POINT('',(-2.5,-20.2792997906732,4.29493247488253));
#21110=CARTESIAN_POINT('',(-2.5,-20.2792997906732,3.92555011824569));
#21120=CARTESIAN_POINT('',(-2.5,-20.2792997906732,3.18678540497202));
#21130=CARTESIAN_POINT('',(-2.5,-20.2792997906732,2.81740304833518));
#21140=CARTESIAN_POINT('',(-2.5,-20.2792997906732,2.20155195586185));
#21150=CARTESIAN_POINT('',(-2.5,-20.2792997906732,1.95508322002535));
#21160=CARTESIAN_POINT('',(-2.5,-20.2792997906732,1.5853801162706));
#21170=CARTESIAN_POINT('',(-2.5,-20.2792997906732,1.3389113804341));
#21180=CARTESIAN_POINT('',(-2.5,-20.2792997906732,1.0924426445976));
#21190=CARTESIAN_POINT('',(-2.5,-20.2792997906732,0.928824598484375));
#21200=CARTESIAN_POINT('',(-2.5,-20.2792997906732,0.888440920289401));
#21210=CARTESIAN_POINT('',(-2.5,-20.2792997906732,0.807673563899454));
#21220=CARTESIAN_POINT('',(-2.5,-20.2792997906732,0.767289885704481));
#21230=CARTESIAN_POINT('',(-2.5,-20.2792997906732,0.686522529314536));
#21240=CARTESIAN_POINT('',(-2.5,-20.2792997906732,0.646138851119563));
#21250=CARTESIAN_POINT('',(-2.5,-20.2792997906732,0.237170115249728));
#21260=CARTESIAN_POINT('',(-2.5,-20.2792997906732,-0.131414942425135));
#21270=CARTESIAN_POINT('',(-2.5,-20.2792997906732,-0.500000000099997));
#21280=(BOUNDED_SURFACE() B_SPLINE_SURFACE(3,3,((#19200,#19720,#20240,
#20760),(#19210,#19730,#20250,#20770),(#19220,#19740,#20260,#20780),(
#19230,#19750,#20270,#20790),(#19240,#19760,#20280,#20800),(#19250,
#19770,#20290,#20810),(#19260,#19780,#20300,#20820),(#19270,#19790,
#20310,#20830),(#19280,#19800,#20320,#20840),(#19290,#19810,#20330,
#20850),(#19300,#19820,#20340,#20860),(#19310,#19830,#20350,#20870),(
#19320,#19840,#20360,#20880),(#19330,#19850,#20370,#20890),(#19340,
#19860,#20380,#20900),(#19350,#19870,#20390,#20910),(#19360,#19880,
#20400,#20920),(#19370,#19890,#20410,#20930),(#19380,#19900,#20420,
#20940),(#19390,#19910,#20430,#20950),(#19400,#19920,#20440,#20960),(
#19410,#19930,#20450,#20970),(#19420,#19940,#20460,#20980),(#19430,
#19950,#20470,#20990),(#19440,#19960,#20480,#21000),(#19450,#19970,
#20490,#21010),(#19460,#19980,#20500,#21020),(#19470,#19990,#20510,
#21030),(#19480,#20000,#20520,#21040),(#19490,#20010,#20530,#21050),(
#19500,#20020,#20540,#21060),(#19510,#20030,#20550,#21070),(#19520,
#20040,#20560,#21080),(#19530,#20050,#20570,#21090),(#19540,#20060,
#20580,#21100),(#19550,#20070,#20590,#21110),(#19560,#20080,#20600,
#21120),(#19570,#20090,#20610,#21130),(#19580,#20100,#20620,#21140),(
#19590,#20110,#20630,#21150),(#19600,#20120,#20640,#21160),(#19610,
#20130,#20650,#21170),(#19620,#20140,#20660,#21180),(#19630,#20150,
#20670,#21190),(#19640,#20160,#20680,#21200),(#19650,#20170,#20690,
#21210),(#19660,#20180,#20700,#21220),(#19670,#20190,#20710,#21230),(
#19680,#20200,#20720,#21240),(#19690,#20210,#20730,#21250),(#19700,
#20220,#20740,#21260),(#19710,#20230,#20750,#21270)),.UNSPECIFIED.,.F.,
.F.,.F.) B_SPLINE_SURFACE_WITH_KNOTS((4,2,2,2,2,2,1,2,2,2,2,2,2,2,2,2,2,
2,2,2,2,1,2,2,2,2,4),(4,4),(0.,0.0652329674346143,0.63798359157379,
0.765580309888548,0.893177028203306,1.02077374651807,1.40355157994521,
1.78632941337235,2.55188508022663,3.73217936767241,4.91247365511818,
4.97627201427556,5.04007037343294,5.10386873259032,5.16920104537081,
5.2144444883538,5.27502013628556,5.33559578421732,6.44374524399693,
7.55189470377654,8.29130250591557,8.66100640698509,9.03071030805461,
9.15186160391813,9.27301289978165,9.39416419564516,10.4999217533804),(0.
,1.),.UNSPECIFIED.) GEOMETRIC_REPRESENTATION_ITEM() 
RATIONAL_B_SPLINE_SURFACE(((1.,0.838053432774277,0.838053432774277,1.),(
1.,0.838053468257933,0.838053468257933,1.),(1.,0.83805360258765,
0.83805360258765,1.),(1.,0.838053601901446,0.838053601901446,1.),(1.,
0.838053601427298,0.838053601427298,1.),(1.,0.838053600981061,
0.838053600981061,1.),(1.,0.83805360090518,0.83805360090518,1.),(1.,
0.838053600763538,0.838053600763538,1.),(1.,0.838053600697775,
0.838053600697775,1.),(1.,0.838053600575645,0.838053600575645,1.),(1.,
0.838053600519277,0.838053600519277,1.),(1.,0.838053600311157,
0.838053600311157,1.),(1.,0.838053600077027,0.838053600077027,1.),(1.,
0.838053600079027,0.838053600079027,1.),(1.,0.83805360006265,
0.83805360006265,1.),(1.,0.838053600025896,0.838053600025896,1.),(1.,
0.838053599973731,0.838053599973731,1.),(1.,0.838053599980671,
0.838053599980671,1.),(1.,0.838053599968787,0.838053599968787,1.),(1.,
0.838053599949962,0.838053599949962,1.),(1.,0.838053599935802,
0.838053599935802,1.),(1.,0.838053599935092,0.838053599935092,1.),(1.,
0.838053599933679,0.838053599933679,1.),(1.,0.838053599932976,
0.838053599932976,1.),(1.,0.838053599931514,0.838053599931514,1.),(1.,
0.838053599930755,0.838053599930755,1.),(1.,0.838053599929422,
0.838053599929422,1.),(1.,0.838053599928852,0.838053599928852,1.),(1.,
0.838053599927558,0.838053599927558,1.),(1.,0.838053599926935,
0.838053599926935,1.),(1.,0.838053599925634,0.838053599925634,1.),(1.,
0.83805359992501,0.83805359992501,1.),(1.,0.838053599923696,
0.838053599923696,1.),(1.,0.838053599923007,0.838053599923007,1.),(1.,
0.838053599909755,0.838053599909755,1.),(1.,0.838053599897856,
0.838053599897856,1.),(1.,0.838053599876149,0.838053599876149,1.),(1.,
0.83805359986634,0.83805359986634,1.),(1.,0.838053599854099,
0.838053599854099,1.),(1.,0.838053599850298,0.838053599850298,1.),(1.,
0.838053599845643,0.838053599845643,1.),(1.,0.838053599842888,
0.838053599842888,1.),(1.,0.838053599842886,0.838053599842886,1.),(1.,
0.838053599842886,0.838053599842886,1.),(1.,0.838053599842886,
0.838053599842886,1.),(1.,0.838053599842886,0.838053599842886,1.),(1.,
0.838053599842886,0.838053599842886,1.),(1.,0.838053599842886,
0.838053599842886,1.),(1.,0.838053599842886,0.838053599842886,1.),(1.,
0.838053599842886,0.838053599842886,1.),(1.,0.838053599842886,
0.838053599842886,1.),(1.,0.838053599842886,0.838053599842886,1.))) 
REPRESENTATION_ITEM('') SURFACE());
#21290=CARTESIAN_POINT('',(-24.0524019114855,-30.7052631578686,0.));
#21300=DIRECTION('',(0.,0.,1.));
#21310=DIRECTION('',(1.,0.,0.));
#21320=AXIS2_PLACEMENT_3D('',#21290,#21300,#21310);
#21330=PLANE('',#21320);
#21340=CARTESIAN_POINT('',(-2.5,-20.2792997906732,-2.42861286636753E-16)
);
#21350=CARTESIAN_POINT('',(-2.5,-20.2201040234156,-2.42861286636753E-16)
);
#21360=CARTESIAN_POINT('',(-2.51052878886383,-20.1612016486863,
-4.58956963762623E-17));
#21370=CARTESIAN_POINT('',(-2.53117891710509,-20.1054987773469,
-4.58956963762623E-17));
#21380=CARTESIAN_POINT('',(-2.55192921925666,-20.0495256910057,
-4.58956963762623E-17));
#21390=CARTESIAN_POINT('',(-2.5826272528533,-19.9977068173125,
3.31724721346052E-16));
#21400=CARTESIAN_POINT('',(-2.62121495860527,-19.9529228729606,
3.31724721346052E-16));
#21410=CARTESIAN_POINT('',(-2.66008944252855,-19.9078061009006,
3.31724721346052E-16));
#21420=CARTESIAN_POINT('',(-2.70713205204477,-19.8697714795979,
-5.35585271696656E-17));
#21430=CARTESIAN_POINT('',(-2.75884640351594,-19.8412987143015,
-5.35585271696656E-17));
#21440=CARTESIAN_POINT('',(-2.81086143341755,-19.8126604021861,
-5.35585271696656E-17));
#21450=CARTESIAN_POINT('',(-2.86830241661349,-19.7933408398434,
-2.42861286636753E-16));
#21460=CARTESIAN_POINT('',(-2.92682926829268,-19.7846827226081,
-2.42861286636753E-16));
#21470=B_SPLINE_CURVE_WITH_KNOTS('',3,(#21340,#21350,#21360,#21370,
#21380,#21390,#21400,#21410,#21420,#21430,#21440,#21450,#21460),
.UNSPECIFIED.,.F.,.F.,(4,3,3,3,4),(0.,0.177506218465031,
0.355606929806721,0.533754871376276,0.711963713633121),.UNSPECIFIED.);
#21480=SURFACE_CURVE('',#21470,(#21280,#21330),.CURVE_3D.);
#21490=CARTESIAN_POINT('',(-2.5,-20.2792997906732,-2.42861286636753E-16)
);
#21500=VERTEX_POINT('',#21490);
#21510=EDGE_CURVE('',#21500,#7650,#21480,.T.);
#21520=ORIENTED_EDGE('',*,*,#21510,.F.);
#21530=ORIENTED_EDGE('',*,*,#7660,.T.);
#21540=CARTESIAN_POINT('',(-2.92681697846974,-19.7846845406881,
9.9998034470488));
#21550=CARTESIAN_POINT('',(-2.66976074687316,-19.8227117602533,
10.0000446654953));
#21560=CARTESIAN_POINT('',(-2.5,-20.0194485516781,9.99981256571909));
#21570=CARTESIAN_POINT('',(-2.5,-20.2793023542002,10.));
#21580=(BOUNDED_CURVE() B_SPLINE_CURVE(3,(#21540,#21550,#21560,#21570),
.UNSPECIFIED.,.F.,.F.) B_SPLINE_CURVE_WITH_KNOTS((4,4),(0.,1.),
.UNSPECIFIED.) CURVE() GEOMETRIC_REPRESENTATION_ITEM() 
RATIONAL_B_SPLINE_CURVE((1.,0.838053432774274,0.838053432774274,1.)) 
REPRESENTATION_ITEM(''));
#21590=CARTESIAN_POINT('',(-2.5,-20.2793023542002,10.));
#21600=VERTEX_POINT('',#21590);
#21610=EDGE_CURVE('',#7080,#21600,#21580,.T.);
#21620=ORIENTED_EDGE('',*,*,#21610,.F.);
#21630=CARTESIAN_POINT('',(-2.5,-20.2793023542002,10.));
#21640=CARTESIAN_POINT('',(-2.5,-20.2793023542002,9.97822285719579));
#21650=CARTESIAN_POINT('',(-2.5,-20.2792997906732,9.95641285710204));
#21660=CARTESIAN_POINT('',(-2.5,-20.2792997906732,9.74375202190895));
#21670=CARTESIAN_POINT('',(-2.5,-20.2792997906732,9.55283547218025));
#21680=CARTESIAN_POINT('',(-2.5,-20.2792997906732,9.31938675541292));
#21690=CARTESIAN_POINT('',(-2.5,-20.2792997906732,9.2768545883743));
#21700=CARTESIAN_POINT('',(-2.5,-20.2792997906732,9.19179025429706));
#21710=CARTESIAN_POINT('',(-2.5,-20.2792997906732,9.14925808725845));
#21720=CARTESIAN_POINT('',(-2.5,-20.2792997906732,9.06419375318121));
#21730=CARTESIAN_POINT('',(-2.5,-20.2792997906732,9.02166158614259));
#21740=CARTESIAN_POINT('',(-2.5,-20.2792997906732,8.85153702515351));
#21750=CARTESIAN_POINT('',(-2.5,-20.2792997906732,8.59635223725257));
#21760=CARTESIAN_POINT('',(-2.5,-20.2792997906732,8.34116744935164));
#21770=CARTESIAN_POINT('',(-2.5,-20.2792997906732,7.95839026750024));
#21780=CARTESIAN_POINT('',(-2.5,-20.2792997906732,7.70320547959931));
#21790=CARTESIAN_POINT('',(-2.5,-20.2792997906732,7.05458993226039));
#21800=CARTESIAN_POINT('',(-2.5,-20.2792997906732,6.66115917282241));
#21810=CARTESIAN_POINT('',(-2.5,-20.2792997906732,5.87429765394644));
#21820=CARTESIAN_POINT('',(-2.5,-20.2792997906732,5.48086689450846));
#21830=CARTESIAN_POINT('',(-2.5,-20.2792997906732,5.06617005155117));
#21840=CARTESIAN_POINT('',(-2.5,-20.2792997906732,5.04490396803186));
#21850=CARTESIAN_POINT('',(-2.5,-20.2792997906732,5.00237180099324));
#21860=CARTESIAN_POINT('',(-2.5,-20.2792997906732,4.98110571747393));
#21870=CARTESIAN_POINT('',(-2.5,-20.2792997906732,4.93857355043531));
#21880=CARTESIAN_POINT('',(-2.5,-20.2792997906732,4.91730746691601));
#21890=CARTESIAN_POINT('',(-2.5,-20.2792997906732,4.87426399276909));
#21900=CARTESIAN_POINT('',(-2.5,-20.2792997906732,4.85248660214148));
#21910=CARTESIAN_POINT('',(-2.5,-20.2792997906732,4.81531057740286));
#21920=CARTESIAN_POINT('',(-2.5,-20.2792997906732,4.80054698124081));
#21930=CARTESIAN_POINT('',(-2.5,-20.2792997906732,4.7652740270068));
#21940=CARTESIAN_POINT('',(-2.5,-20.2792997906732,4.74508218790931));
#21950=CARTESIAN_POINT('',(-2.5,-20.2792997906732,4.70469850971434));
#21960=CARTESIAN_POINT('',(-2.5,-20.2792997906732,4.68450667061685));
#21970=CARTESIAN_POINT('',(-2.5,-20.2792997906732,4.29493247488253));
#21980=CARTESIAN_POINT('',(-2.5,-20.2792997906732,3.92555011824569));
#21990=CARTESIAN_POINT('',(-2.5,-20.2792997906732,3.18678540497202));
#22000=CARTESIAN_POINT('',(-2.5,-20.2792997906732,2.81740304833518));
#22010=CARTESIAN_POINT('',(-2.5,-20.2792997906732,2.20155195586185));
#22020=CARTESIAN_POINT('',(-2.5,-20.2792997906732,1.95508322002535));
#22030=CARTESIAN_POINT('',(-2.5,-20.2792997906732,1.5853801162706));
#22040=CARTESIAN_POINT('',(-2.5,-20.2792997906732,1.3389113804341));
#22050=CARTESIAN_POINT('',(-2.5,-20.2792997906732,1.0924426445976));
#22060=CARTESIAN_POINT('',(-2.5,-20.2792997906732,0.928824598484375));
#22070=CARTESIAN_POINT('',(-2.5,-20.2792997906732,0.888440920289401));
#22080=CARTESIAN_POINT('',(-2.5,-20.2792997906732,0.807673563899454));
#22090=CARTESIAN_POINT('',(-2.5,-20.2792997906732,0.767289885704481));
#22100=CARTESIAN_POINT('',(-2.5,-20.2792997906732,0.686522529314536));
#22110=CARTESIAN_POINT('',(-2.5,-20.2792997906732,0.646138851119563));
#22120=CARTESIAN_POINT('',(-2.5,-20.2792997906732,0.237170115249728));
#22130=CARTESIAN_POINT('',(-2.5,-20.2792997906732,-0.131414942425135));
#22140=CARTESIAN_POINT('',(-2.5,-20.2792997906732,-0.500000000099997));
#22150=(BOUNDED_CURVE() B_SPLINE_CURVE(3,(#21630,#21640,#21650,#21660,
#21670,#21680,#21690,#21700,#21710,#21720,#21730,#21740,#21750,#21760,
#21770,#21780,#21790,#21800,#21810,#21820,#21830,#21840,#21850,#21860,
#21870,#21880,#21890,#21900,#21910,#21920,#21930,#21940,#21950,#21960,
#21970,#21980,#21990,#22000,#22010,#22020,#22030,#22040,#22050,#22060,
#22070,#22080,#22090,#22100,#22110,#22120,#22130,#22140),.UNSPECIFIED.,
.F.,.F.) B_SPLINE_CURVE_WITH_KNOTS((4,2,2,2,2,2,1,2,2,2,2,2,2,2,2,2,2,2,
2,2,2,1,2,2,2,2,4),(0.,0.0652329674346143,0.63798359157379,
0.765580309888548,0.893177028203306,1.02077374651807,1.40355157994521,
1.78632941337235,2.55188508022663,3.73217936767241,4.91247365511818,
4.97627201427556,5.04007037343294,5.10386873259032,5.16920104537081,
5.2144444883538,5.27502013628556,5.33559578421732,6.44374524399693,
7.55189470377654,8.29130250591557,8.66100640698509,9.03071030805461,
9.15186160391813,9.27301289978165,9.39416419564516,10.4999217533804),
.UNSPECIFIED.) CURVE() GEOMETRIC_REPRESENTATION_ITEM() 
RATIONAL_B_SPLINE_CURVE((1.,1.,1.,1.,1.,1.,1.,1.,1.,1.,1.,1.,1.,1.,1.,1.
,1.,1.,1.,1.,1.,1.,1.,1.,1.,1.,1.,1.,1.,1.,1.,1.,1.,1.,1.,1.,1.,1.,1.,1.
,1.,1.,1.,1.,1.,1.,1.,1.,1.,1.,1.,1.)) REPRESENTATION_ITEM(''));
#22160=EDGE_CURVE('',#21600,#21500,#22150,.T.);
#22170=ORIENTED_EDGE('',*,*,#22160,.F.);
#22180=EDGE_LOOP('',(#22170,#21620,#21530,#21520));
#22190=FACE_OUTER_BOUND('',#22180,.T.);
#22200=ADVANCED_FACE('',(#22190),#21280,.T.);
#22210=COLOUR_RGB('',0.,0.,1.);
#22220=FILL_AREA_STYLE_COLOUR('',#22210);
#22230=FILL_AREA_STYLE('',(#22220));
#22240=SURFACE_STYLE_FILL_AREA(#22230);
#22250=SURFACE_SIDE_STYLE('',(#22240));
#22260=SURFACE_STYLE_USAGE(.BOTH.,#22250);
#22270=PRESENTATION_STYLE_ASSIGNMENT((#22260));
#22280=CARTESIAN_POINT('',(-2.5,-25.5,9.75));
#22290=DIRECTION('',(1.,0.,0.));
#22300=DIRECTION('',(0.,-1.,0.));
#22310=AXIS2_PLACEMENT_3D('',#22280,#22290,#22300);
#22320=PLANE('',#22310);
#22330=CARTESIAN_POINT('',(-2.5,0.,0.));
#22340=DIRECTION('',(0.,-1.,0.));
#22350=VECTOR('',#22340,1.);
#22360=LINE('',#22330,#22350);
#22370=CARTESIAN_POINT('',(-2.5,-25.5,0.));
#22380=VERTEX_POINT('',#22370);
#22390=EDGE_CURVE('',#21500,#22380,#22360,.T.);
#22400=ORIENTED_EDGE('',*,*,#22390,.T.);
#22410=ORIENTED_EDGE('',*,*,#22160,.T.);
#22420=CARTESIAN_POINT('',(-2.5,0.,10.));
#22430=DIRECTION('',(0.,1.,0.));
#22440=VECTOR('',#22430,1.);
#22450=LINE('',#22420,#22440);
#22460=EDGE_CURVE('',#9350,#21600,#22450,.T.);
#22470=ORIENTED_EDGE('',*,*,#22460,.T.);
#22480=CARTESIAN_POINT('',(-2.5,-25.5,0.));
#22490=DIRECTION('',(0.,0.,1.));
#22500=VECTOR('',#22490,1.);
#22510=LINE('',#22480,#22500);
#22520=EDGE_CURVE('',#22380,#9350,#22510,.T.);
#22530=ORIENTED_EDGE('',*,*,#22520,.T.);
#22540=EDGE_LOOP('',(#22530,#22470,#22410,#22400));
#22550=FACE_OUTER_BOUND('',#22540,.T.);
#22560=ADVANCED_FACE('',(#22550),#22320,.F.);
#22570=COLOUR_RGB('',0.,0.,1.);
#22580=FILL_AREA_STYLE_COLOUR('',#22570);
#22590=FILL_AREA_STYLE('',(#22580));
#22600=SURFACE_STYLE_FILL_AREA(#22590);
#22610=SURFACE_SIDE_STYLE('',(#22600));
#22620=SURFACE_STYLE_USAGE(.BOTH.,#22610);
#22630=PRESENTATION_STYLE_ASSIGNMENT((#22620));
#22640=CARTESIAN_POINT('',(-2.00000000000002,-25.5,0.));
#22650=DIRECTION('',(0.,0.,1.));
#22660=DIRECTION('',(1.,0.,0.));
#22670=AXIS2_PLACEMENT_3D('',#22640,#22650,#22660);
#22680=CYLINDRICAL_SURFACE('',#22670,0.499999999999984);
#22690=ORIENTED_EDGE('',*,*,#9360,.T.);
#22700=CARTESIAN_POINT('',(-2.00000000000002,-26.,0.));
#22710=DIRECTION('',(0.,0.,1.));
#22720=VECTOR('',#22710,1.);
#22730=LINE('',#22700,#22720);
#22740=CARTESIAN_POINT('',(-2.00000000000002,-26.,0.));
#22750=VERTEX_POINT('',#22740);
#22760=EDGE_CURVE('',#22750,#9330,#22730,.T.);
#22770=ORIENTED_EDGE('',*,*,#22760,.T.);
#22780=CARTESIAN_POINT('',(-2.00000000000002,-25.5,0.));
#22790=DIRECTION('',(0.,0.,1.));
#22800=DIRECTION('',(1.,0.,0.));
#22810=AXIS2_PLACEMENT_3D('',#22780,#22790,#22800);
#22820=CIRCLE('',#22810,0.499999999999984);
#22830=EDGE_CURVE('',#22380,#22750,#22820,.T.);
#22840=ORIENTED_EDGE('',*,*,#22830,.T.);
#22850=ORIENTED_EDGE('',*,*,#22520,.F.);
#22860=EDGE_LOOP('',(#22850,#22840,#22770,#22690));
#22870=FACE_OUTER_BOUND('',#22860,.T.);
#22880=ADVANCED_FACE('',(#22870),#22680,.T.);
#22890=COLOUR_RGB('',0.,0.,1.);
#22900=FILL_AREA_STYLE_COLOUR('',#22890);
#22910=FILL_AREA_STYLE('',(#22900));
#22920=SURFACE_STYLE_FILL_AREA(#22910);
#22930=SURFACE_SIDE_STYLE('',(#22920));
#22940=SURFACE_STYLE_USAGE(.BOTH.,#22930);
#22950=PRESENTATION_STYLE_ASSIGNMENT((#22940));
#22960=CARTESIAN_POINT('',(3.,-26.,0.));
#22970=DIRECTION('',(-0.,1.,0.));
#22980=DIRECTION('',(1.,0.,0.));
#22990=AXIS2_PLACEMENT_3D('',#22960,#22970,#22980);
#23000=PLANE('',#22990);
#23010=CARTESIAN_POINT('',(4.00000000000001,-26.,0.));
#23020=DIRECTION('',(0.,0.,-1.));
#23030=VECTOR('',#23020,1.);
#23040=LINE('',#23010,#23030);
#23050=CARTESIAN_POINT('',(4.00000000000001,-26.,10.));
#23060=VERTEX_POINT('',#23050);
#23070=CARTESIAN_POINT('',(4.00000000000001,-26.,0.));
#23080=VERTEX_POINT('',#23070);
#23090=EDGE_CURVE('',#23060,#23080,#23040,.T.);
#23100=ORIENTED_EDGE('',*,*,#23090,.F.);
#23110=CARTESIAN_POINT('',(0.,-26.,0.));
#23120=DIRECTION('',(1.,0.,0.));
#23130=VECTOR('',#23120,1.);
#23140=LINE('',#23110,#23130);
#23150=EDGE_CURVE('',#22750,#23080,#23140,.T.);
#23160=ORIENTED_EDGE('',*,*,#23150,.T.);
#23170=ORIENTED_EDGE('',*,*,#22760,.F.);
#23180=CARTESIAN_POINT('',(0.,-26.,10.));
#23190=DIRECTION('',(1.,0.,0.));
#23200=VECTOR('',#23190,1.);
#23210=LINE('',#23180,#23200);
#23220=EDGE_CURVE('',#9330,#23060,#23210,.T.);
#23230=ORIENTED_EDGE('',*,*,#23220,.F.);
#23240=EDGE_LOOP('',(#23230,#23170,#23160,#23100));
#23250=FACE_OUTER_BOUND('',#23240,.T.);
#23260=ADVANCED_FACE('',(#23250),#23000,.F.);
#23270=COLOUR_RGB('',0.,0.,1.);
#23280=FILL_AREA_STYLE_COLOUR('',#23270);
#23290=FILL_AREA_STYLE('',(#23280));
#23300=SURFACE_STYLE_FILL_AREA(#23290);
#23310=SURFACE_SIDE_STYLE('',(#23300));
#23320=SURFACE_STYLE_USAGE(.BOTH.,#23310);
#23330=PRESENTATION_STYLE_ASSIGNMENT((#23320));
#23340=CARTESIAN_POINT('',(-1.5,-12.5,0.));
#23350=DIRECTION('',(-1.,0.,0.));
#23360=DIRECTION('',(0.,1.,0.));
#23370=AXIS2_PLACEMENT_3D('',#23340,#23350,#23360);
#23380=PLANE('',#23370);
#23390=CARTESIAN_POINT('',(-1.5,-18.9406969248758,14.5));
#23400=DIRECTION('',(0.,0.,-1.));
#23410=VECTOR('',#23400,1.);
#23420=LINE('',#23390,#23410);
#23430=CARTESIAN_POINT('',(-1.5,-18.9406969248758,0.5));
#23440=VERTEX_POINT('',#23430);
#23450=CARTESIAN_POINT('',(-1.5,-18.9406969248758,0.));
#23460=VERTEX_POINT('',#23450);
#23470=EDGE_CURVE('',#23440,#23460,#23420,.T.);
#23480=ORIENTED_EDGE('',*,*,#23470,.F.);
#23490=CARTESIAN_POINT('',(-1.5,0.,0.));
#23500=DIRECTION('',(0.,1.,0.));
#23510=VECTOR('',#23500,1.);
#23520=LINE('',#23490,#23510);
#23530=CARTESIAN_POINT('',(-1.5,-25.,0.));
#23540=VERTEX_POINT('',#23530);
#23550=EDGE_CURVE('',#23540,#23460,#23520,.T.);
#23560=ORIENTED_EDGE('',*,*,#23550,.T.);
#23570=CARTESIAN_POINT('',(-1.5,-25.,0.));
#23580=DIRECTION('',(0.,0.,-1.));
#23590=VECTOR('',#23580,1.);
#23600=LINE('',#23570,#23590);
#23610=CARTESIAN_POINT('',(-1.5,-25.,0.5));
#23620=VERTEX_POINT('',#23610);
#23630=EDGE_CURVE('',#23620,#23540,#23600,.T.);
#23640=ORIENTED_EDGE('',*,*,#23630,.T.);
#23650=CARTESIAN_POINT('',(-1.5,0.,0.5));
#23660=DIRECTION('',(0.,1.,0.));
#23670=VECTOR('',#23660,1.);
#23680=LINE('',#23650,#23670);
#23690=EDGE_CURVE('',#23620,#23440,#23680,.T.);
#23700=ORIENTED_EDGE('',*,*,#23690,.F.);
#23710=EDGE_LOOP('',(#23700,#23640,#23560,#23480));
#23720=FACE_OUTER_BOUND('',#23710,.T.);
#23730=ADVANCED_FACE('',(#23720),#23380,.F.);
#23740=COLOUR_RGB('',0.,0.,1.);
#23750=FILL_AREA_STYLE_COLOUR('',#23740);
#23760=FILL_AREA_STYLE('',(#23750));
#23770=SURFACE_STYLE_FILL_AREA(#23760);
#23780=SURFACE_SIDE_STYLE('',(#23770));
#23790=SURFACE_STYLE_USAGE(.BOTH.,#23780);
#23800=PRESENTATION_STYLE_ASSIGNMENT((#23790));
#23810=CARTESIAN_POINT('',(-8.91848433596124E-15,-9.04332910513523E-15,
14.5));
#23820=DIRECTION('',(0.,0.,-1.));
#23830=DIRECTION('',(-1.,0.,0.));
#23840=AXIS2_PLACEMENT_3D('',#23810,#23820,#23830);
#23850=CYLINDRICAL_SURFACE('',#23840,19.);
#23860=CARTESIAN_POINT('',(-19.,-9.04332910513523E-15,14.5));
#23870=DIRECTION('',(0.,0.,-1.));
#23880=VECTOR('',#23870,1.);
#23890=LINE('',#23860,#23880);
#23900=CARTESIAN_POINT('',(-19.,-9.04332910513523E-15,0.5));
#23910=VERTEX_POINT('',#23900);
#23920=CARTESIAN_POINT('',(-19.,-9.04332910513523E-15,0.));
#23930=VERTEX_POINT('',#23920);
#23940=EDGE_CURVE('',#23910,#23930,#23890,.T.);
#23950=ORIENTED_EDGE('',*,*,#23940,.F.);
#23960=CARTESIAN_POINT('',(-8.91848433596124E-15,-9.04332910513523E-15,
0.));
#23970=DIRECTION('',(0.,0.,-1.));
#23980=DIRECTION('',(-1.,0.,0.));
#23990=AXIS2_PLACEMENT_3D('',#23960,#23970,#23980);
#24000=CIRCLE('',#23990,19.);
#24010=EDGE_CURVE('',#23460,#23930,#24000,.T.);
#24020=ORIENTED_EDGE('',*,*,#24010,.T.);
#24030=ORIENTED_EDGE('',*,*,#23470,.T.);
#24040=CARTESIAN_POINT('',(-8.91848433596124E-15,-9.04332910513523E-15,
0.5));
#24050=DIRECTION('',(0.,0.,1.));
#24060=DIRECTION('',(1.,0.,0.));
#24070=AXIS2_PLACEMENT_3D('',#24040,#24050,#24060);
#24080=CIRCLE('',#24070,19.);
#24090=EDGE_CURVE('',#23910,#23440,#24080,.T.);
#24100=ORIENTED_EDGE('',*,*,#24090,.T.);
#24110=EDGE_LOOP('',(#24100,#24030,#24020,#23950));
#24120=FACE_OUTER_BOUND('',#24110,.T.);
#24130=ADVANCED_FACE('',(#24120),#23850,.F.);
#24140=COLOUR_RGB('',0.,0.,1.);
#24150=FILL_AREA_STYLE_COLOUR('',#24140);
#24160=FILL_AREA_STYLE('',(#24150));
#24170=SURFACE_STYLE_FILL_AREA(#24160);
#24180=SURFACE_SIDE_STYLE('',(#24170));
#24190=SURFACE_STYLE_USAGE(.BOTH.,#24180);
#24200=PRESENTATION_STYLE_ASSIGNMENT((#24190));
#24210=CARTESIAN_POINT('',(14.5563367164701,-15.0319741771767,0.));
#24220=DIRECTION('',(0.,0.,-1.));
#24230=DIRECTION('',(-1.,0.,0.));
#24240=AXIS2_PLACEMENT_3D('',#24210,#24220,#24230);
#24250=PLANE('',#24240);
#24260=CARTESIAN_POINT('',(7.73686670285656E-16,-6.66133814775094E-16,0.
));
#24270=DIRECTION('',(0.,0.,-1.));
#24280=DIRECTION('',(-1.,0.,0.));
#24290=AXIS2_PLACEMENT_3D('',#24260,#24270,#24280);
#24300=CIRCLE('',#24290,11.);
#24310=CARTESIAN_POINT('',(11.,-2.01324529383718E-15,0.));
#24320=VERTEX_POINT('',#24310);
#24330=CARTESIAN_POINT('',(-11.,-6.66133814775094E-16,0.));
#24340=VERTEX_POINT('',#24330);
#24350=EDGE_CURVE('',#24320,#24340,#24300,.T.);
#24360=ORIENTED_EDGE('',*,*,#24350,.F.);
#24370=EDGE_CURVE('',#24340,#24320,#24300,.T.);
#24380=ORIENTED_EDGE('',*,*,#24370,.F.);
#24390=EDGE_LOOP('',(#24380,#24360));
#24400=FACE_BOUND('',#24390,.T.);
#24410=CARTESIAN_POINT('',(0.0499999999999986,-12.02,0.));
#24420=DIRECTION('',(0.,0.,-1.));
#24430=DIRECTION('',(-1.,0.,0.));
#24440=AXIS2_PLACEMENT_3D('',#24410,#24420,#24430);
#24450=CIRCLE('',#24440,0.3);
#24460=CARTESIAN_POINT('',(0.349999999999999,-12.02,0.));
#24470=VERTEX_POINT('',#24460);
#24480=EDGE_CURVE('',#2190,#24470,#24450,.T.);
#24490=ORIENTED_EDGE('',*,*,#24480,.F.);
#24500=CARTESIAN_POINT('',(0.349999999999999,0.,0.));
#24510=DIRECTION('',(0.,-1.,0.));
#24520=VECTOR('',#24510,1.);
#24530=LINE('',#24500,#24520);
#24540=EDGE_CURVE('',#24470,#15140,#24530,.T.);
#24550=ORIENTED_EDGE('',*,*,#24540,.F.);
#24560=ORIENTED_EDGE('',*,*,#15150,.T.);
#24570=CARTESIAN_POINT('',(1.3,0.,0.));
#24580=DIRECTION('',(0.,-1.,0.));
#24590=VECTOR('',#24580,1.);
#24600=LINE('',#24570,#24590);
#24610=CARTESIAN_POINT('',(1.3,-11.9293755075444,0.));
#24620=VERTEX_POINT('',#24610);
#24630=EDGE_CURVE('',#24620,#15060,#24600,.T.);
#24640=ORIENTED_EDGE('',*,*,#24630,.T.);
#24650=CARTESIAN_POINT('',(12.,-1.77635683940025E-15,0.));
#24660=VERTEX_POINT('',#24650);
#24670=EDGE_CURVE('',#24660,#24620,#1160,.T.);
#24680=ORIENTED_EDGE('',*,*,#24670,.T.);
#24690=EDGE_CURVE('',#1180,#24660,#1160,.T.);
#24700=ORIENTED_EDGE('',*,*,#24690,.T.);
#24710=ORIENTED_EDGE('',*,*,#1190,.T.);
#24720=CARTESIAN_POINT('',(-1.3,0.,0.));
#24730=DIRECTION('',(0.,1.,0.));
#24740=VECTOR('',#24730,1.);
#24750=LINE('',#24720,#24740);
#24760=EDGE_CURVE('',#110,#1070,#24750,.T.);
#24770=ORIENTED_EDGE('',*,*,#24760,.T.);
#24780=ORIENTED_EDGE('',*,*,#360,.T.);
#24790=ORIENTED_EDGE('',*,*,#13550,.F.);
#24800=CARTESIAN_POINT('',(-0.0499999999999986,-12.02,0.));
#24810=DIRECTION('',(0.,0.,1.));
#24820=DIRECTION('',(1.,0.,0.));
#24830=AXIS2_PLACEMENT_3D('',#24800,#24810,#24820);
#24840=CIRCLE('',#24830,0.3);
#24850=EDGE_CURVE('',#2270,#13480,#24840,.T.);
#24860=ORIENTED_EDGE('',*,*,#24850,.T.);
#24870=ORIENTED_EDGE('',*,*,#2280,.F.);
#24880=EDGE_LOOP('',(#24870,#24860,#24790,#24780,#24770,#24710,#24700,
#24680,#24640,#24560,#24550,#24490));
#24890=FACE_OUTER_BOUND('',#24880,.T.);
#24900=ADVANCED_FACE('',(#24400,#24890),#24250,.T.);
#24910=COLOUR_RGB('',0.,0.,1.);
#24920=FILL_AREA_STYLE_COLOUR('',#24910);
#24930=FILL_AREA_STYLE('',(#24920));
#24940=SURFACE_STYLE_FILL_AREA(#24930);
#24950=SURFACE_SIDE_STYLE('',(#24940));
#24960=SURFACE_STYLE_USAGE(.BOTH.,#24950);
#24970=PRESENTATION_STYLE_ASSIGNMENT((#24960));
#24980=CARTESIAN_POINT('',(3.5,-24.82,0.));
#24990=DIRECTION('',(1.,0.,0.));
#25000=DIRECTION('',(0.,-1.,0.));
#25010=AXIS2_PLACEMENT_3D('',#24980,#24990,#25000);
#25020=PLANE('',#25010);
#25030=CARTESIAN_POINT('',(3.5,-25.,0.));
#25040=DIRECTION('',(0.,0.,-1.));
#25050=VECTOR('',#25040,1.);
#25060=LINE('',#25030,#25050);
#25070=CARTESIAN_POINT('',(3.5,-25.,0.5));
#25080=VERTEX_POINT('',#25070);
#25090=CARTESIAN_POINT('',(3.5,-25.,0.));
#25100=VERTEX_POINT('',#25090);
#25110=EDGE_CURVE('',#25080,#25100,#25060,.T.);
#25120=ORIENTED_EDGE('',*,*,#25110,.F.);
#25130=CARTESIAN_POINT('',(3.5,0.,0.));
#25140=DIRECTION('',(0.,-1.,0.));
#25150=VECTOR('',#25140,1.);
#25160=LINE('',#25130,#25150);
#25170=CARTESIAN_POINT('',(3.5,-18.6748493969831,0.));
#25180=VERTEX_POINT('',#25170);
#25190=EDGE_CURVE('',#25180,#25100,#25160,.T.);
#25200=ORIENTED_EDGE('',*,*,#25190,.T.);
#25210=CARTESIAN_POINT('',(3.5,-18.6748493969831,14.5));
#25220=DIRECTION('',(0.,0.,-1.));
#25230=VECTOR('',#25220,1.);
#25240=LINE('',#25210,#25230);
#25250=CARTESIAN_POINT('',(3.49999999999999,-18.6748493969831,0.5));
#25260=VERTEX_POINT('',#25250);
#25270=EDGE_CURVE('',#25260,#25180,#25240,.T.);
#25280=ORIENTED_EDGE('',*,*,#25270,.T.);
#25290=CARTESIAN_POINT('',(3.5,0.,0.5));
#25300=DIRECTION('',(0.,-1.,0.));
#25310=VECTOR('',#25300,1.);
#25320=LINE('',#25290,#25310);
#25330=EDGE_CURVE('',#25260,#25080,#25320,.T.);
#25340=ORIENTED_EDGE('',*,*,#25330,.F.);
#25350=EDGE_LOOP('',(#25340,#25280,#25200,#25120));
#25360=FACE_OUTER_BOUND('',#25350,.T.);
#25370=ADVANCED_FACE('',(#25360),#25020,.F.);
#25380=COLOUR_RGB('',0.,0.,1.);
#25390=FILL_AREA_STYLE_COLOUR('',#25380);
#25400=FILL_AREA_STYLE('',(#25390));
#25410=SURFACE_STYLE_FILL_AREA(#25400);
#25420=SURFACE_SIDE_STYLE('',(#25410));
#25430=SURFACE_STYLE_USAGE(.BOTH.,#25420);
#25440=PRESENTATION_STYLE_ASSIGNMENT((#25430));
#25450=CARTESIAN_POINT('',(-1.75,-25.,9.25));
#25460=DIRECTION('',(-0.,-1.,-0.));
#25470=DIRECTION('',(-1.,0.,0.));
#25480=AXIS2_PLACEMENT_3D('',#25450,#25460,#25470);
#25490=PLANE('',#25480);
#25500=ORIENTED_EDGE('',*,*,#23630,.F.);
#25510=CARTESIAN_POINT('',(0.,-25.,0.));
#25520=DIRECTION('',(-1.,0.,0.));
#25530=VECTOR('',#25520,1.);
#25540=LINE('',#25510,#25530);
#25550=EDGE_CURVE('',#25100,#23540,#25540,.T.);
#25560=ORIENTED_EDGE('',*,*,#25550,.T.);
#25570=ORIENTED_EDGE('',*,*,#25110,.T.);
#25580=CARTESIAN_POINT('',(0.,-25.,0.5));
#25590=DIRECTION('',(-1.,0.,0.));
#25600=VECTOR('',#25590,1.);
#25610=LINE('',#25580,#25600);
#25620=EDGE_CURVE('',#25080,#23620,#25610,.T.);
#25630=ORIENTED_EDGE('',*,*,#25620,.F.);
#25640=EDGE_LOOP('',(#25630,#25570,#25560,#25500));
#25650=FACE_OUTER_BOUND('',#25640,.T.);
#25660=ADVANCED_FACE('',(#25650),#25490,.F.);
#25670=COLOUR_RGB('',0.,0.,1.);
#25680=FILL_AREA_STYLE_COLOUR('',#25670);
#25690=FILL_AREA_STYLE('',(#25680));
#25700=SURFACE_STYLE_FILL_AREA(#25690);
#25710=SURFACE_SIDE_STYLE('',(#25700));
#25720=SURFACE_STYLE_USAGE(.BOTH.,#25710);
#25730=PRESENTATION_STYLE_ASSIGNMENT((#25720));
#25740=CARTESIAN_POINT('',(-22.3,-16.5,0.));
#25750=DIRECTION('',(-6.93889390390718E-18,-1.,0.));
#25760=DIRECTION('',(1.,-6.93889390390718E-18,0.));
#25770=AXIS2_PLACEMENT_3D('',#25740,#25750,#25760);
#25780=PLANE('',#25770);
#25790=CARTESIAN_POINT('',(-16.5,-16.5,0.));
#25800=DIRECTION('',(-1.,6.93889390390718E-18,0.));
#25810=VECTOR('',#25800,1.);
#25820=LINE('',#25790,#25810);
#25830=EDGE_CURVE('',#16790,#18200,#25820,.T.);
#25840=ORIENTED_EDGE('',*,*,#25830,.F.);
#25850=ORIENTED_EDGE('',*,*,#18210,.F.);
#25860=CARTESIAN_POINT('',(0.,-16.5,-0.5));
#25870=DIRECTION('',(-1.,6.93889390390718E-18,0.));
#25880=VECTOR('',#25870,1.);
#25890=LINE('',#25860,#25880);
#25900=EDGE_CURVE('',#16870,#18120,#25890,.T.);
#25910=ORIENTED_EDGE('',*,*,#25900,.T.);
#25920=ORIENTED_EDGE('',*,*,#16880,.F.);
#25930=EDGE_LOOP('',(#25920,#25910,#25850,#25840));
#25940=FACE_OUTER_BOUND('',#25930,.T.);
#25950=ADVANCED_FACE('',(#25940),#25780,.F.);
#25960=CARTESIAN_POINT('',(23.9,16.5,0.));
#25970=DIRECTION('',(0.,1.,-0.));
#25980=DIRECTION('',(-1.,0.,0.));
#25990=AXIS2_PLACEMENT_3D('',#25960,#25970,#25980);
#26000=PLANE('',#25990);
#26010=CARTESIAN_POINT('',(0.,16.5,-0.5));
#26020=DIRECTION('',(1.,0.,0.));
#26030=VECTOR('',#26020,1.);
#26040=LINE('',#26010,#26030);
#26050=CARTESIAN_POINT('',(18.1,16.5,-0.5));
#26060=VERTEX_POINT('',#26050);
#26070=EDGE_CURVE('',#26060,#14420,#26040,.T.);
#26080=ORIENTED_EDGE('',*,*,#26070,.T.);
#26090=CARTESIAN_POINT('',(18.1,16.5,0.));
#26100=DIRECTION('',(0.,0.,-1.));
#26110=VECTOR('',#26100,1.);
#26120=LINE('',#26090,#26110);
#26130=CARTESIAN_POINT('',(18.1,16.5,0.));
#26140=VERTEX_POINT('',#26130);
#26150=EDGE_CURVE('',#26140,#26060,#26120,.T.);
#26160=ORIENTED_EDGE('',*,*,#26150,.T.);
#26170=CARTESIAN_POINT('',(16.5,16.5,0.));
#26180=DIRECTION('',(1.,0.,0.));
#26190=VECTOR('',#26180,1.);
#26200=LINE('',#26170,#26190);
#26210=EDGE_CURVE('',#26140,#14400,#26200,.T.);
#26220=ORIENTED_EDGE('',*,*,#26210,.F.);
#26230=ORIENTED_EDGE('',*,*,#14430,.F.);
#26240=EDGE_LOOP('',(#26230,#26220,#26160,#26080));
#26250=FACE_OUTER_BOUND('',#26240,.T.);
#26260=ADVANCED_FACE('',(#26250),#26000,.F.);
#26270=CARTESIAN_POINT('',(-24.0524019114855,-28.1652631578684,
-3.5000000000002));
#26280=DIRECTION('',(0.,0.,1.));
#26290=DIRECTION('',(1.,0.,0.));
#26300=AXIS2_PLACEMENT_3D('',#26270,#26280,#26290);
#26310=PLANE('',#26300);
#26320=CARTESIAN_POINT('',(-1.4432899320127E-15,-20.8299999999998,
-3.5000000000002));
#26330=DIRECTION('',(-1.,0.,0.));
#26340=VECTOR('',#26330,1.);
#26350=LINE('',#26320,#26340);
#26360=CARTESIAN_POINT('',(-0.125000000000001,-20.8299999999998,
-3.5000000000002));
#26370=VERTEX_POINT('',#26360);
#26380=EDGE_CURVE('',#4320,#26370,#26350,.T.);
#26390=ORIENTED_EDGE('',*,*,#26380,.F.);
#26400=CARTESIAN_POINT('',(-0.125000000000001,-21.0799999999998,
-3.5000000000002));
#26410=DIRECTION('',(0.,-1.,0.));
#26420=VECTOR('',#26410,1.);
#26430=LINE('',#26400,#26420);
#26440=CARTESIAN_POINT('',(-0.125000000000001,-21.3299999999998,
-3.5000000000002));
#26450=VERTEX_POINT('',#26440);
#26460=EDGE_CURVE('',#26370,#26450,#26430,.T.);
#26470=ORIENTED_EDGE('',*,*,#26460,.F.);
#26480=CARTESIAN_POINT('',(-1.4432899320127E-15,-21.3299999999998,
-3.5000000000002));
#26490=DIRECTION('',(1.,0.,0.));
#26500=VECTOR('',#26490,1.);
#26510=LINE('',#26480,#26500);
#26520=EDGE_CURVE('',#26450,#4160,#26510,.T.);
#26530=ORIENTED_EDGE('',*,*,#26520,.F.);
#26540=ORIENTED_EDGE('',*,*,#4390,.T.);
#26550=EDGE_LOOP('',(#26540,#26530,#26470,#26390));
#26560=FACE_OUTER_BOUND('',#26550,.T.);
#26570=ADVANCED_FACE('',(#26560),#26310,.F.);
#26580=COLOUR_RGB('',0.749019622802734,0.749019622802734,
0.749019622802734);
#26590=FILL_AREA_STYLE_COLOUR('',#26580);
#26600=FILL_AREA_STYLE('',(#26590));
#26610=SURFACE_STYLE_FILL_AREA(#26600);
#26620=SURFACE_SIDE_STYLE('',(#26610));
#26630=SURFACE_STYLE_USAGE(.BOTH.,#26620);
#26640=PRESENTATION_STYLE_ASSIGNMENT((#26630));
#26650=CARTESIAN_POINT('',(-2.,-20.402195232054,10.5));
#26660=CARTESIAN_POINT('',(-2.01583504455413,-20.3990869978296,10.5));
#26670=CARTESIAN_POINT('',(-2.03164092818397,-20.3959019239279,
10.4992248089707));
#26680=CARTESIAN_POINT('',(-2.08588998913749,-20.3847598075941,
10.4940625197061));
#26690=CARTESIAN_POINT('',(-2.12393221068269,-20.3765200701608,
10.4859472146702));
#26700=CARTESIAN_POINT('',(-2.23907623101039,-20.3502746657179,
10.4468784137836));
#26710=CARTESIAN_POINT('',(-2.30972707164185,-20.3322755319921,
10.4011688901622));
#26720=CARTESIAN_POINT('',(-2.36615819418054,-20.3170974110139,
10.3404822709547));
#26730=CARTESIAN_POINT('',(-2.40458058102939,-20.3067630492357,
10.2991624344027));
#26740=CARTESIAN_POINT('',(-2.43574458976323,-20.297946596845,
10.2516484071797));
#26750=CARTESIAN_POINT('',(-2.48004479572788,-20.2852111491056,
10.1500168470562));
#26760=CARTESIAN_POINT('',(-2.49343394942641,-20.2812685141572,
10.0972538918595));
#26770=CARTESIAN_POINT('',(-2.49937788277011,-20.2794985586426,
10.0290208808977));
#26780=CARTESIAN_POINT('',(-2.5,-20.2793053245745,10.0145089785799));
#26790=CARTESIAN_POINT('',(-2.5,-20.2793023542002,10.));
#26800=CARTESIAN_POINT('',(-1.97162880547201,-20.1106735509309,10.5));
#26810=CARTESIAN_POINT('',(-1.98713442971523,-20.1083255540677,
10.5009245227842));
#26820=CARTESIAN_POINT('',(-2.00266113268612,-20.1059530757832,
10.5011805135545));
#26830=CARTESIAN_POINT('',(-2.05612295438237,-20.097607818935,
10.4992737168096));
#26840=CARTESIAN_POINT('',(-2.09414362310758,-20.0914876235823,
10.4935540345581));
#26850=CARTESIAN_POINT('',(-2.21203877676931,-20.0719848218498,
10.4613883902727));
#26860=CARTESIAN_POINT('',(-2.28790615837574,-20.0586782641071,
10.418624115016));
#26870=CARTESIAN_POINT('',(-2.34934880942614,-20.0475510355084,
10.3585592590742));
#26880=CARTESIAN_POINT('',(-2.39117748212923,-20.0399247125418,
10.3176644806337));
#26890=CARTESIAN_POINT('',(-2.42677428600444,-20.0333043299893,
10.2679481901642));
#26900=CARTESIAN_POINT('',(-2.47682441301317,-20.0238709292001,
10.1615062899536));
#26910=CARTESIAN_POINT('',(-2.49223037564884,-20.0208540984965,
10.1043432545918));
#26920=CARTESIAN_POINT('',(-2.49916625107393,-20.0195684257055,
10.0308154051604));
#26930=CARTESIAN_POINT('',(-2.50000086962228,-20.0194521072842,
10.0154598549105));
#26940=CARTESIAN_POINT('',(-2.5,-20.0194485516781,9.99981256571909));
#26950=CARTESIAN_POINT('',(-1.95165220162274,-19.9045485716833,
10.7071310928755));
#26960=CARTESIAN_POINT('',(-1.97212726620813,-19.9025427883918,
10.7078714767794));
#26970=CARTESIAN_POINT('',(-1.99489577274238,-19.9002946835642,
10.7075882559143));
#26980=CARTESIAN_POINT('',(-2.06903122637055,-19.8928215536802,
10.7028941476898));
#26990=CARTESIAN_POINT('',(-2.1214592306366,-19.8873583655191,
10.693613340602));
#27000=CARTESIAN_POINT('',(-2.28754672627458,-19.8694592696826,
10.6421893684388));
#27010=CARTESIAN_POINT('',(-2.38636287406624,-19.8580085118996,
10.5817684304251));
#27020=CARTESIAN_POINT('',(-2.47004245558535,-19.8478677533418,
10.4957606149836));
#27030=CARTESIAN_POINT('',(-2.526910433433,-19.8409717164607,
10.4367552989636));
#27040=CARTESIAN_POINT('',(-2.57265883411121,-19.8352185994663,
10.3695550029483));
#27050=CARTESIAN_POINT('',(-2.63975436998072,-19.826638006933,
10.220269589753));
#27060=CARTESIAN_POINT('',(-2.65959609291009,-19.8240606471512,
10.1433576833419));
#27070=CARTESIAN_POINT('',(-2.66876338896988,-19.8228506631785,
10.0429261833515));
#27080=CARTESIAN_POINT('',(-2.66976804774723,-19.8227101879886,
10.0206972232633));
#27090=CARTESIAN_POINT('',(-2.66976074687316,-19.8227117602533,
10.0000446654953));
#27100=CARTESIAN_POINT('',(-1.95125585945491,-19.9045874252882,
11.0000298068486));
#27110=CARTESIAN_POINT('',(-1.98209594048573,-19.9015641579614,
11.0000348369244));
#27120=CARTESIAN_POINT('',(-2.01291656247594,-19.8984493710401,
10.9985450114672));
#27130=CARTESIAN_POINT('',(-2.1186201350552,-19.887594192104,
10.9882349742533));
#27140=CARTESIAN_POINT('',(-2.19278156185443,-19.8795610524374,
10.9719837764755));
#27150=CARTESIAN_POINT('',(-2.41825830523978,-19.8538639806441,
10.8935660382671));
#27160=CARTESIAN_POINT('',(-2.55563594027821,-19.8363568334341,
10.8022596047912));
#27170=CARTESIAN_POINT('',(-2.6656745260949,-19.8215584483392,
10.6809645429167));
#27180=CARTESIAN_POINT('',(-2.74059674848469,-19.8114826381963,
10.598378098052));
#27190=CARTESIAN_POINT('',(-2.801488066443,-19.8028696664282,
10.5032140247706));
#27200=CARTESIAN_POINT('',(-2.88785849398569,-19.7904547572803,
10.3001131556681));
#27210=CARTESIAN_POINT('',(-2.91396793276198,-19.7866106533824,
10.194226787968));
#27220=CARTESIAN_POINT('',(-2.9255794073156,-19.7848819219417,
10.0577180245974));
#27230=CARTESIAN_POINT('',(-2.92681487111768,-19.784684852436,
10.0287776651853));
#27240=CARTESIAN_POINT('',(-2.92681697846974,-19.7846845406881,
9.9998034470488));
#27250=(BOUNDED_SURFACE() B_SPLINE_SURFACE(3,3,((#26650,#26800,#26950,
#27100),(#26660,#26810,#26960,#27110),(#26670,#26820,#26970,#27120),(
#26680,#26830,#26980,#27130),(#26690,#26840,#26990,#27140),(#26700,
#26850,#27000,#27150),(#26710,#26860,#27010,#27160),(#26720,#26870,
#27020,#27170),(#26730,#26880,#27030,#27180),(#26740,#26890,#27040,
#27190),(#26750,#26900,#27050,#27200),(#26760,#26910,#27060,#27210),(
#26770,#26920,#27070,#27220),(#26780,#26930,#27080,#27230),(#26790,
#26940,#27090,#27240)),.UNSPECIFIED.,.F.,.F.,.F.) 
B_SPLINE_SURFACE_WITH_KNOTS((4,2,2,3,2,2,4),(4,4),(0.,0.0713285509676736
,0.245796516434232,0.618358964409631,0.872088634799733,1.11561514155952,
1.18098278300753),(0.,1.),.UNSPECIFIED.) GEOMETRIC_REPRESENTATION_ITEM()
 RATIONAL_B_SPLINE_SURFACE(((1.,0.804737566148018,0.804737566148018,1.),
(1.,0.805487735210545,0.805487735210545,1.),(1.,0.806358011770142,
0.806358011770142,1.),(1.,0.809053158068494,0.809053158068494,1.),(1.,
0.811048985359715,0.811048985359715,1.),(1.,0.817845929044872,
0.817845929044872,1.),(1.,0.822860425834941,0.822860425834941,1.),(1.,
0.827208229114935,0.827208229114935,1.),(1.,0.830065759520122,
0.830065759520122,1.),(1.,0.832601391074014,0.832601391074014,1.),(1.,
0.836298533695616,0.836298533695616,1.),(1.,0.83721934471835,
0.83721934471835,1.),(1.,0.837879703957824,0.837879703957824,1.),(1.,
0.838052191732929,0.838052191732929,1.),(1.,0.838053432774277,
0.838053432774277,1.))) REPRESENTATION_ITEM('') SURFACE());
#27260=ORIENTED_EDGE('',*,*,#21610,.T.);
#27270=ORIENTED_EDGE('',*,*,#7090,.T.);
#27280=ORIENTED_EDGE('',*,*,#12160,.T.);
#27290=CARTESIAN_POINT('',(-2.,-20.402195232054,10.5));
#27300=CARTESIAN_POINT('',(-2.01583504455413,-20.3990869978296,10.5));
#27310=CARTESIAN_POINT('',(-2.03164092818397,-20.3959019239279,
10.4992248089707));
#27320=CARTESIAN_POINT('',(-2.08588998913749,-20.3847598075941,
10.4940625197061));
#27330=CARTESIAN_POINT('',(-2.12393221068269,-20.3765200701608,
10.4859472146702));
#27340=CARTESIAN_POINT('',(-2.23907623101039,-20.3502746657179,
10.4468784137836));
#27350=CARTESIAN_POINT('',(-2.30972707164185,-20.3322755319921,
10.4011688901622));
#27360=CARTESIAN_POINT('',(-2.36615819418054,-20.3170974110139,
10.3404822709547));
#27370=CARTESIAN_POINT('',(-2.40458058102939,-20.3067630492357,
10.2991624344027));
#27380=CARTESIAN_POINT('',(-2.43574458976323,-20.297946596845,
10.2516484071797));
#27390=CARTESIAN_POINT('',(-2.48004479572788,-20.2852111491056,
10.1500168470562));
#27400=CARTESIAN_POINT('',(-2.49343394942641,-20.2812685141572,
10.0972538918595));
#27410=CARTESIAN_POINT('',(-2.49937788277011,-20.2794985586426,
10.0290208808977));
#27420=CARTESIAN_POINT('',(-2.5,-20.2793053245745,10.0145089785799));
#27430=CARTESIAN_POINT('',(-2.5,-20.2793023542002,10.));
#27440=B_SPLINE_CURVE_WITH_KNOTS('',3,(#27290,#27300,#27310,#27320,
#27330,#27340,#27350,#27360,#27370,#27380,#27390,#27400,#27410,#27420,
#27430),.UNSPECIFIED.,.F.,.F.,(4,2,2,3,2,2,4),(0.,0.0713285509676736,
0.245796516434232,0.618358964409631,0.872088634799733,1.11561514155952,
1.18098278300753),.UNSPECIFIED.);
#27450=EDGE_CURVE('',#12150,#21600,#27440,.T.);
#27460=ORIENTED_EDGE('',*,*,#27450,.F.);
#27470=EDGE_LOOP('',(#27460,#27280,#27270,#27260));
#27480=FACE_OUTER_BOUND('',#27470,.T.);
#27490=ADVANCED_FACE('',(#27480),#27250,.F.);
#27500=COLOUR_RGB('',0.,0.,1.);
#27510=FILL_AREA_STYLE_COLOUR('',#27500);
#27520=FILL_AREA_STYLE('',(#27510));
#27530=SURFACE_STYLE_FILL_AREA(#27520);
#27540=SURFACE_SIDE_STYLE('',(#27530));
#27550=SURFACE_STYLE_USAGE(.BOTH.,#27540);
#27560=PRESENTATION_STYLE_ASSIGNMENT((#27550));
#27570=CARTESIAN_POINT('',(4.87801199890374,-19.3960047158829,
9.99952819932316));
#27580=CARTESIAN_POINT('',(4.87801199890374,-19.3960047158829,
9.97919117438332));
#27590=CARTESIAN_POINT('',(4.87804878048779,-19.3959954654352,
9.95893218702541));
#27600=CARTESIAN_POINT('',(4.87804878048779,-19.3959954654352,
8.29234475752808));
#27610=CARTESIAN_POINT('',(4.87804878048779,-19.3959954654352,
6.64617237876404));
#27620=CARTESIAN_POINT('',(4.87804878048779,-19.3959954654352,
3.16666666663338));
#27630=CARTESIAN_POINT('',(4.87804878048779,-19.3959954654352,
1.33333333326676));
#27640=CARTESIAN_POINT('',(4.87804878048779,-19.3959954654352,
-0.500000000099858));
#27650=CARTESIAN_POINT('',(4.64665902386106,-19.4541889968609,
9.99977012865538));
#27660=CARTESIAN_POINT('',(4.64665895960867,-19.4541890221176,
9.97934334251998));
#27670=CARTESIAN_POINT('',(4.64668531015509,-19.4541828583114,
9.95893079412134));
#27680=CARTESIAN_POINT('',(4.64668531198797,-19.4541828519695,
8.29234475752808));
#27690=CARTESIAN_POINT('',(4.64668531198797,-19.4541828519695,
6.64617237876404));
#27700=CARTESIAN_POINT('',(4.64668531198797,-19.4541828519695,
3.16666666663338));
#27710=CARTESIAN_POINT('',(4.64668531198797,-19.4541828519695,
1.33333333326676));
#27720=CARTESIAN_POINT('',(4.64668531198797,-19.4541828519695,
-0.500000000099858));
#27730=CARTESIAN_POINT('',(4.5,-19.6423401344601,9.99972146934436));
#27740=CARTESIAN_POINT('',(4.5,-19.6423400305126,9.97933052251749));
#27750=CARTESIAN_POINT('',(4.5,-19.6423270611311,9.9589337906673));
#27760=CARTESIAN_POINT('',(4.5,-19.6423270672804,8.29234475752808));
#27770=CARTESIAN_POINT('',(4.5,-19.6423270672804,6.64617237876404));
#27780=CARTESIAN_POINT('',(4.5,-19.6423270672804,3.16666666663338));
#27790=CARTESIAN_POINT('',(4.5,-19.6423270672804,1.33333333326676));
#27800=CARTESIAN_POINT('',(4.5,-19.6423270672804,-0.500000000099858));
#27810=CARTESIAN_POINT('',(4.5,-19.8808974453196,10.));
#27820=CARTESIAN_POINT('',(4.5,-19.8808974453196,9.9795057120855));
#27830=CARTESIAN_POINT('',(4.5,-19.880895352071,9.95893218702541));
#27840=CARTESIAN_POINT('',(4.5,-19.880895352071,8.29234475752808));
#27850=CARTESIAN_POINT('',(4.5,-19.880895352071,6.64617237876404));
#27860=CARTESIAN_POINT('',(4.5,-19.880895352071,3.16666666663338));
#27870=CARTESIAN_POINT('',(4.5,-19.880895352071,1.33333333326676));
#27880=CARTESIAN_POINT('',(4.5,-19.880895352071,-0.500000000099858));
#27890=(BOUNDED_SURFACE() B_SPLINE_SURFACE(3,3,((#27570,#27650,#27730,
#27810),(#27580,#27660,#27740,#27820),(#27590,#27670,#27750,#27830),(
#27600,#27680,#27760,#27840),(#27610,#27690,#27770,#27850),(#27620,
#27700,#27780,#27860),(#27630,#27710,#27790,#27870),(#27640,#27720,
#27800,#27880)),.UNSPECIFIED.,.F.,.F.,.F.) B_SPLINE_SURFACE_WITH_KNOTS((
4,2,2,4),(4,4),(0.,0.0612451521998797,4.99976228849199,10.4997622885919)
,(0.,1.),.UNSPECIFIED.) GEOMETRIC_REPRESENTATION_ITEM() 
RATIONAL_B_SPLINE_SURFACE(((1.,0.859092260046563,0.859092260046563,1.),(
1.,0.859092195535154,0.859092195535154,1.),(1.,0.859092556005914,
0.859092556005914,1.),(1.,0.859092559812185,0.859092559812185,1.),(1.,
0.859092559812189,0.859092559812189,1.),(1.,0.85909255981219,
0.85909255981219,1.),(1.,0.85909255981219,0.85909255981219,1.),(1.,
0.85909255981219,0.85909255981219,1.))) REPRESENTATION_ITEM('') SURFACE(
));
#27900=CARTESIAN_POINT('',(4.87801199890374,-19.3960047158829,
9.99952819932316));
#27910=CARTESIAN_POINT('',(4.87801199890374,-19.3960047158829,
9.97919117438332));
#27920=CARTESIAN_POINT('',(4.87804878048779,-19.3959954654352,
9.95893218702541));
#27930=CARTESIAN_POINT('',(4.87804878048779,-19.3959954654352,
8.29234475752808));
#27940=CARTESIAN_POINT('',(4.87804878048779,-19.3959954654352,
6.64617237876404));
#27950=CARTESIAN_POINT('',(4.87804878048779,-19.3959954654352,
-16.9692013376302));
#27960=CARTESIAN_POINT('',(4.87804878048779,-19.3959954654352,
-38.9384026752604));
#27970=CARTESIAN_POINT('',(4.87804878048779,-19.3959954654352,
-60.9076040128906));
#27980=CARTESIAN_POINT('',(4.64665902386106,-19.4541889968609,
9.99977012865538));
#27990=CARTESIAN_POINT('',(4.64665895960867,-19.4541890221176,
9.97934334251998));
#28000=CARTESIAN_POINT('',(4.64668531015509,-19.4541828583114,
9.95893079412133));
#28010=CARTESIAN_POINT('',(4.64668531198797,-19.4541828519695,
8.29234475752808));
#28020=CARTESIAN_POINT('',(4.64668531198797,-19.4541828519695,
6.64617237876404));
#28030=CARTESIAN_POINT('',(4.64668531198798,-19.4541828519695,
-16.9692013376302));
#28040=CARTESIAN_POINT('',(4.64668531198797,-19.4541828519695,
-38.9384026752604));
#28050=CARTESIAN_POINT('',(4.64668531198797,-19.4541828519695,
-60.9076040128906));
#28060=CARTESIAN_POINT('',(4.5,-19.6423401344601,9.99972146934436));
#28070=CARTESIAN_POINT('',(4.5,-19.6423400305126,9.97933052251749));
#28080=CARTESIAN_POINT('',(4.5,-19.6423270611311,9.9589337906673));
#28090=CARTESIAN_POINT('',(4.5,-19.6423270672804,8.29234475752808));
#28100=CARTESIAN_POINT('',(4.5,-19.6423270672804,6.64617237876404));
#28110=CARTESIAN_POINT('',(4.5,-19.6423270672804,-16.9692013376302));
#28120=CARTESIAN_POINT('',(4.5,-19.6423270672804,-38.9384026752604));
#28130=CARTESIAN_POINT('',(4.5,-19.6423270672804,-60.9076040128906));
#28140=CARTESIAN_POINT('',(4.5,-19.8808974453196,10.));
#28150=CARTESIAN_POINT('',(4.5,-19.8808974453196,9.9795057120855));
#28160=CARTESIAN_POINT('',(4.5,-19.880895352071,9.95893218702541));
#28170=CARTESIAN_POINT('',(4.5,-19.880895352071,8.29234475752808));
#28180=CARTESIAN_POINT('',(4.5,-19.880895352071,6.64617237876404));
#28190=CARTESIAN_POINT('',(4.5,-19.880895352071,-16.9692013376302));
#28200=CARTESIAN_POINT('',(4.5,-19.880895352071,-38.9384026752604));
#28210=CARTESIAN_POINT('',(4.5,-19.880895352071,-60.9076040128906));
#28220=(BOUNDED_SURFACE() B_SPLINE_SURFACE(3,3,((#27900,#27980,#28060,
#28140),(#27910,#27990,#28070,#28150),(#27920,#28000,#28080,#28160),(
#27930,#28010,#28090,#28170),(#27940,#28020,#28100,#28180),(#27950,
#28030,#28110,#28190),(#27960,#28040,#28120,#28200),(#27970,#28050,
#28130,#28210)),.UNSPECIFIED.,.F.,.F.,.F.) B_SPLINE_SURFACE_WITH_KNOTS((
4,2,2,4),(4,4),(0.,0.0612451521998797,4.99976228849199,70.9073663013826)
,(0.,1.),.UNSPECIFIED.) GEOMETRIC_REPRESENTATION_ITEM() 
RATIONAL_B_SPLINE_SURFACE(((1.,0.859092260046563,0.859092260046563,1.),(
1.,0.859092195535154,0.859092195535154,1.),(1.,0.859092556005914,
0.859092556005914,1.),(1.,0.859092559812185,0.859092559812185,1.),(1.,
0.859092559812189,0.859092559812189,1.),(1.,0.85909255981219,
0.85909255981219,1.),(1.,0.859092559812185,0.859092559812185,1.),(1.,
0.859092559812187,0.859092559812187,1.))) REPRESENTATION_ITEM('') 
SURFACE());
#28230=CARTESIAN_POINT('',(4.5,-19.880895352071,1.40512601554121E-15));
#28240=CARTESIAN_POINT('',(4.5,-19.8259110634739,1.40512601554121E-15));
#28250=CARTESIAN_POINT('',(4.50923299753054,-19.7704216052159,
1.57201571446125E-15));
#28260=CARTESIAN_POINT('',(4.52722909004072,-19.7181450319598,
1.57201571446125E-15));
#28270=CARTESIAN_POINT('',(4.54510600907603,-19.6662146439039,
1.57201571446125E-15));
#28280=CARTESIAN_POINT('',(4.57171317291328,-19.6169809228594,
1.47612186124505E-15));
#28290=CARTESIAN_POINT('',(4.60586496595659,-19.5732306401855,
1.47612186124505E-15));
#28300=CARTESIAN_POINT('',(4.63987626678938,-19.5296603355853,
1.47612186124505E-15));
#28310=CARTESIAN_POINT('',(4.68071836145354,-19.492118895325,
1.28682677696137E-15));
#28320=CARTESIAN_POINT('',(4.72729443714895,-19.461811021667,
1.28682677696137E-15));
#28330=CARTESIAN_POINT('',(4.77385306734428,-19.4315145001036,
1.28682677696137E-15));
#28340=CARTESIAN_POINT('',(4.82482346641089,-19.4093815109664,
1.40512601554121E-15));
#28350=CARTESIAN_POINT('',(4.87804878048779,-19.3959954654352,
1.40512601554121E-15));
#28360=B_SPLINE_CURVE_WITH_KNOTS('',3,(#28230,#28240,#28250,#28260,
#28270,#28280,#28290,#28300,#28310,#28320,#28330,#28340,#28350),
.UNSPECIFIED.,.F.,.F.,(4,3,3,3,4),(0.,0.165770577152865,
0.331401902807107,0.496958392776336,0.662204267692821),.UNSPECIFIED.);
#28370=SURFACE_CURVE('',#28360,(#28220,#21330),.CURVE_3D.);
#28380=EDGE_CURVE('',#9890,#6020,#28370,.T.);
#28390=ORIENTED_EDGE('',*,*,#28380,.T.);
#28400=ORIENTED_EDGE('',*,*,#9900,.T.);
#28410=CARTESIAN_POINT('',(4.5,-19.8808974453196,10.));
#28420=CARTESIAN_POINT('',(4.5,-19.6423401344601,9.99972146934436));
#28430=CARTESIAN_POINT('',(4.64665902386106,-19.4541889968609,
9.99977012865538));
#28440=CARTESIAN_POINT('',(4.87801199890374,-19.3960047158829,
9.99952819932316));
#28450=(BOUNDED_CURVE() B_SPLINE_CURVE(3,(#28410,#28420,#28430,#28440),
.UNSPECIFIED.,.F.,.F.) B_SPLINE_CURVE_WITH_KNOTS((4,4),(0.,1.),
.UNSPECIFIED.) CURVE() GEOMETRIC_REPRESENTATION_ITEM() 
RATIONAL_B_SPLINE_CURVE((1.,0.859092260046563,0.859092260046563,1.)) 
REPRESENTATION_ITEM(''));
#28460=EDGE_CURVE('',#9760,#6150,#28450,.T.);
#28470=ORIENTED_EDGE('',*,*,#28460,.F.);
#28480=ORIENTED_EDGE('',*,*,#6160,.F.);
#28490=EDGE_LOOP('',(#28480,#28470,#28400,#28390));
#28500=FACE_OUTER_BOUND('',#28490,.T.);
#28510=ADVANCED_FACE('',(#28500),#27890,.F.);
#28520=COLOUR_RGB('',0.,0.,1.);
#28530=FILL_AREA_STYLE_COLOUR('',#28520);
#28540=FILL_AREA_STYLE('',(#28530));
#28550=SURFACE_STYLE_FILL_AREA(#28540);
#28560=SURFACE_SIDE_STYLE('',(#28550));
#28570=SURFACE_STYLE_USAGE(.BOTH.,#28560);
#28580=PRESENTATION_STYLE_ASSIGNMENT((#28570));
#28590=CARTESIAN_POINT('',(4.00000000000001,-25.5,10.));
#28600=DIRECTION('',(5.32907051820075E-15,-1.,-7.105427357601E-15));
#28610=DIRECTION('',(0.,-7.105427357601E-15,1.));
#28620=AXIS2_PLACEMENT_3D('',#28590,#28600,#28610);
#28630=SPHERICAL_SURFACE('',#28620,0.5);
#28640=CARTESIAN_POINT('',(4.00000000000001,-25.5,10.));
#28650=DIRECTION('',(-1.,-5.32907051820075E-15,-3.78653234506086E-29));
#28660=DIRECTION('',(-5.32907051820075E-15,1.,0.));
#28670=AXIS2_PLACEMENT_3D('',#28640,#28650,#28660);
#28680=CIRCLE('',#28670,0.5);
#28690=CARTESIAN_POINT('',(4.00000000000001,-25.5,10.5));
#28700=VERTEX_POINT('',#28690);
#28710=EDGE_CURVE('',#23060,#28700,#28680,.T.);
#28720=ORIENTED_EDGE('',*,*,#28710,.F.);
#28730=CARTESIAN_POINT('',(4.00000000000001,-25.5,10.));
#28740=DIRECTION('',(5.32907051820075E-15,-1.,-7.105427357601E-15));
#28750=DIRECTION('',(0.,-7.105427357601E-15,1.));
#28760=AXIS2_PLACEMENT_3D('',#28730,#28740,#28750);
#28770=CIRCLE('',#28760,0.5);
#28780=EDGE_CURVE('',#9740,#28700,#28770,.T.);
#28790=ORIENTED_EDGE('',*,*,#28780,.T.);
#28800=CARTESIAN_POINT('',(4.00000000000001,-25.5,10.));
#28810=DIRECTION('',(0.,0.,-1.));
#28820=DIRECTION('',(-1.,0.,0.));
#28830=AXIS2_PLACEMENT_3D('',#28800,#28810,#28820);
#28840=CIRCLE('',#28830,0.499999999999996);
#28850=EDGE_CURVE('',#9740,#23060,#28840,.T.);
#28860=ORIENTED_EDGE('',*,*,#28850,.F.);
#28870=EDGE_LOOP('',(#28860,#28790,#28720));
#28880=FACE_OUTER_BOUND('',#28870,.T.);
#28890=ADVANCED_FACE('',(#28880),#28630,.T.);
#28900=COLOUR_RGB('',0.,0.,1.);
#28910=FILL_AREA_STYLE_COLOUR('',#28900);
#28920=FILL_AREA_STYLE('',(#28910));
#28930=SURFACE_STYLE_FILL_AREA(#28920);
#28940=SURFACE_SIDE_STYLE('',(#28930));
#28950=SURFACE_STYLE_USAGE(.BOTH.,#28940);
#28960=PRESENTATION_STYLE_ASSIGNMENT((#28950));
#28970=CARTESIAN_POINT('',(-0.125000000000001,-20.8299999999998,-8.1));
#28980=DIRECTION('',(0.,-1.,0.));
#28990=DIRECTION('',(0.,0.,-1.));
#29000=AXIS2_PLACEMENT_3D('',#28970,#28980,#28990);
#29010=PLANE('',#29000);
#29020=CARTESIAN_POINT('',(-0.125000000000001,-20.8299999999998,-11.45))
;
#29030=DIRECTION('',(0.,0.,-1.));
#29040=VECTOR('',#29030,1.);
#29050=LINE('',#29020,#29040);
#29060=CARTESIAN_POINT('',(-0.125000000000001,-20.8299999999998,1.));
#29070=VERTEX_POINT('',#29060);
#29080=EDGE_CURVE('',#29070,#26370,#29050,.T.);
#29090=ORIENTED_EDGE('',*,*,#29080,.F.);
#29100=ORIENTED_EDGE('',*,*,#26380,.T.);
#29110=ORIENTED_EDGE('',*,*,#4330,.F.);
#29120=CARTESIAN_POINT('',(0.,-20.8299999999998,1.));
#29130=DIRECTION('',(1.,0.,0.));
#29140=VECTOR('',#29130,1.);
#29150=LINE('',#29120,#29140);
#29160=EDGE_CURVE('',#29070,#4240,#29150,.T.);
#29170=ORIENTED_EDGE('',*,*,#29160,.T.);
#29180=EDGE_LOOP('',(#29170,#29110,#29100,#29090));
#29190=FACE_OUTER_BOUND('',#29180,.T.);
#29200=ADVANCED_FACE('',(#29190),#29010,.F.);
#29210=COLOUR_RGB('',0.749019622802734,0.749019622802734,
0.749019622802734);
#29220=FILL_AREA_STYLE_COLOUR('',#29210);
#29230=FILL_AREA_STYLE('',(#29220));
#29240=SURFACE_STYLE_FILL_AREA(#29230);
#29250=SURFACE_SIDE_STYLE('',(#29240));
#29260=SURFACE_STYLE_USAGE(.BOTH.,#29250);
#29270=PRESENTATION_STYLE_ASSIGNMENT((#29260));
#29280=CARTESIAN_POINT('',(-21.0211032050969,-21.0211032050969,5.));
#29290=DIRECTION('',(0.,0.,1.));
#29300=DIRECTION('',(1.,0.,0.));
#29310=AXIS2_PLACEMENT_3D('',#29280,#29290,#29300);
#29320=PLANE('',#29310);
#29330=CARTESIAN_POINT('',(-16.5,-16.5,5.));
#29340=DIRECTION('',(0.,0.,1.));
#29350=DIRECTION('',(1.,0.,0.));
#29360=AXIS2_PLACEMENT_3D('',#29330,#29340,#29350);
#29370=CIRCLE('',#29360,2.49999999994919);
#29380=CARTESIAN_POINT('',(-18.1,-14.5790627288362,5.));
#29390=VERTEX_POINT('',#29380);
#29400=CARTESIAN_POINT('',(-18.9999999999492,-16.5,5.));
#29410=VERTEX_POINT('',#29400);
#29420=EDGE_CURVE('',#29390,#29410,#29370,.T.);
#29430=ORIENTED_EDGE('',*,*,#29420,.T.);
#29440=CARTESIAN_POINT('',(-18.1,-10.8543809256164,5.));
#29450=DIRECTION('',(0.,1.,0.));
#29460=VECTOR('',#29450,1.);
#29470=LINE('',#29440,#29460);
#29480=EDGE_CURVE('',#29390,#4800,#29470,.T.);
#29490=ORIENTED_EDGE('',*,*,#29480,.F.);
#29500=ORIENTED_EDGE('',*,*,#8170,.F.);
#29510=CARTESIAN_POINT('',(-10.8543809256164,-18.1,5.));
#29520=DIRECTION('',(-1.,0.,0.));
#29530=VECTOR('',#29520,1.);
#29540=LINE('',#29510,#29530);
#29550=CARTESIAN_POINT('',(-14.5790627288363,-18.1,5.));
#29560=VERTEX_POINT('',#29550);
#29570=EDGE_CURVE('',#8090,#29560,#29540,.T.);
#29580=ORIENTED_EDGE('',*,*,#29570,.F.);
#29590=EDGE_CURVE('',#29410,#29560,#29370,.T.);
#29600=ORIENTED_EDGE('',*,*,#29590,.T.);
#29610=EDGE_LOOP('',(#29600,#29580,#29500,#29490,#29430));
#29620=FACE_OUTER_BOUND('',#29610,.T.);
#29630=ADVANCED_FACE('',(#29620),#29320,.T.);
#29640=COLOUR_RGB('',0.,0.,1.);
#29650=FILL_AREA_STYLE_COLOUR('',#29640);
#29660=FILL_AREA_STYLE('',(#29650));
#29670=SURFACE_STYLE_FILL_AREA(#29660);
#29680=SURFACE_SIDE_STYLE('',(#29670));
#29690=SURFACE_STYLE_USAGE(.BOTH.,#29680);
#29700=PRESENTATION_STYLE_ASSIGNMENT((#29690));
#29710=CARTESIAN_POINT('',(-24.0524019114855,-30.7052631578686,1.));
#29720=DIRECTION('',(0.,0.,1.));
#29730=DIRECTION('',(1.,0.,0.));
#29740=AXIS2_PLACEMENT_3D('',#29710,#29720,#29730);
#29750=PLANE('',#29740);
#29760=ORIENTED_EDGE('',*,*,#18790,.F.);
#29770=CARTESIAN_POINT('',(0.124999999999999,0.,1.));
#29780=DIRECTION('',(0.,1.,0.));
#29790=VECTOR('',#29780,1.);
#29800=LINE('',#29770,#29790);
#29810=CARTESIAN_POINT('',(0.124999999999999,-18.7899999999998,1.));
#29820=VERTEX_POINT('',#29810);
#29830=EDGE_CURVE('',#29820,#18720,#29800,.T.);
#29840=ORIENTED_EDGE('',*,*,#29830,.T.);
#29850=CARTESIAN_POINT('',(0.,-18.7899999999998,1.));
#29860=DIRECTION('',(-1.,0.,0.));
#29870=VECTOR('',#29860,1.);
#29880=LINE('',#29850,#29870);
#29890=CARTESIAN_POINT('',(-0.125000000000001,-18.7899999999998,1.));
#29900=VERTEX_POINT('',#29890);
#29910=EDGE_CURVE('',#29820,#29900,#29880,.T.);
#29920=ORIENTED_EDGE('',*,*,#29910,.F.);
#29930=CARTESIAN_POINT('',(-0.125000000000001,0.,1.));
#29940=DIRECTION('',(0.,1.,0.));
#29950=VECTOR('',#29940,1.);
#29960=LINE('',#29930,#29950);
#29970=EDGE_CURVE('',#29900,#18540,#29960,.T.);
#29980=ORIENTED_EDGE('',*,*,#29970,.F.);
#29990=EDGE_LOOP('',(#29980,#29920,#29840,#29760));
#30000=FACE_BOUND('',#29990,.T.);
#30010=CARTESIAN_POINT('',(-0.125000000000001,0.,1.));
#30020=DIRECTION('',(0.,1.,0.));
#30030=VECTOR('',#30020,1.);
#30040=LINE('',#30010,#30030);
#30050=CARTESIAN_POINT('',(-0.125000000000001,-21.3299999999998,1.));
#30060=VERTEX_POINT('',#30050);
#30070=EDGE_CURVE('',#30060,#29070,#30040,.T.);
#30080=ORIENTED_EDGE('',*,*,#30070,.F.);
#30090=ORIENTED_EDGE('',*,*,#29160,.F.);
#30100=ORIENTED_EDGE('',*,*,#4250,.T.);
#30110=CARTESIAN_POINT('',(0.,-21.3299999999998,1.));
#30120=DIRECTION('',(-1.,0.,0.));
#30130=VECTOR('',#30120,1.);
#30140=LINE('',#30110,#30130);
#30150=EDGE_CURVE('',#4140,#30060,#30140,.T.);
#30160=ORIENTED_EDGE('',*,*,#30150,.F.);
#30170=EDGE_LOOP('',(#30160,#30100,#30090,#30080));
#30180=FACE_BOUND('',#30170,.T.);
#30190=CARTESIAN_POINT('',(0.,-12.9,1.));
#30200=DIRECTION('',(1.,0.,0.));
#30210=VECTOR('',#30200,1.);
#30220=LINE('',#30190,#30210);
#30230=CARTESIAN_POINT('',(-1.8,-12.9,1.));
#30240=VERTEX_POINT('',#30230);
#30250=CARTESIAN_POINT('',(-0.0499999999999986,-12.9,1.));
#30260=VERTEX_POINT('',#30250);
#30270=EDGE_CURVE('',#30240,#30260,#30220,.T.);
#30280=ORIENTED_EDGE('',*,*,#30270,.T.);
#30290=CARTESIAN_POINT('',(-1.8,0.,1.));
#30300=DIRECTION('',(0.,-1.,0.));
#30310=VECTOR('',#30300,1.);
#30320=LINE('',#30290,#30310);
#30330=CARTESIAN_POINT('',(-1.8,-12.3697210962899,1.));
#30340=VERTEX_POINT('',#30330);
#30350=EDGE_CURVE('',#30340,#30240,#30320,.T.);
#30360=ORIENTED_EDGE('',*,*,#30350,.T.);
#30370=CARTESIAN_POINT('',(8.88178419700125E-16,1.77635683940025E-15,1.)
);
#30380=DIRECTION('',(0.,0.,1.));
#30390=DIRECTION('',(-1.,0.,0.));
#30400=AXIS2_PLACEMENT_3D('',#30370,#30380,#30390);
#30410=CIRCLE('',#30400,12.5);
#30420=CARTESIAN_POINT('',(-12.5,1.77635683940025E-15,1.));
#30430=VERTEX_POINT('',#30420);
#30440=EDGE_CURVE('',#30430,#30340,#30410,.T.);
#30450=ORIENTED_EDGE('',*,*,#30440,.T.);
#30460=CARTESIAN_POINT('',(12.5,1.77635683940025E-15,1.));
#30470=VERTEX_POINT('',#30460);
#30480=EDGE_CURVE('',#30470,#30430,#30410,.T.);
#30490=ORIENTED_EDGE('',*,*,#30480,.T.);
#30500=CARTESIAN_POINT('',(1.8,-12.3697210962899,1.));
#30510=VERTEX_POINT('',#30500);
#30520=EDGE_CURVE('',#30510,#30470,#30410,.T.);
#30530=ORIENTED_EDGE('',*,*,#30520,.T.);
#30540=CARTESIAN_POINT('',(1.8,0.,1.));
#30550=DIRECTION('',(0.,1.,0.));
#30560=VECTOR('',#30550,1.);
#30570=LINE('',#30540,#30560);
#30580=CARTESIAN_POINT('',(1.8,-12.9,1.));
#30590=VERTEX_POINT('',#30580);
#30600=EDGE_CURVE('',#30590,#30510,#30570,.T.);
#30610=ORIENTED_EDGE('',*,*,#30600,.T.);
#30620=CARTESIAN_POINT('',(0.,-12.9,1.));
#30630=DIRECTION('',(1.,0.,0.));
#30640=VECTOR('',#30630,1.);
#30650=LINE('',#30620,#30640);
#30660=CARTESIAN_POINT('',(0.0499999999999986,-12.9,1.));
#30670=VERTEX_POINT('',#30660);
#30680=EDGE_CURVE('',#30670,#30590,#30650,.T.);
#30690=ORIENTED_EDGE('',*,*,#30680,.T.);
#30700=CARTESIAN_POINT('',(0.0499999999999986,-12.22,1.));
#30710=DIRECTION('',(0.,-1.,0.));
#30720=VECTOR('',#30710,1.);
#30730=LINE('',#30700,#30720);
#30740=CARTESIAN_POINT('',(0.0499999999999985,-12.22,1.));
#30750=VERTEX_POINT('',#30740);
#30760=EDGE_CURVE('',#30750,#30670,#30730,.T.);
#30770=ORIENTED_EDGE('',*,*,#30760,.T.);
#30780=CARTESIAN_POINT('',(0.,-12.22,1.));
#30790=DIRECTION('',(-1.,0.,0.));
#30800=VECTOR('',#30790,1.);
#30810=LINE('',#30780,#30800);
#30820=CARTESIAN_POINT('',(-0.0499999999999987,-12.22,1.));
#30830=VERTEX_POINT('',#30820);
#30840=EDGE_CURVE('',#30750,#30830,#30810,.T.);
#30850=ORIENTED_EDGE('',*,*,#30840,.F.);
#30860=CARTESIAN_POINT('',(-0.0499999999999986,-12.22,1.));
#30870=DIRECTION('',(0.,1.,0.));
#30880=VECTOR('',#30870,1.);
#30890=LINE('',#30860,#30880);
#30900=EDGE_CURVE('',#30260,#30830,#30890,.T.);
#30910=ORIENTED_EDGE('',*,*,#30900,.T.);
#30920=EDGE_LOOP('',(#30910,#30850,#30770,#30690,#30610,#30530,#30490,
#30450,#30360,#30280));
#30930=FACE_BOUND('',#30920,.T.);
#30940=CARTESIAN_POINT('',(-0.125000000000001,0.,1.));
#30950=DIRECTION('',(0.,1.,0.));
#30960=VECTOR('',#30950,1.);
#30970=LINE('',#30940,#30960);
#30980=CARTESIAN_POINT('',(-0.125000000000001,-23.87,1.));
#30990=VERTEX_POINT('',#30980);
#31000=CARTESIAN_POINT('',(-0.125000000000001,-23.37,1.));
#31010=VERTEX_POINT('',#31000);
#31020=EDGE_CURVE('',#30990,#31010,#30970,.T.);
#31030=ORIENTED_EDGE('',*,*,#31020,.F.);
#31040=CARTESIAN_POINT('',(0.,-23.37,1.));
#31050=DIRECTION('',(1.,0.,0.));
#31060=VECTOR('',#31050,1.);
#31070=LINE('',#31040,#31060);
#31080=CARTESIAN_POINT('',(0.124999999999999,-23.37,1.));
#31090=VERTEX_POINT('',#31080);
#31100=EDGE_CURVE('',#31010,#31090,#31070,.T.);
#31110=ORIENTED_EDGE('',*,*,#31100,.F.);
#31120=CARTESIAN_POINT('',(0.124999999999999,0.,1.));
#31130=DIRECTION('',(0.,1.,0.));
#31140=VECTOR('',#31130,1.);
#31150=LINE('',#31120,#31140);
#31160=CARTESIAN_POINT('',(0.124999999999999,-23.87,1.));
#31170=VERTEX_POINT('',#31160);
#31180=EDGE_CURVE('',#31170,#31090,#31150,.T.);
#31190=ORIENTED_EDGE('',*,*,#31180,.T.);
#31200=CARTESIAN_POINT('',(0.,-23.87,1.));
#31210=DIRECTION('',(-1.,0.,0.));
#31220=VECTOR('',#31210,1.);
#31230=LINE('',#31200,#31220);
#31240=EDGE_CURVE('',#31170,#30990,#31230,.T.);
#31250=ORIENTED_EDGE('',*,*,#31240,.F.);
#31260=EDGE_LOOP('',(#31250,#31190,#31110,#31030));
#31270=FACE_BOUND('',#31260,.T.);
#31280=CARTESIAN_POINT('',(0.,-15.7499999999998,1.));
#31290=DIRECTION('',(1.,0.,0.));
#31300=VECTOR('',#31290,1.);
#31310=LINE('',#31280,#31300);
#31320=CARTESIAN_POINT('',(-0.125000000000001,-15.7499999999998,1.));
#31330=VERTEX_POINT('',#31320);
#31340=CARTESIAN_POINT('',(0.124999999999999,-15.7499999999998,1.));
#31350=VERTEX_POINT('',#31340);
#31360=EDGE_CURVE('',#31330,#31350,#31310,.T.);
#31370=ORIENTED_EDGE('',*,*,#31360,.F.);
#31380=CARTESIAN_POINT('',(0.124999999999999,0.,1.));
#31390=DIRECTION('',(0.,1.,0.));
#31400=VECTOR('',#31390,1.);
#31410=LINE('',#31380,#31400);
#31420=CARTESIAN_POINT('',(0.124999999999999,-16.2499999999998,1.));
#31430=VERTEX_POINT('',#31420);
#31440=EDGE_CURVE('',#31430,#31350,#31410,.T.);
#31450=ORIENTED_EDGE('',*,*,#31440,.T.);
#31460=CARTESIAN_POINT('',(0.,-16.2499999999998,1.));
#31470=DIRECTION('',(-1.,0.,0.));
#31480=VECTOR('',#31470,1.);
#31490=LINE('',#31460,#31480);
#31500=CARTESIAN_POINT('',(-0.125000000000001,-16.2499999999998,1.));
#31510=VERTEX_POINT('',#31500);
#31520=EDGE_CURVE('',#31430,#31510,#31490,.T.);
#31530=ORIENTED_EDGE('',*,*,#31520,.F.);
#31540=CARTESIAN_POINT('',(-0.125000000000001,0.,1.));
#31550=DIRECTION('',(0.,1.,0.));
#31560=VECTOR('',#31550,1.);
#31570=LINE('',#31540,#31560);
#31580=EDGE_CURVE('',#31510,#31330,#31570,.T.);
#31590=ORIENTED_EDGE('',*,*,#31580,.F.);
#31600=EDGE_LOOP('',(#31590,#31530,#31450,#31370));
#31610=FACE_BOUND('',#31600,.T.);
#31620=CARTESIAN_POINT('',(0.,-24.5,1.));
#31630=DIRECTION('',(-1.,0.,0.));
#31640=VECTOR('',#31630,1.);
#31650=LINE('',#31620,#31640);
#31660=CARTESIAN_POINT('',(3.,-24.5,1.));
#31670=VERTEX_POINT('',#31660);
#31680=CARTESIAN_POINT('',(-1.,-24.5,1.));
#31690=VERTEX_POINT('',#31680);
#31700=EDGE_CURVE('',#31670,#31690,#31650,.T.);
#31710=ORIENTED_EDGE('',*,*,#31700,.T.);
#31720=CARTESIAN_POINT('',(3.,0.,1.));
#31730=DIRECTION('',(0.,-1.,0.));
#31740=VECTOR('',#31730,1.);
#31750=LINE('',#31720,#31740);
#31760=CARTESIAN_POINT('',(3.,-18.2551362635287,1.));
#31770=VERTEX_POINT('',#31760);
#31780=EDGE_CURVE('',#31770,#31670,#31750,.T.);
#31790=ORIENTED_EDGE('',*,*,#31780,.T.);
#31800=CARTESIAN_POINT('',(-8.91848433596124E-15,-9.04332910513523E-15,
1.));
#31810=DIRECTION('',(0.,0.,1.));
#31820=DIRECTION('',(1.,0.,0.));
#31830=AXIS2_PLACEMENT_3D('',#31800,#31810,#31820);
#31840=CIRCLE('',#31830,18.5);
#31850=CARTESIAN_POINT('',(18.5,-9.04332910513523E-15,1.));
#31860=VERTEX_POINT('',#31850);
#31870=EDGE_CURVE('',#31770,#31860,#31840,.T.);
#31880=ORIENTED_EDGE('',*,*,#31870,.F.);
#31890=CARTESIAN_POINT('',(-18.5,-9.04332910513523E-15,1.));
#31900=VERTEX_POINT('',#31890);
#31910=EDGE_CURVE('',#31860,#31900,#31840,.T.);
#31920=ORIENTED_EDGE('',*,*,#31910,.F.);
#31930=CARTESIAN_POINT('',(-1.,-18.4729532019112,1.));
#31940=VERTEX_POINT('',#31930);
#31950=EDGE_CURVE('',#31900,#31940,#31840,.T.);
#31960=ORIENTED_EDGE('',*,*,#31950,.F.);
#31970=CARTESIAN_POINT('',(-1.,0.,1.));
#31980=DIRECTION('',(0.,1.,0.));
#31990=VECTOR('',#31980,1.);
#32000=LINE('',#31970,#31990);
#32010=EDGE_CURVE('',#31690,#31940,#32000,.T.);
#32020=ORIENTED_EDGE('',*,*,#32010,.T.);
#32030=EDGE_LOOP('',(#32020,#31960,#31920,#31880,#31790,#31710));
#32040=FACE_OUTER_BOUND('',#32030,.T.);
#32050=ADVANCED_FACE('',(#30000,#30180,#30930,#31270,#31610,#32040),
#29750,.F.);
#32060=COLOUR_RGB('',0.,0.,0.);
#32070=FILL_AREA_STYLE_COLOUR('',#32060);
#32080=FILL_AREA_STYLE('',(#32070));
#32090=SURFACE_STYLE_FILL_AREA(#32080);
#32100=SURFACE_SIDE_STYLE('',(#32090));
#32110=SURFACE_STYLE_USAGE(.BOTH.,#32100);
#32120=PRESENTATION_STYLE_ASSIGNMENT((#32110));
#32130=CARTESIAN_POINT('',(-16.5,16.5,0.));
#32140=DIRECTION('',(0.,1.,-0.));
#32150=DIRECTION('',(-1.,0.,0.));
#32160=AXIS2_PLACEMENT_3D('',#32130,#32140,#32150);
#32170=PLANE('',#32160);
#32180=CARTESIAN_POINT('',(0.,16.5,-0.5));
#32190=DIRECTION('',(1.,0.,0.));
#32200=VECTOR('',#32190,1.);
#32210=LINE('',#32180,#32200);
#32220=CARTESIAN_POINT('',(-19.5,16.5,-0.500000000000001));
#32230=VERTEX_POINT('',#32220);
#32240=CARTESIAN_POINT('',(-18.1,16.5,-0.5));
#32250=VERTEX_POINT('',#32240);
#32260=EDGE_CURVE('',#32230,#32250,#32210,.T.);
#32270=ORIENTED_EDGE('',*,*,#32260,.T.);
#32280=EDGE_CURVE('',#16390,#32230,#16450,.T.);
#32290=ORIENTED_EDGE('',*,*,#32280,.T.);
#32300=CARTESIAN_POINT('',(-16.5,16.5,0.));
#32310=DIRECTION('',(-1.,0.,0.));
#32320=VECTOR('',#32310,1.);
#32330=LINE('',#32300,#32320);
#32340=CARTESIAN_POINT('',(-18.1,16.5,0.));
#32350=VERTEX_POINT('',#32340);
#32360=EDGE_CURVE('',#32350,#16390,#32330,.T.);
#32370=ORIENTED_EDGE('',*,*,#32360,.T.);
#32380=CARTESIAN_POINT('',(-18.1,16.5,-8.3));
#32390=DIRECTION('',(0.,0.,1.));
#32400=VECTOR('',#32390,1.);
#32410=LINE('',#32380,#32400);
#32420=EDGE_CURVE('',#32250,#32350,#32410,.T.);
#32430=ORIENTED_EDGE('',*,*,#32420,.T.);
#32440=EDGE_LOOP('',(#32430,#32370,#32290,#32270));
#32450=FACE_OUTER_BOUND('',#32440,.T.);
#32460=ADVANCED_FACE('',(#32450),#32170,.F.);
#32470=CARTESIAN_POINT('',(4.00000000000001,-25.5,0.));
#32480=DIRECTION('',(0.,0.,-1.));
#32490=DIRECTION('',(-1.,0.,0.));
#32500=AXIS2_PLACEMENT_3D('',#32470,#32480,#32490);
#32510=CYLINDRICAL_SURFACE('',#32500,0.499999999999992);
#32520=ORIENTED_EDGE('',*,*,#10040,.F.);
#32530=CARTESIAN_POINT('',(4.00000000000001,-25.5,0.));
#32540=DIRECTION('',(0.,0.,-1.));
#32550=DIRECTION('',(-1.,0.,0.));
#32560=AXIS2_PLACEMENT_3D('',#32530,#32540,#32550);
#32570=CIRCLE('',#32560,0.499999999999992);
#32580=EDGE_CURVE('',#9970,#23080,#32570,.T.);
#32590=ORIENTED_EDGE('',*,*,#32580,.F.);
#32600=ORIENTED_EDGE('',*,*,#23090,.T.);
#32610=ORIENTED_EDGE('',*,*,#28850,.T.);
#32620=EDGE_LOOP('',(#32610,#32600,#32590,#32520));
#32630=FACE_OUTER_BOUND('',#32620,.T.);
#32640=ADVANCED_FACE('',(#32630),#32510,.T.);
#32650=COLOUR_RGB('',0.,0.,1.);
#32660=FILL_AREA_STYLE_COLOUR('',#32650);
#32670=FILL_AREA_STYLE('',(#32660));
#32680=SURFACE_STYLE_FILL_AREA(#32670);
#32690=SURFACE_SIDE_STYLE('',(#32680));
#32700=SURFACE_STYLE_USAGE(.BOTH.,#32690);
#32710=PRESENTATION_STYLE_ASSIGNMENT((#32700));
#32720=CARTESIAN_POINT('',(4.87801199890374,-19.3960047158829,
9.99952819932316));
#32730=CARTESIAN_POINT('',(4.87800423034867,-19.3960066696412,
10.0267862724357));
#32740=CARTESIAN_POINT('',(4.8769025080163,-19.3962980486897,
10.0540004019315));
#32750=CARTESIAN_POINT('',(4.86615675685226,-19.3990117626707,
10.188129503003));
#32760=CARTESIAN_POINT('',(4.84091521985927,-19.4053424660136,
10.2934718156788));
#32770=CARTESIAN_POINT('',(4.75854983865294,-19.4257053036986,
10.4916520183969));
#32780=CARTESIAN_POINT('',(4.70173366236518,-19.4396178752973,
10.583253900673));
#32790=CARTESIAN_POINT('',(4.63265387611625,-19.4560663563862,
10.6631683951324));
#32800=CARTESIAN_POINT('',(4.52538130496187,-19.4816088624333,
10.7872659605516));
#32810=CARTESIAN_POINT('',(4.39131697359124,-19.5125603396666,
10.8808553544077));
#32820=CARTESIAN_POINT('',(4.18385807491406,-19.5575751095329,
10.9595242198756));
#32830=CARTESIAN_POINT('',(4.12534118350507,-19.5699975918227,
10.9755888759978));
#32840=CARTESIAN_POINT('',(4.01205641691229,-19.5935114899717,
10.9953890417307));
#32850=CARTESIAN_POINT('',(3.95737434284075,-19.6046502414483,
11.0000859297275));
#32860=CARTESIAN_POINT('',(3.90256668936691,-19.6155543698118,
11.0000569719052));
#32870=CARTESIAN_POINT('',(4.64665902386106,-19.4541889968609,
9.99977012865538));
#32880=CARTESIAN_POINT('',(4.64666094955554,-19.4541880735207,
10.0198055922372));
#32890=CARTESIAN_POINT('',(4.64571450560971,-19.4544212601221,
10.0410386166705));
#32900=CARTESIAN_POINT('',(4.63683018736458,-19.4565278435823,
10.1419937868344));
#32910=CARTESIAN_POINT('',(4.61664372252396,-19.4612727149567,
10.2203583452263));
#32920=CARTESIAN_POINT('',(4.54974677069614,-19.4768353254526,
10.3685966177619));
#32930=CARTESIAN_POINT('',(4.50474984628695,-19.4872054675946,
10.4347112678762));
#32940=CARTESIAN_POINT('',(4.45003558702658,-19.4995493148273,
10.4921891177138));
#32950=CARTESIAN_POINT('',(4.36502682558005,-19.5187192188758,
10.5808523540271));
#32960=CARTESIAN_POINT('',(4.26336241184879,-19.5410541268332,
10.6427947323532));
#32970=CARTESIAN_POINT('',(4.10595530144888,-19.5741979681852,
10.691561474947));
#32980=CARTESIAN_POINT('',(4.0630456364145,-19.5830945448663,
10.7001922410746));
#32990=CARTESIAN_POINT('',(3.98100149703423,-19.5998625749619,
10.7090527134645));
#33000=CARTESIAN_POINT('',(3.94024840900004,-19.608060479398,
10.7097854726942));
#33010=CARTESIAN_POINT('',(3.90303736959751,-19.6154607267286,
10.707149342542));
#33020=CARTESIAN_POINT('',(4.5,-19.6423401344601,9.99972146934436));
#33030=CARTESIAN_POINT('',(4.50000224038956,-19.6423466993185,
10.0150417517166));
#33040=CARTESIAN_POINT('',(4.49916066928451,-19.6425437073581,
10.0299822721121));
#33050=CARTESIAN_POINT('',(4.49224129973254,-19.6447412537698,
10.1051431723289));
#33060=CARTESIAN_POINT('',(4.4762279774058,-19.6500901003005,
10.1642810319859));
#33070=CARTESIAN_POINT('',(4.4250179359561,-19.6667698783209,
10.2715637278035));
#33080=CARTESIAN_POINT('',(4.38917862769332,-19.6783354965984,
10.3211014724169));
#33090=CARTESIAN_POINT('',(4.34797073204152,-19.6916580988314,
10.3612269056955));
#33100=CARTESIAN_POINT('',(4.28395387256621,-19.7121844421817,
10.4235500562647));
#33110=CARTESIAN_POINT('',(4.20385880803373,-19.7375303677853,
10.4672729381016));
#33120=CARTESIAN_POINT('',(4.09071202565172,-19.7730350286637,
10.495922696609));
#33130=CARTESIAN_POINT('',(4.05924577233709,-19.7827986293231,
10.5006713208063));
#33140=CARTESIAN_POINT('',(3.99943616913972,-19.801321084201,
10.5041131994226));
#33150=CARTESIAN_POINT('',(3.97157436195382,-19.8099784638351,
10.5032855116497));
#33160=CARTESIAN_POINT('',(3.94319524342546,-19.8186149688934,10.5));
#33170=CARTESIAN_POINT('',(4.5,-19.8808974453196,10.));
#33180=CARTESIAN_POINT('',(4.5,-19.8808996735257,10.0136646841253));
#33190=CARTESIAN_POINT('',(4.49944951953341,-19.8811869674573,
10.0273383049113));
#33200=CARTESIAN_POINT('',(4.49395337789634,-19.8839630624214,
10.0943686672869));
#33210=CARTESIAN_POINT('',(4.48099688043726,-19.8904622645814,
10.1466705813679));
#33220=CARTESIAN_POINT('',(4.43872860046915,-19.9113618733499,
10.2458921904086));
#33230=CARTESIAN_POINT('',(4.40970344055222,-19.9255773948311,
10.2915536607054));
#33240=CARTESIAN_POINT('',(4.37423511228348,-19.9424680123826,
10.3315841985592));
#33250=CARTESIAN_POINT('',(4.31915707897539,-19.9686971029969,
10.393746792763));
#33260=CARTESIAN_POINT('',(4.25002842078801,-20.0006006694863,
10.4406206197704));
#33270=CARTESIAN_POINT('',(4.14442526386012,-20.0464285594667,
10.4796888604843));
#33280=CARTESIAN_POINT('',(4.11442395279705,-20.0591634003666,
10.4876935024516));
#33290=CARTESIAN_POINT('',(4.0562334783689,-20.0833171368017,
10.497588730316));
#33300=CARTESIAN_POINT('',(4.02818849516733,-20.0947375476004,10.5));
#33310=CARTESIAN_POINT('',(4.00000000000001,-20.1059620226082,10.5));
#33320=(BOUNDED_SURFACE() B_SPLINE_SURFACE(3,3,((#32720,#32870,#33020,
#33170),(#32730,#32880,#33030,#33180),(#32740,#32890,#33040,#33190),(
#32750,#32900,#33050,#33200),(#32760,#32910,#33060,#33210),(#32770,
#32920,#33070,#33220),(#32780,#32930,#33080,#33230),(#32790,#32940,
#33090,#33240),(#32800,#32950,#33100,#33250),(#32810,#32960,#33110,
#33260),(#32820,#32970,#33120,#33270),(#32830,#32980,#33130,#33280),(
#32840,#32990,#33140,#33290),(#32850,#33000,#33150,#33300),(#32860,
#33010,#33160,#33310)),.UNSPECIFIED.,.F.,.F.,.F.) 
B_SPLINE_SURFACE_WITH_KNOTS((4,2,2,3,2,2,4),(4,4),(0.,0.0614127467983647
,0.302872918053295,0.547488013699786,0.92696430437045,1.07103394453425,
1.20185666117461),(0.,1.),.UNSPECIFIED.) GEOMETRIC_REPRESENTATION_ITEM()
 RATIONAL_B_SPLINE_SURFACE(((1.,0.859092260046563,0.859092260046563,1.),
(1.,0.859091058149288,0.859091058149288,1.),(1.,0.858859754968871,
0.858859754968871,1.),(1.,0.857971586441217,0.857971586441217,1.),(1.,
0.856686225787021,0.856686225787021,1.),(1.,0.851513411475107,
0.851513411475107,1.),(1.,0.848016918471566,0.848016918471566,1.),(1.,
0.843969140571043,0.843969140571043,1.),(1.,0.837374314702798,
0.837374314702798,1.),(1.,0.829562947985511,0.829562947985511,1.),(1.,
0.818743536671758,0.818743536671758,1.),(1.,0.815730457596447,
0.815730457596447,1.),(1.,0.810111526552963,0.810111526552963,1.),(1.,
0.807411285864983,0.807411285864983,1.),(1.,0.804737328562554,
0.804737328562554,1.))) REPRESENTATION_ITEM('') SURFACE());
#33330=ORIENTED_EDGE('',*,*,#28460,.T.);
#33340=CARTESIAN_POINT('',(4.5,-19.8808974453196,10.));
#33350=CARTESIAN_POINT('',(4.5,-19.8808996735257,10.0136646841253));
#33360=CARTESIAN_POINT('',(4.49944951953341,-19.8811869674573,
10.0273383049113));
#33370=CARTESIAN_POINT('',(4.49395337789634,-19.8839630624214,
10.0943686672869));
#33380=CARTESIAN_POINT('',(4.48099688043726,-19.8904622645814,
10.1466705813679));
#33390=CARTESIAN_POINT('',(4.43872860046915,-19.9113618733499,
10.2458921904086));
#33400=CARTESIAN_POINT('',(4.40970344055222,-19.9255773948311,
10.2915536607054));
#33410=CARTESIAN_POINT('',(4.37423511228348,-19.9424680123826,
10.3315841985592));
#33420=CARTESIAN_POINT('',(4.31915707897539,-19.9686971029969,
10.393746792763));
#33430=CARTESIAN_POINT('',(4.25002842078801,-20.0006006694863,
10.4406206197704));
#33440=CARTESIAN_POINT('',(4.14442526386012,-20.0464285594667,
10.4796888604843));
#33450=CARTESIAN_POINT('',(4.11442395279705,-20.0591634003666,
10.4876935024516));
#33460=CARTESIAN_POINT('',(4.0562334783689,-20.0833171368017,
10.497588730316));
#33470=CARTESIAN_POINT('',(4.02818849516733,-20.0947375476004,10.5));
#33480=CARTESIAN_POINT('',(4.00000000000001,-20.1059620226082,10.5));
#33490=B_SPLINE_CURVE_WITH_KNOTS('',3,(#33340,#33350,#33360,#33370,
#33380,#33390,#33400,#33410,#33420,#33430,#33440,#33450,#33460,#33470,
#33480),.UNSPECIFIED.,.F.,.F.,(4,2,2,3,2,2,4),(0.,0.0614127467983647,
0.302872918053295,0.547488013699786,0.92696430437045,1.07103394453425,
1.20185666117461),.UNSPECIFIED.);
#33500=EDGE_CURVE('',#9760,#12250,#33490,.T.);
#33510=ORIENTED_EDGE('',*,*,#33500,.F.);
#33520=ORIENTED_EDGE('',*,*,#12260,.T.);
#33530=ORIENTED_EDGE('',*,*,#6360,.T.);
#33540=EDGE_LOOP('',(#33530,#33520,#33510,#33330));
#33550=FACE_OUTER_BOUND('',#33540,.T.);
#33560=ADVANCED_FACE('',(#33550),#33320,.T.);
#33570=COLOUR_RGB('',0.,0.,1.);
#33580=FILL_AREA_STYLE_COLOUR('',#33570);
#33590=FILL_AREA_STYLE('',(#33580));
#33600=SURFACE_STYLE_FILL_AREA(#33590);
#33610=SURFACE_SIDE_STYLE('',(#33600));
#33620=SURFACE_STYLE_USAGE(.BOTH.,#33610);
#33630=PRESENTATION_STYLE_ASSIGNMENT((#33620));
#33640=CARTESIAN_POINT('',(-19.852216171,-19.886503366,16.5));
#33650=DIRECTION('',(0.,0.,1.));
#33660=DIRECTION('',(1.,0.,0.));
#33670=AXIS2_PLACEMENT_3D('',#33640,#33650,#33660);
#33680=PLANE('',#33670);
#33690=EDGE_CURVE('',#8420,#8510,#8490,.T.);
#33700=ORIENTED_EDGE('',*,*,#33690,.F.);
#33710=ORIENTED_EDGE('',*,*,#8520,.F.);
#33720=EDGE_LOOP('',(#33710,#33700));
#33730=FACE_BOUND('',#33720,.T.);
#33740=EDGE_CURVE('',#9000,#8910,#8980,.T.);
#33750=ORIENTED_EDGE('',*,*,#33740,.T.);
#33760=ORIENTED_EDGE('',*,*,#9010,.T.);
#33770=EDGE_LOOP('',(#33760,#33750));
#33780=FACE_OUTER_BOUND('',#33770,.T.);
#33790=ADVANCED_FACE('',(#33730,#33780),#33680,.T.);
#33800=COLOUR_RGB('',0.,0.,1.);
#33810=FILL_AREA_STYLE_COLOUR('',#33800);
#33820=FILL_AREA_STYLE('',(#33810));
#33830=SURFACE_STYLE_FILL_AREA(#33820);
#33840=SURFACE_SIDE_STYLE('',(#33830));
#33850=SURFACE_STYLE_USAGE(.BOTH.,#33840);
#33860=PRESENTATION_STYLE_ASSIGNMENT((#33850));
#33870=CARTESIAN_POINT('',(-21.0211032050969,6.37918197444574,5.));
#33880=DIRECTION('',(0.,0.,1.));
#33890=DIRECTION('',(1.,0.,0.));
#33900=AXIS2_PLACEMENT_3D('',#33870,#33880,#33890);
#33910=PLANE('',#33900);
#33920=CARTESIAN_POINT('',(-16.5,16.5,5.));
#33930=DIRECTION('',(0.,0.,1.));
#33940=DIRECTION('',(1.,0.,0.));
#33950=AXIS2_PLACEMENT_3D('',#33920,#33930,#33940);
#33960=CIRCLE('',#33950,2.4999999999492);
#33970=CARTESIAN_POINT('',(-18.9999999999492,16.5,5.));
#33980=VERTEX_POINT('',#33970);
#33990=CARTESIAN_POINT('',(-18.1,14.5790627288363,5.));
#34000=VERTEX_POINT('',#33990);
#34010=EDGE_CURVE('',#33980,#34000,#33960,.T.);
#34020=ORIENTED_EDGE('',*,*,#34010,.T.);
#34030=CARTESIAN_POINT('',(-14.5790627288362,18.1,5.));
#34040=VERTEX_POINT('',#34030);
#34050=EDGE_CURVE('',#34040,#33980,#33960,.T.);
#34060=ORIENTED_EDGE('',*,*,#34050,.T.);
#34070=CARTESIAN_POINT('',(0.,18.1,5.));
#34080=DIRECTION('',(-1.,0.,0.));
#34090=VECTOR('',#34080,1.);
#34100=LINE('',#34070,#34090);
#34110=CARTESIAN_POINT('',(-8.5082313085624,18.1,5.));
#34120=VERTEX_POINT('',#34110);
#34130=EDGE_CURVE('',#34120,#34040,#34100,.T.);
#34140=ORIENTED_EDGE('',*,*,#34130,.T.);
#34150=CARTESIAN_POINT('',(-8.18789480661053E-16,1.55431223447522E-15,5.
));
#34160=DIRECTION('',(0.,0.,1.));
#34170=DIRECTION('',(-1.,0.,0.));
#34180=AXIS2_PLACEMENT_3D('',#34150,#34160,#34170);
#34190=CIRCLE('',#34180,20.);
#34200=CARTESIAN_POINT('',(-18.1,8.50823130856232,5.));
#34210=VERTEX_POINT('',#34200);
#34220=EDGE_CURVE('',#34120,#34210,#34190,.T.);
#34230=ORIENTED_EDGE('',*,*,#34220,.F.);
#34240=CARTESIAN_POINT('',(-18.1,0.,5.));
#34250=DIRECTION('',(0.,1.,0.));
#34260=VECTOR('',#34250,1.);
#34270=LINE('',#34240,#34260);
#34280=EDGE_CURVE('',#34210,#34000,#34270,.T.);
#34290=ORIENTED_EDGE('',*,*,#34280,.F.);
#34300=EDGE_LOOP('',(#34290,#34230,#34140,#34060,#34020));
#34310=FACE_OUTER_BOUND('',#34300,.T.);
#34320=ADVANCED_FACE('',(#34310),#33910,.T.);
#34330=COLOUR_RGB('',0.,0.,1.);
#34340=FILL_AREA_STYLE_COLOUR('',#34330);
#34350=FILL_AREA_STYLE('',(#34340));
#34360=SURFACE_STYLE_FILL_AREA(#34350);
#34370=SURFACE_SIDE_STYLE('',(#34360));
#34380=SURFACE_STYLE_USAGE(.BOTH.,#34370);
#34390=PRESENTATION_STYLE_ASSIGNMENT((#34380));
#34400=CARTESIAN_POINT('',(1.3,-11.478240283,0.));
#34410=DIRECTION('',(-1.,0.,0.));
#34420=DIRECTION('',(0.,1.,0.));
#34430=AXIS2_PLACEMENT_3D('',#34400,#34410,#34420);
#34440=PLANE('',#34430);
#34450=CARTESIAN_POINT('',(1.3,-11.9293755075444,0.));
#34460=DIRECTION('',(0.,0.,1.));
#34470=VECTOR('',#34460,1.);
#34480=LINE('',#34450,#34470);
#34490=CARTESIAN_POINT('',(1.3,-11.9293755075444,0.5));
#34500=VERTEX_POINT('',#34490);
#34510=EDGE_CURVE('',#24620,#34500,#34480,.T.);
#34520=ORIENTED_EDGE('',*,*,#34510,.T.);
#34530=ORIENTED_EDGE('',*,*,#24630,.F.);
#34540=ORIENTED_EDGE('',*,*,#15070,.F.);
#34550=CARTESIAN_POINT('',(1.3,0.,0.5));
#34560=DIRECTION('',(0.,1.,0.));
#34570=VECTOR('',#34560,1.);
#34580=LINE('',#34550,#34570);
#34590=EDGE_CURVE('',#14960,#34500,#34580,.T.);
#34600=ORIENTED_EDGE('',*,*,#34590,.F.);
#34610=EDGE_LOOP('',(#34600,#34540,#34530,#34520));
#34620=FACE_OUTER_BOUND('',#34610,.T.);
#34630=ADVANCED_FACE('',(#34620),#34440,.F.);
#34640=COLOUR_RGB('',0.,0.,1.);
#34650=FILL_AREA_STYLE_COLOUR('',#34640);
#34660=FILL_AREA_STYLE('',(#34650));
#34670=SURFACE_STYLE_FILL_AREA(#34660);
#34680=SURFACE_SIDE_STYLE('',(#34670));
#34690=SURFACE_STYLE_USAGE(.BOTH.,#34680);
#34700=PRESENTATION_STYLE_ASSIGNMENT((#34690));
#34710=CARTESIAN_POINT('',(-16.5,-16.5,4.49999999994919));
#34720=DIRECTION('',(0.,0.,1.));
#34730=DIRECTION('',(1.,0.,0.));
#34740=AXIS2_PLACEMENT_3D('',#34710,#34720,#34730);
#34750=TOROIDAL_SURFACE('',#34740,2.49999999994919,0.500000000050805);
#34760=CARTESIAN_POINT('',(-18.9999999999492,-16.5,4.49999999994919));
#34770=DIRECTION('',(0.,-1.,0.));
#34780=DIRECTION('',(-1.,0.,0.));
#34790=AXIS2_PLACEMENT_3D('',#34760,#34770,#34780);
#34800=CIRCLE('',#34790,0.500000000050805);
#34810=EDGE_CURVE('',#29410,#18240,#34800,.T.);
#34820=ORIENTED_EDGE('',*,*,#34810,.T.);
#34830=ORIENTED_EDGE('',*,*,#29590,.F.);
#34840=CARTESIAN_POINT('',(-14.5790627288363,-18.1,5.));
#34850=CARTESIAN_POINT('',(-14.5500498061024,-18.1619244495779,5.));
#34860=CARTESIAN_POINT('',(-14.5214028662459,-18.2245298511725,
4.98832757134841));
#34870=CARTESIAN_POINT('',(-14.495080141782,-18.2831686878322,
4.965241046983));
#34880=CARTESIAN_POINT('',(-14.4685773400173,-18.3422086806654,
4.9419965845973));
#34890=CARTESIAN_POINT('',(-14.4443587910971,-18.3973557171082,
4.90723826588177));
#34900=CARTESIAN_POINT('',(-14.4238529593017,-18.4446591859853,
4.86222927203074));
#34910=CARTESIAN_POINT('',(-14.4033794410446,-18.4918881130218,
4.81729120433653));
#34920=CARTESIAN_POINT('',(-14.386545616915,-18.5314209616282,
4.76170930052579));
#34930=CARTESIAN_POINT('',(-14.3750696166349,-18.5585161856954,
4.69940638769944));
#34940=CARTESIAN_POINT('',(-14.3636531798224,-18.585470778405,
4.63742684341924));
#34950=CARTESIAN_POINT('',(-14.357571471444,-18.600000000007,
4.56876904715402));
#34960=CARTESIAN_POINT('',(-14.3575714714371,-18.6,4.49999999994919));
#34970=B_SPLINE_CURVE_WITH_KNOTS('',3,(#34840,#34850,#34860,#34870,
#34880,#34890,#34900,#34910,#34920,#34930,#34940,#34950,#34960),
.UNSPECIFIED.,.F.,.F.,(4,3,3,3,4),(0.,0.205498666933139,
0.411050594519763,0.617087751497078,0.823181574979346),.UNSPECIFIED.);
#34980=SURFACE_CURVE('',#34970,(#34750,#7890),.CURVE_3D.);
#34990=EDGE_CURVE('',#29560,#17930,#34980,.T.);
#35000=ORIENTED_EDGE('',*,*,#34990,.F.);
#35010=ORIENTED_EDGE('',*,*,#18320,.T.);
#35020=EDGE_LOOP('',(#35010,#35000,#34830,#34820));
#35030=FACE_OUTER_BOUND('',#35020,.T.);
#35040=ADVANCED_FACE('',(#35030),#34750,.T.);
#35050=CARTESIAN_POINT('',(6.4592762847,6.41657118638752,5.));
#35060=DIRECTION('',(0.,0.,1.));
#35070=DIRECTION('',(1.,0.,0.));
#35080=AXIS2_PLACEMENT_3D('',#35050,#35060,#35070);
#35090=PLANE('',#35080);
#35100=CARTESIAN_POINT('',(16.5,16.5,5.));
#35110=DIRECTION('',(0.,0.,1.));
#35120=DIRECTION('',(1.,0.,0.));
#35130=AXIS2_PLACEMENT_3D('',#35100,#35110,#35120);
#35140=CIRCLE('',#35130,2.50000000083384);
#35150=CARTESIAN_POINT('',(19.0000000008338,16.5,5.));
#35160=VERTEX_POINT('',#35150);
#35170=CARTESIAN_POINT('',(14.579062727685,18.1,5.));
#35180=VERTEX_POINT('',#35170);
#35190=EDGE_CURVE('',#35160,#35180,#35140,.T.);
#35200=ORIENTED_EDGE('',*,*,#35190,.T.);
#35210=CARTESIAN_POINT('',(18.1000000000001,14.579062727685,5.));
#35220=VERTEX_POINT('',#35210);
#35230=EDGE_CURVE('',#35220,#35160,#35140,.T.);
#35240=ORIENTED_EDGE('',*,*,#35230,.T.);
#35250=CARTESIAN_POINT('',(18.1000000000001,0.,5.));
#35260=DIRECTION('',(0.,1.,0.));
#35270=VECTOR('',#35260,1.);
#35280=LINE('',#35250,#35270);
#35290=CARTESIAN_POINT('',(18.1000000000001,8.5082313085621,5.));
#35300=VERTEX_POINT('',#35290);
#35310=EDGE_CURVE('',#35300,#35220,#35280,.T.);
#35320=ORIENTED_EDGE('',*,*,#35310,.T.);
#35330=CARTESIAN_POINT('',(-8.18789480661053E-16,1.55431223447522E-15,5.
));
#35340=DIRECTION('',(0.,0.,1.));
#35350=DIRECTION('',(-1.,0.,0.));
#35360=AXIS2_PLACEMENT_3D('',#35330,#35340,#35350);
#35370=CIRCLE('',#35360,20.);
#35380=CARTESIAN_POINT('',(8.50823130856231,18.1,5.));
#35390=VERTEX_POINT('',#35380);
#35400=EDGE_CURVE('',#35300,#35390,#35370,.T.);
#35410=ORIENTED_EDGE('',*,*,#35400,.F.);
#35420=CARTESIAN_POINT('',(0.,18.1,5.));
#35430=DIRECTION('',(1.,0.,0.));
#35440=VECTOR('',#35430,1.);
#35450=LINE('',#35420,#35440);
#35460=EDGE_CURVE('',#35390,#35180,#35450,.T.);
#35470=ORIENTED_EDGE('',*,*,#35460,.F.);
#35480=EDGE_LOOP('',(#35470,#35410,#35320,#35240,#35200));
#35490=FACE_OUTER_BOUND('',#35480,.T.);
#35500=ADVANCED_FACE('',(#35490),#35090,.T.);
#35510=COLOUR_RGB('',0.,0.,1.);
#35520=FILL_AREA_STYLE_COLOUR('',#35510);
#35530=FILL_AREA_STYLE('',(#35520));
#35540=SURFACE_STYLE_FILL_AREA(#35530);
#35550=SURFACE_SIDE_STYLE('',(#35540));
#35560=SURFACE_STYLE_USAGE(.BOTH.,#35550);
#35570=PRESENTATION_STYLE_ASSIGNMENT((#35560));
#35580=CARTESIAN_POINT('',(0.349999999999999,-12.5,9.25));
#35590=DIRECTION('',(1.,0.,0.));
#35600=DIRECTION('',(0.,-1.,0.));
#35610=AXIS2_PLACEMENT_3D('',#35580,#35590,#35600);
#35620=PLANE('',#35610);
#35630=CARTESIAN_POINT('',(0.349999999999999,-12.22,0.5));
#35640=DIRECTION('',(-1.,0.,0.));
#35650=DIRECTION('',(0.,1.,0.));
#35660=AXIS2_PLACEMENT_3D('',#35630,#35640,#35650);
#35670=CIRCLE('',#35660,0.2);
#35680=CARTESIAN_POINT('',(0.349999999999999,-12.22,0.7));
#35690=VERTEX_POINT('',#35680);
#35700=CARTESIAN_POINT('',(0.349999999999999,-12.02,0.5));
#35710=VERTEX_POINT('',#35700);
#35720=EDGE_CURVE('',#35690,#35710,#35670,.T.);
#35730=ORIENTED_EDGE('',*,*,#35720,.T.);
#35740=CARTESIAN_POINT('',(0.349999999999999,-12.22,0.7));
#35750=DIRECTION('',(0.,1.,0.));
#35760=VECTOR('',#35750,1.);
#35770=LINE('',#35740,#35760);
#35780=CARTESIAN_POINT('',(0.349999999999999,-12.4417424305044,0.7));
#35790=VERTEX_POINT('',#35780);
#35800=EDGE_CURVE('',#35790,#35690,#35770,.T.);
#35810=ORIENTED_EDGE('',*,*,#35800,.T.);
#35820=CARTESIAN_POINT('',(0.349999999999999,-12.9,0.5));
#35830=DIRECTION('',(-1.,0.,0.));
#35840=DIRECTION('',(0.,1.,0.));
#35850=AXIS2_PLACEMENT_3D('',#35820,#35830,#35840);
#35860=CIRCLE('',#35850,0.5);
#35870=EDGE_CURVE('',#35790,#14980,#35860,.T.);
#35880=ORIENTED_EDGE('',*,*,#35870,.F.);
#35890=ORIENTED_EDGE('',*,*,#15210,.F.);
#35900=ORIENTED_EDGE('',*,*,#24540,.T.);
#35910=CARTESIAN_POINT('',(0.349999999999999,-12.02,0.5));
#35920=DIRECTION('',(0.,0.,-1.));
#35930=VECTOR('',#35920,1.);
#35940=LINE('',#35910,#35930);
#35950=EDGE_CURVE('',#35710,#24470,#35940,.T.);
#35960=ORIENTED_EDGE('',*,*,#35950,.T.);
#35970=EDGE_LOOP('',(#35960,#35900,#35890,#35880,#35810,#35730));
#35980=FACE_OUTER_BOUND('',#35970,.T.);
#35990=ADVANCED_FACE('',(#35980),#35620,.F.);
#36000=COLOUR_RGB('',0.,0.,1.);
#36010=FILL_AREA_STYLE_COLOUR('',#36000);
#36020=FILL_AREA_STYLE('',(#36010));
#36030=SURFACE_STYLE_FILL_AREA(#36020);
#36040=SURFACE_SIDE_STYLE('',(#36030));
#36050=SURFACE_STYLE_USAGE(.BOTH.,#36040);
#36060=PRESENTATION_STYLE_ASSIGNMENT((#36050));
#36070=CARTESIAN_POINT('',(16.5,-16.5,0.));
#36080=DIRECTION('',(0.,0.,-1.));
#36090=DIRECTION('',(-1.,0.,0.));
#36100=AXIS2_PLACEMENT_3D('',#36070,#36080,#36090);
#36110=CIRCLE('',#36100,0.5);
#36120=CARTESIAN_POINT('',(16.,-16.5,0.));
#36130=VERTEX_POINT('',#36120);
#36140=CARTESIAN_POINT('',(17.,-16.5,0.));
#36150=VERTEX_POINT('',#36140);
#36160=EDGE_CURVE('',#36130,#36150,#36110,.T.);
#36170=ORIENTED_EDGE('',*,*,#36160,.F.);
#36180=EDGE_CURVE('',#36150,#36130,#36110,.T.);
#36190=ORIENTED_EDGE('',*,*,#36180,.F.);
#36200=EDGE_LOOP('',(#36190,#36170));
#36210=FACE_BOUND('',#36200,.T.);
#36220=CARTESIAN_POINT('',(-16.5,16.5,0.));
#36230=DIRECTION('',(0.,0.,-1.));
#36240=DIRECTION('',(-1.,0.,0.));
#36250=AXIS2_PLACEMENT_3D('',#36220,#36230,#36240);
#36260=CIRCLE('',#36250,0.5);
#36270=CARTESIAN_POINT('',(-17.,16.5,0.));
#36280=VERTEX_POINT('',#36270);
#36290=CARTESIAN_POINT('',(-16.,16.5,0.));
#36300=VERTEX_POINT('',#36290);
#36310=EDGE_CURVE('',#36280,#36300,#36260,.T.);
#36320=ORIENTED_EDGE('',*,*,#36310,.F.);
#36330=EDGE_CURVE('',#36300,#36280,#36260,.T.);
#36340=ORIENTED_EDGE('',*,*,#36330,.F.);
#36350=EDGE_LOOP('',(#36340,#36320));
#36360=FACE_BOUND('',#36350,.T.);
#36370=CARTESIAN_POINT('',(16.5,16.5,0.));
#36380=DIRECTION('',(0.,0.,-1.));
#36390=DIRECTION('',(-1.,0.,0.));
#36400=AXIS2_PLACEMENT_3D('',#36370,#36380,#36390);
#36410=CIRCLE('',#36400,0.5);
#36420=CARTESIAN_POINT('',(16.,16.5,0.));
#36430=VERTEX_POINT('',#36420);
#36440=CARTESIAN_POINT('',(17.,16.5,0.));
#36450=VERTEX_POINT('',#36440);
#36460=EDGE_CURVE('',#36430,#36450,#36410,.T.);
#36470=ORIENTED_EDGE('',*,*,#36460,.F.);
#36480=EDGE_CURVE('',#36450,#36430,#36410,.T.);
#36490=ORIENTED_EDGE('',*,*,#36480,.F.);
#36500=EDGE_LOOP('',(#36490,#36470));
#36510=FACE_BOUND('',#36500,.T.);
#36520=ORIENTED_EDGE('',*,*,#25190,.F.);
#36530=ORIENTED_EDGE('',*,*,#25550,.F.);
#36540=ORIENTED_EDGE('',*,*,#23550,.F.);
#36550=ORIENTED_EDGE('',*,*,#24010,.F.);
#36560=CARTESIAN_POINT('',(19.,-1.13701580235152E-14,0.));
#36570=VERTEX_POINT('',#36560);
#36580=EDGE_CURVE('',#23930,#36570,#24000,.T.);
#36590=ORIENTED_EDGE('',*,*,#36580,.F.);
#36600=EDGE_CURVE('',#36570,#25180,#24000,.T.);
#36610=ORIENTED_EDGE('',*,*,#36600,.F.);
#36620=EDGE_LOOP('',(#36610,#36590,#36550,#36540,#36530,#36520));
#36630=FACE_BOUND('',#36620,.T.);
#36640=CARTESIAN_POINT('',(-16.5,-16.5,0.));
#36650=DIRECTION('',(0.,0.,-1.));
#36660=DIRECTION('',(-1.,0.,0.));
#36670=AXIS2_PLACEMENT_3D('',#36640,#36650,#36660);
#36680=CIRCLE('',#36670,0.5);
#36690=CARTESIAN_POINT('',(-17.,-16.5,0.));
#36700=VERTEX_POINT('',#36690);
#36710=CARTESIAN_POINT('',(-16.,-16.5,0.));
#36720=VERTEX_POINT('',#36710);
#36730=EDGE_CURVE('',#36700,#36720,#36680,.T.);
#36740=ORIENTED_EDGE('',*,*,#36730,.F.);
#36750=EDGE_CURVE('',#36720,#36700,#36680,.T.);
#36760=ORIENTED_EDGE('',*,*,#36750,.F.);
#36770=EDGE_LOOP('',(#36760,#36740));
#36780=FACE_BOUND('',#36770,.T.);
#36790=ORIENTED_EDGE('',*,*,#5340,.F.);
#36800=EDGE_CURVE('',#5240,#14030,#5310,.T.);
#36810=ORIENTED_EDGE('',*,*,#36800,.F.);
#36820=ORIENTED_EDGE('',*,*,#14040,.F.);
#36830=EDGE_CURVE('',#13950,#14400,#14700,.T.);
#36840=ORIENTED_EDGE('',*,*,#36830,.F.);
#36850=ORIENTED_EDGE('',*,*,#26210,.T.);
#36860=CARTESIAN_POINT('',(16.5,16.5,0.));
#36870=DIRECTION('',(0.,0.,-1.));
#36880=DIRECTION('',(-1.,0.,0.));
#36890=AXIS2_PLACEMENT_3D('',#36860,#36870,#36880);
#36900=CIRCLE('',#36890,1.6);
#36910=EDGE_CURVE('',#2740,#26140,#36900,.T.);
#36920=ORIENTED_EDGE('',*,*,#36910,.T.);
#36930=ORIENTED_EDGE('',*,*,#2750,.T.);
#36940=ORIENTED_EDGE('',*,*,#14710,.F.);
#36950=ORIENTED_EDGE('',*,*,#15440,.F.);
#36960=CARTESIAN_POINT('',(-8.18789480661053E-16,1.55431223447522E-15,0.
));
#36970=DIRECTION('',(0.,0.,1.));
#36980=DIRECTION('',(-1.,0.,0.));
#36990=AXIS2_PLACEMENT_3D('',#36960,#36970,#36980);
#37000=CIRCLE('',#36990,20.);
#37010=EDGE_CURVE('',#15430,#15910,#37000,.T.);
#37020=ORIENTED_EDGE('',*,*,#37010,.F.);
#37030=ORIENTED_EDGE('',*,*,#15920,.F.);
#37040=CARTESIAN_POINT('',(-16.5,19.5,0.));
#37050=VERTEX_POINT('',#37040);
#37060=EDGE_CURVE('',#15830,#37050,#16370,.T.);
#37070=ORIENTED_EDGE('',*,*,#37060,.F.);
#37080=CARTESIAN_POINT('',(-16.5,21.5093841783121,0.));
#37090=DIRECTION('',(0.,-1.,0.));
#37100=VECTOR('',#37090,1.);
#37110=LINE('',#37080,#37100);
#37120=CARTESIAN_POINT('',(-16.5,18.1,0.));
#37130=VERTEX_POINT('',#37120);
#37140=EDGE_CURVE('',#37050,#37130,#37110,.T.);
#37150=ORIENTED_EDGE('',*,*,#37140,.F.);
#37160=CARTESIAN_POINT('',(-16.5,16.5,0.));
#37170=DIRECTION('',(0.,0.,-1.));
#37180=DIRECTION('',(-1.,0.,0.));
#37190=AXIS2_PLACEMENT_3D('',#37160,#37170,#37180);
#37200=CIRCLE('',#37190,1.6);
#37210=EDGE_CURVE('',#32350,#37130,#37200,.T.);
#37220=ORIENTED_EDGE('',*,*,#37210,.T.);
#37230=ORIENTED_EDGE('',*,*,#32360,.F.);
#37240=ORIENTED_EDGE('',*,*,#16400,.F.);
#37250=ORIENTED_EDGE('',*,*,#17180,.F.);
#37260=EDGE_CURVE('',#17170,#4990,#4970,.T.);
#37270=ORIENTED_EDGE('',*,*,#37260,.F.);
#37280=ORIENTED_EDGE('',*,*,#5000,.F.);
#37290=ORIENTED_EDGE('',*,*,#17640,.F.);
#37300=EDGE_CURVE('',#17570,#18200,#18020,.T.);
#37310=ORIENTED_EDGE('',*,*,#37300,.F.);
#37320=ORIENTED_EDGE('',*,*,#25830,.T.);
#37330=ORIENTED_EDGE('',*,*,#16800,.T.);
#37340=ORIENTED_EDGE('',*,*,#3460,.T.);
#37350=ORIENTED_EDGE('',*,*,#18030,.F.);
#37360=ORIENTED_EDGE('',*,*,#19010,.F.);
#37370=ORIENTED_EDGE('',*,*,#7750,.F.);
#37380=ORIENTED_EDGE('',*,*,#21510,.T.);
#37390=ORIENTED_EDGE('',*,*,#22390,.F.);
#37400=ORIENTED_EDGE('',*,*,#22830,.F.);
#37410=ORIENTED_EDGE('',*,*,#23150,.F.);
#37420=ORIENTED_EDGE('',*,*,#32580,.T.);
#37430=ORIENTED_EDGE('',*,*,#9980,.F.);
#37440=ORIENTED_EDGE('',*,*,#28380,.F.);
#37450=ORIENTED_EDGE('',*,*,#6030,.F.);
#37460=ORIENTED_EDGE('',*,*,#3070,.F.);
#37470=CARTESIAN_POINT('',(16.5,-16.5,0.));
#37480=DIRECTION('',(0.,0.,1.));
#37490=DIRECTION('',(-1.,0.,0.));
#37500=AXIS2_PLACEMENT_3D('',#37470,#37480,#37490);
#37510=CIRCLE('',#37500,3.);
#37520=EDGE_CURVE('',#2980,#3920,#37510,.T.);
#37530=ORIENTED_EDGE('',*,*,#37520,.F.);
#37540=ORIENTED_EDGE('',*,*,#3930,.T.);
#37550=ORIENTED_EDGE('',*,*,#620,.T.);
#37560=CARTESIAN_POINT('',(21.3,-16.5,0.));
#37570=DIRECTION('',(-1.,0.,0.));
#37580=VECTOR('',#37570,1.);
#37590=LINE('',#37560,#37580);
#37600=CARTESIAN_POINT('',(19.5,-16.5,0.));
#37610=VERTEX_POINT('',#37600);
#37620=EDGE_CURVE('',#37610,#590,#37590,.T.);
#37630=ORIENTED_EDGE('',*,*,#37620,.T.);
#37640=EDGE_CURVE('',#37610,#13000,#37510,.T.);
#37650=ORIENTED_EDGE('',*,*,#37640,.F.);
#37660=ORIENTED_EDGE('',*,*,#13010,.F.);
#37670=EDGE_LOOP('',(#37660,#37650,#37630,#37550,#37540,#37530,#37460,
#37450,#37440,#37430,#37420,#37410,#37400,#37390,#37380,#37370,#37360,
#37350,#37340,#37330,#37320,#37310,#37290,#37280,#37270,#37250,#37240,
#37230,#37220,#37150,#37070,#37030,#37020,#36950,#36940,#36930,#36920,
#36850,#36840,#36820,#36810,#36790));
#37680=FACE_OUTER_BOUND('',#37670,.T.);
#37690=ADVANCED_FACE('',(#36210,#36360,#36510,#36630,#36780,#37680),
#21330,.F.);
#37700=COLOUR_RGB('',0.,0.,1.);
#37710=FILL_AREA_STYLE_COLOUR('',#37700);
#37720=FILL_AREA_STYLE('',(#37710));
#37730=SURFACE_STYLE_FILL_AREA(#37720);
#37740=SURFACE_SIDE_STYLE('',(#37730));
#37750=SURFACE_STYLE_USAGE(.BOTH.,#37740);
#37760=PRESENTATION_STYLE_ASSIGNMENT((#37750));
#37770=CARTESIAN_POINT('',(-1.3,-11.478240283,0.));
#37780=DIRECTION('',(-1.,0.,0.));
#37790=DIRECTION('',(0.,1.,0.));
#37800=AXIS2_PLACEMENT_3D('',#37770,#37780,#37790);
#37810=PLANE('',#37800);
#37820=CARTESIAN_POINT('',(-1.3,0.,0.5));
#37830=DIRECTION('',(0.,-1.,0.));
#37840=VECTOR('',#37830,1.);
#37850=LINE('',#37820,#37840);
#37860=EDGE_CURVE('',#1090,#130,#37850,.T.);
#37870=ORIENTED_EDGE('',*,*,#37860,.F.);
#37880=ORIENTED_EDGE('',*,*,#140,.T.);
#37890=ORIENTED_EDGE('',*,*,#24760,.F.);
#37900=ORIENTED_EDGE('',*,*,#1100,.F.);
#37910=EDGE_LOOP('',(#37900,#37890,#37880,#37870));
#37920=FACE_OUTER_BOUND('',#37910,.T.);
#37930=ADVANCED_FACE('',(#37920),#37810,.T.);
#37940=COLOUR_RGB('',0.,0.,1.);
#37950=FILL_AREA_STYLE_COLOUR('',#37940);
#37960=FILL_AREA_STYLE('',(#37950));
#37970=SURFACE_STYLE_FILL_AREA(#37960);
#37980=SURFACE_SIDE_STYLE('',(#37970));
#37990=SURFACE_STYLE_USAGE(.BOTH.,#37980);
#38000=PRESENTATION_STYLE_ASSIGNMENT((#37990));
#38010=CARTESIAN_POINT('',(19.554187103,13.440537944,-0.5));
#38020=DIRECTION('',(0.,0.,-1.));
#38030=DIRECTION('',(-1.,0.,0.));
#38040=AXIS2_PLACEMENT_3D('',#38010,#38020,#38030);
#38050=PLANE('',#38040);
#38060=ORIENTED_EDGE('',*,*,#2590,.F.);
#38070=CARTESIAN_POINT('',(16.5,16.5,-0.5));
#38080=DIRECTION('',(0.,0.,-1.));
#38090=DIRECTION('',(-1.,0.,0.));
#38100=AXIS2_PLACEMENT_3D('',#38070,#38080,#38090);
#38110=CIRCLE('',#38100,1.6);
#38120=EDGE_CURVE('',#2580,#26060,#38110,.T.);
#38130=ORIENTED_EDGE('',*,*,#38120,.F.);
#38140=ORIENTED_EDGE('',*,*,#26070,.F.);
#38150=ORIENTED_EDGE('',*,*,#14790,.T.);
#38160=EDGE_LOOP('',(#38150,#38140,#38130,#38060));
#38170=FACE_OUTER_BOUND('',#38160,.T.);
#38180=ADVANCED_FACE('',(#38170),#38050,.T.);
#38190=COLOUR_RGB('',0.,0.,1.);
#38200=FILL_AREA_STYLE_COLOUR('',#38190);
#38210=FILL_AREA_STYLE('',(#38200));
#38220=SURFACE_STYLE_FILL_AREA(#38210);
#38230=SURFACE_SIDE_STYLE('',(#38220));
#38240=SURFACE_STYLE_USAGE(.BOTH.,#38230);
#38250=PRESENTATION_STYLE_ASSIGNMENT((#38240));
#38260=CARTESIAN_POINT('',(0.124999999999999,-21.3299999999998,-8.1));
#38270=DIRECTION('',(0.,1.,0.));
#38280=DIRECTION('',(0.,0.,1.));
#38290=AXIS2_PLACEMENT_3D('',#38260,#38270,#38280);
#38300=PLANE('',#38290);
#38310=ORIENTED_EDGE('',*,*,#4170,.F.);
#38320=ORIENTED_EDGE('',*,*,#26520,.T.);
#38330=CARTESIAN_POINT('',(-0.125000000000001,-21.3299999999998,-11.45))
;
#38340=DIRECTION('',(0.,0.,1.));
#38350=VECTOR('',#38340,1.);
#38360=LINE('',#38330,#38350);
#38370=EDGE_CURVE('',#26450,#30060,#38360,.T.);
#38380=ORIENTED_EDGE('',*,*,#38370,.F.);
#38390=ORIENTED_EDGE('',*,*,#30150,.T.);
#38400=EDGE_LOOP('',(#38390,#38380,#38320,#38310));
#38410=FACE_OUTER_BOUND('',#38400,.T.);
#38420=ADVANCED_FACE('',(#38410),#38300,.F.);
#38430=COLOUR_RGB('',0.749019622802734,0.749019622802734,
0.749019622802734);
#38440=FILL_AREA_STYLE_COLOUR('',#38430);
#38450=FILL_AREA_STYLE('',(#38440));
#38460=SURFACE_STYLE_FILL_AREA(#38450);
#38470=SURFACE_SIDE_STYLE('',(#38460));
#38480=SURFACE_STYLE_USAGE(.BOTH.,#38470);
#38490=PRESENTATION_STYLE_ASSIGNMENT((#38480));
#38500=CARTESIAN_POINT('',(-13.445812897,13.440537944,-0.5));
#38510=DIRECTION('',(0.,0.,-1.));
#38520=DIRECTION('',(-1.,0.,0.));
#38530=AXIS2_PLACEMENT_3D('',#38500,#38510,#38520);
#38540=PLANE('',#38530);
#38550=CARTESIAN_POINT('',(-16.5,16.5,-0.5));
#38560=DIRECTION('',(0.,0.,-1.));
#38570=DIRECTION('',(-1.,0.,0.));
#38580=AXIS2_PLACEMENT_3D('',#38550,#38560,#38570);
#38590=CIRCLE('',#38580,1.6);
#38600=CARTESIAN_POINT('',(-16.5,18.1,-0.5));
#38610=VERTEX_POINT('',#38600);
#38620=EDGE_CURVE('',#32250,#38610,#38590,.T.);
#38630=ORIENTED_EDGE('',*,*,#38620,.F.);
#38640=CARTESIAN_POINT('',(-16.5,0.,-0.5));
#38650=DIRECTION('',(0.,1.,0.));
#38660=VECTOR('',#38650,1.);
#38670=LINE('',#38640,#38660);
#38680=CARTESIAN_POINT('',(-16.5,19.5,-0.500000000000001));
#38690=VERTEX_POINT('',#38680);
#38700=EDGE_CURVE('',#38610,#38690,#38670,.T.);
#38710=ORIENTED_EDGE('',*,*,#38700,.F.);
#38720=CARTESIAN_POINT('',(-16.5,16.5,-0.500000000000001));
#38730=DIRECTION('',(0.,0.,-1.));
#38740=DIRECTION('',(-1.,0.,0.));
#38750=AXIS2_PLACEMENT_3D('',#38720,#38730,#38740);
#38760=CIRCLE('',#38750,3.);
#38770=EDGE_CURVE('',#32230,#38690,#38760,.T.);
#38780=ORIENTED_EDGE('',*,*,#38770,.T.);
#38790=ORIENTED_EDGE('',*,*,#32260,.F.);
#38800=EDGE_LOOP('',(#38790,#38780,#38710,#38630));
#38810=FACE_OUTER_BOUND('',#38800,.T.);
#38820=ADVANCED_FACE('',(#38810),#38540,.T.);
#38830=COLOUR_RGB('',0.,0.,1.);
#38840=FILL_AREA_STYLE_COLOUR('',#38830);
#38850=FILL_AREA_STYLE('',(#38840));
#38860=SURFACE_STYLE_FILL_AREA(#38850);
#38870=SURFACE_SIDE_STYLE('',(#38860));
#38880=SURFACE_STYLE_USAGE(.BOTH.,#38870);
#38890=PRESENTATION_STYLE_ASSIGNMENT((#38880));
#38900=CARTESIAN_POINT('',(7.73686670285656E-16,-6.66133814775094E-16,
16.));
#38910=DIRECTION('',(0.,0.,-1.));
#38920=DIRECTION('',(-1.,0.,0.));
#38930=AXIS2_PLACEMENT_3D('',#38900,#38910,#38920);
#38940=CYLINDRICAL_SURFACE('',#38930,11.);
#38950=CARTESIAN_POINT('',(-11.,-6.66133814775094E-16,16.));
#38960=DIRECTION('',(0.,0.,-1.));
#38970=VECTOR('',#38960,1.);
#38980=LINE('',#38950,#38970);
#38990=EDGE_CURVE('',#8600,#24340,#38980,.T.);
#39000=ORIENTED_EDGE('',*,*,#38990,.T.);
#39010=EDGE_CURVE('',#8400,#8600,#8670,.T.);
#39020=ORIENTED_EDGE('',*,*,#39010,.T.);
#39030=CARTESIAN_POINT('',(11.,-2.01324529383718E-15,16.));
#39040=DIRECTION('',(0.,0.,-1.));
#39050=VECTOR('',#39040,1.);
#39060=LINE('',#39030,#39050);
#39070=EDGE_CURVE('',#8400,#24320,#39060,.T.);
#39080=ORIENTED_EDGE('',*,*,#39070,.F.);
#39090=ORIENTED_EDGE('',*,*,#24370,.T.);
#39100=EDGE_LOOP('',(#39090,#39080,#39020,#39000));
#39110=FACE_OUTER_BOUND('',#39100,.T.);
#39120=ADVANCED_FACE('',(#39110),#38940,.F.);
#39130=COLOUR_RGB('',0.,0.,1.);
#39140=FILL_AREA_STYLE_COLOUR('',#39130);
#39150=FILL_AREA_STYLE('',(#39140));
#39160=SURFACE_STYLE_FILL_AREA(#39150);
#39170=SURFACE_SIDE_STYLE('',(#39160));
#39180=SURFACE_STYLE_USAGE(.BOTH.,#39170);
#39190=PRESENTATION_STYLE_ASSIGNMENT((#39180));
#39200=CARTESIAN_POINT('',(-13.445812897,-19.559462056,-0.5));
#39210=DIRECTION('',(0.,0.,-1.));
#39220=DIRECTION('',(-1.,0.,0.));
#39230=AXIS2_PLACEMENT_3D('',#39200,#39210,#39220);
#39240=PLANE('',#39230);
#39250=ORIENTED_EDGE('',*,*,#3620,.F.);
#39260=ORIENTED_EDGE('',*,*,#16950,.F.);
#39270=ORIENTED_EDGE('',*,*,#25900,.F.);
#39280=ORIENTED_EDGE('',*,*,#18130,.T.);
#39290=EDGE_LOOP('',(#39280,#39270,#39260,#39250));
#39300=FACE_OUTER_BOUND('',#39290,.T.);
#39310=ADVANCED_FACE('',(#39300),#39240,.T.);
#39320=COLOUR_RGB('',0.,0.,1.);
#39330=FILL_AREA_STYLE_COLOUR('',#39320);
#39340=FILL_AREA_STYLE('',(#39330));
#39350=SURFACE_STYLE_FILL_AREA(#39340);
#39360=SURFACE_SIDE_STYLE('',(#39350));
#39370=SURFACE_STYLE_USAGE(.BOTH.,#39360);
#39380=PRESENTATION_STYLE_ASSIGNMENT((#39370));
#39390=CARTESIAN_POINT('',(-2.25,-25.5,10.5));
#39400=DIRECTION('',(0.,0.,1.));
#39410=DIRECTION('',(1.,0.,0.));
#39420=AXIS2_PLACEMENT_3D('',#39390,#39400,#39410);
#39430=PLANE('',#39420);
#39440=ORIENTED_EDGE('',*,*,#12770,.F.);
#39450=CARTESIAN_POINT('',(4.00000000000001,0.,10.5));
#39460=DIRECTION('',(0.,1.,0.));
#39470=VECTOR('',#39460,1.);
#39480=LINE('',#39450,#39470);
#39490=EDGE_CURVE('',#28700,#12250,#39480,.T.);
#39500=ORIENTED_EDGE('',*,*,#39490,.T.);
#39510=CARTESIAN_POINT('',(0.,-25.5,10.5));
#39520=DIRECTION('',(1.,0.,0.));
#39530=VECTOR('',#39520,1.);
#39540=LINE('',#39510,#39530);
#39550=EDGE_CURVE('',#9440,#28700,#39540,.T.);
#39560=ORIENTED_EDGE('',*,*,#39550,.T.);
#39570=CARTESIAN_POINT('',(-2.,0.,10.5));
#39580=DIRECTION('',(0.,1.,0.));
#39590=VECTOR('',#39580,1.);
#39600=LINE('',#39570,#39590);
#39610=EDGE_CURVE('',#9440,#12150,#39600,.T.);
#39620=ORIENTED_EDGE('',*,*,#39610,.F.);
#39630=EDGE_LOOP('',(#39620,#39560,#39500,#39440));
#39640=FACE_OUTER_BOUND('',#39630,.T.);
#39650=ADVANCED_FACE('',(#39640),#39430,.T.);
#39660=COLOUR_RGB('',0.,0.,1.);
#39670=FILL_AREA_STYLE_COLOUR('',#39660);
#39680=FILL_AREA_STYLE('',(#39670));
#39690=SURFACE_STYLE_FILL_AREA(#39680);
#39700=SURFACE_SIDE_STYLE('',(#39690));
#39710=SURFACE_STYLE_USAGE(.BOTH.,#39700);
#39720=PRESENTATION_STYLE_ASSIGNMENT((#39710));
#39730=CARTESIAN_POINT('',(4.00000000000001,0.,10.));
#39740=DIRECTION('',(0.,1.,0.));
#39750=DIRECTION('',(1.,0.,0.));
#39760=AXIS2_PLACEMENT_3D('',#39730,#39740,#39750);
#39770=CYLINDRICAL_SURFACE('',#39760,0.499999999999994);
#39780=ORIENTED_EDGE('',*,*,#28780,.F.);
#39790=ORIENTED_EDGE('',*,*,#39490,.F.);
#39800=ORIENTED_EDGE('',*,*,#33500,.T.);
#39810=ORIENTED_EDGE('',*,*,#9770,.T.);
#39820=EDGE_LOOP('',(#39810,#39800,#39790,#39780));
#39830=FACE_OUTER_BOUND('',#39820,.T.);
#39840=ADVANCED_FACE('',(#39830),#39770,.T.);
#39850=COLOUR_RGB('',0.,0.,1.);
#39860=FILL_AREA_STYLE_COLOUR('',#39850);
#39870=FILL_AREA_STYLE('',(#39860));
#39880=SURFACE_STYLE_FILL_AREA(#39870);
#39890=SURFACE_SIDE_STYLE('',(#39880));
#39900=SURFACE_STYLE_USAGE(.BOTH.,#39890);
#39910=PRESENTATION_STYLE_ASSIGNMENT((#39900));
#39920=CARTESIAN_POINT('',(0.,-25.5,10.));
#39930=DIRECTION('',(1.,0.,0.));
#39940=DIRECTION('',(0.,-1.,0.));
#39950=AXIS2_PLACEMENT_3D('',#39920,#39930,#39940);
#39960=CYLINDRICAL_SURFACE('',#39950,0.5);
#39970=ORIENTED_EDGE('',*,*,#39550,.F.);
#39980=ORIENTED_EDGE('',*,*,#28710,.T.);
#39990=ORIENTED_EDGE('',*,*,#23220,.T.);
#40000=ORIENTED_EDGE('',*,*,#9520,.T.);
#40010=EDGE_LOOP('',(#40000,#39990,#39980,#39970));
#40020=FACE_OUTER_BOUND('',#40010,.T.);
#40030=ADVANCED_FACE('',(#40020),#39960,.T.);
#40040=COLOUR_RGB('',0.,0.,1.);
#40050=FILL_AREA_STYLE_COLOUR('',#40040);
#40060=FILL_AREA_STYLE('',(#40050));
#40070=SURFACE_STYLE_FILL_AREA(#40060);
#40080=SURFACE_SIDE_STYLE('',(#40070));
#40090=SURFACE_STYLE_USAGE(.BOTH.,#40080);
#40100=PRESENTATION_STYLE_ASSIGNMENT((#40090));
#40110=CARTESIAN_POINT('',(-2.,0.,10.));
#40120=DIRECTION('',(0.,1.,0.));
#40130=DIRECTION('',(1.,0.,0.));
#40140=AXIS2_PLACEMENT_3D('',#40110,#40120,#40130);
#40150=CYLINDRICAL_SURFACE('',#40140,0.499999999999998);
#40160=ORIENTED_EDGE('',*,*,#9450,.F.);
#40170=ORIENTED_EDGE('',*,*,#22460,.F.);
#40180=ORIENTED_EDGE('',*,*,#27450,.T.);
#40190=ORIENTED_EDGE('',*,*,#39610,.T.);
#40200=EDGE_LOOP('',(#40190,#40180,#40170,#40160));
#40210=FACE_OUTER_BOUND('',#40200,.T.);
#40220=ADVANCED_FACE('',(#40210),#40150,.T.);
#40230=COLOUR_RGB('',0.,0.,1.);
#40240=FILL_AREA_STYLE_COLOUR('',#40230);
#40250=FILL_AREA_STYLE('',(#40240));
#40260=SURFACE_STYLE_FILL_AREA(#40250);
#40270=SURFACE_SIDE_STYLE('',(#40260));
#40280=SURFACE_STYLE_USAGE(.BOTH.,#40270);
#40290=PRESENTATION_STYLE_ASSIGNMENT((#40280));
#40300=CARTESIAN_POINT('',(-0.125000000000001,-21.6799999999998,-8.1));
#40310=DIRECTION('',(1.,0.,0.));
#40320=DIRECTION('',(0.,1.,0.));
#40330=AXIS2_PLACEMENT_3D('',#40300,#40310,#40320);
#40340=PLANE('',#40330);
#40350=ORIENTED_EDGE('',*,*,#30070,.T.);
#40360=ORIENTED_EDGE('',*,*,#38370,.T.);
#40370=ORIENTED_EDGE('',*,*,#26460,.T.);
#40380=ORIENTED_EDGE('',*,*,#29080,.T.);
#40390=EDGE_LOOP('',(#40380,#40370,#40360,#40350));
#40400=FACE_OUTER_BOUND('',#40390,.T.);
#40410=ADVANCED_FACE('',(#40400),#40340,.F.);
#40420=COLOUR_RGB('',0.749019622802734,0.749019622802734,
0.749019622802734);
#40430=FILL_AREA_STYLE_COLOUR('',#40420);
#40440=FILL_AREA_STYLE('',(#40430));
#40450=SURFACE_STYLE_FILL_AREA(#40440);
#40460=SURFACE_SIDE_STYLE('',(#40450));
#40470=SURFACE_STYLE_USAGE(.BOTH.,#40460);
#40480=PRESENTATION_STYLE_ASSIGNMENT((#40470));
#40490=CARTESIAN_POINT('',(16.5,-16.5,4.50000000010575));
#40500=DIRECTION('',(0.,0.,1.));
#40510=DIRECTION('',(1.,0.,0.));
#40520=AXIS2_PLACEMENT_3D('',#40490,#40500,#40510);
#40530=TOROIDAL_SURFACE('',#40520,2.50000000010575,0.499999999894247);
#40540=CARTESIAN_POINT('',(18.1,-14.5790627286325,5.));
#40550=CARTESIAN_POINT('',(18.1619244495674,-14.5500498059142,5.));
#40560=CARTESIAN_POINT('',(18.2245298511527,-14.5214028660731,
4.98832757135159));
#40570=CARTESIAN_POINT('',(18.2831686878004,-14.4950801416265,
4.96524104699551));
#40580=CARTESIAN_POINT('',(18.3422086806188,-14.4685773398805,
4.94199658462029));
#40590=CARTESIAN_POINT('',(18.3973557170664,-14.4443587909713,
4.90723826590883));
#40600=CARTESIAN_POINT('',(18.4446591859343,-14.4238529591951,
4.86222927207929));
#40610=CARTESIAN_POINT('',(18.4918881128966,-14.4033794409852,
4.81729120446834));
#40620=CARTESIAN_POINT('',(18.5314209615797,-14.3865456168397,
4.76170930059984));
#40630=CARTESIAN_POINT('',(18.5585161856514,-14.3750696165785,
4.69940638780061));
#40640=CARTESIAN_POINT('',(18.5854707783687,-14.3636531797834,
4.63742684354008));
#40650=CARTESIAN_POINT('',(18.5999999999855,-14.3575714714229,
4.56876904729426));
#40660=CARTESIAN_POINT('',(18.6,-14.3575714714372,4.50000000010575));
#40670=B_SPLINE_CURVE_WITH_KNOTS('',3,(#40540,#40550,#40560,#40570,
#40580,#40590,#40600,#40610,#40620,#40630,#40640,#40650,#40660),
.UNSPECIFIED.,.F.,.F.,(4,3,3,3,4),(0.,0.205498666882271,
0.411050594417918,0.617087751344642,0.823181574776255),.UNSPECIFIED.);
#40680=SURFACE_CURVE('',#40670,(#40530,#5480),.CURVE_3D.);
#40690=EDGE_CURVE('',#1840,#13080,#40680,.T.);
#40700=ORIENTED_EDGE('',*,*,#40690,.T.);
#40710=ORIENTED_EDGE('',*,*,#1850,.F.);
#40720=ORIENTED_EDGE('',*,*,#5670,.T.);
#40730=ORIENTED_EDGE('',*,*,#13150,.T.);
#40740=EDGE_LOOP('',(#40730,#40720,#40710,#40700));
#40750=FACE_OUTER_BOUND('',#40740,.T.);
#40760=ADVANCED_FACE('',(#40750),#5480,.T.);
#40770=COLOUR_RGB('',0.,0.,1.);
#40780=FILL_AREA_STYLE_COLOUR('',#40770);
#40790=FILL_AREA_STYLE('',(#40780));
#40800=SURFACE_STYLE_FILL_AREA(#40790);
#40810=SURFACE_SIDE_STYLE('',(#40800));
#40820=SURFACE_STYLE_USAGE(.BOTH.,#40810);
#40830=PRESENTATION_STYLE_ASSIGNMENT((#40820));
#40840=CARTESIAN_POINT('',(0.,18.1,4.5));
#40850=DIRECTION('',(1.,0.,0.));
#40860=DIRECTION('',(0.,-1.,0.));
#40870=AXIS2_PLACEMENT_3D('',#40840,#40850,#40860);
#40880=CYLINDRICAL_SURFACE('',#40870,0.5);
#40890=ORIENTED_EDGE('',*,*,#35460,.T.);
#40900=CARTESIAN_POINT('',(7.35119037979563,18.6,4.5));
#40910=CARTESIAN_POINT('',(7.35119037979563,18.6,4.54447230767106));
#40920=CARTESIAN_POINT('',(7.36645316155412,18.5939770049379,
4.58594773895281));
#40930=CARTESIAN_POINT('',(7.38946087857881,18.5848289721465,
4.622232842427));
#40940=CARTESIAN_POINT('',(7.42921006447458,18.5690244116326,
4.68492064937866));
#40950=CARTESIAN_POINT('',(7.49049761124657,18.5444499751605,
4.73342766554425));
#40960=CARTESIAN_POINT('',(7.55036166916606,18.5200442403571,
4.7712246967791));
#40970=CARTESIAN_POINT('',(7.64606419526129,18.4810276659206,
4.83164945737485));
#40980=CARTESIAN_POINT('',(7.75302234631278,18.4364791241768,
4.87396460977598));
#40990=CARTESIAN_POINT('',(7.85834466189733,18.3914768078811,
4.90625271748928));
#41000=CARTESIAN_POINT('',(7.96473774516745,18.346016971963,
4.93886908481381));
#41010=CARTESIAN_POINT('',(8.07322948089977,18.29855524048,
4.96171330089438));
#41020=CARTESIAN_POINT('',(8.18180529324166,18.2498784144781,
4.97700782058188));
#41030=CARTESIAN_POINT('',(8.29045659464028,18.2011677451404,
4.99231297402694));
#41040=CARTESIAN_POINT('',(8.39962120268395,18.1510541383017,5.));
#41050=CARTESIAN_POINT('',(8.50823130856231,18.1,5.));
#41060=B_SPLINE_CURVE_WITH_KNOTS('',3,(#40900,#40910,#40920,#40930,
#40940,#40950,#40960,#40970,#40980,#40990,#41000,#41010,#41020,#41030,
#41040,#41050),.UNSPECIFIED.,.F.,.F.,(4,3,3,3,3,4),(0.,0.130926546290369
,0.361465386475228,0.722462489519561,1.08290665204455,1.4430818323761),
.UNSPECIFIED.);
#41070=SURFACE_CURVE('',#41060,(#40880,#4550),.CURVE_3D.);
#41080=EDGE_CURVE('',#15520,#35390,#41070,.T.);
#41090=ORIENTED_EDGE('',*,*,#41080,.T.);
#41100=ORIENTED_EDGE('',*,*,#15530,.F.);
#41110=CARTESIAN_POINT('',(16.5,16.5,4.50000000083383));
#41120=DIRECTION('',(0.,0.,1.));
#41130=DIRECTION('',(1.,0.,0.));
#41140=AXIS2_PLACEMENT_3D('',#41110,#41120,#41130);
#41150=TOROIDAL_SURFACE('',#41140,2.50000000083384,0.499999999166165);
#41160=CARTESIAN_POINT('',(14.579062727685,18.1,5.));
#41170=CARTESIAN_POINT('',(14.55004980504,18.1619244495166,5.));
#41180=CARTESIAN_POINT('',(14.5214028652759,18.2245298510452,
4.98832757137238));
#41190=CARTESIAN_POINT('',(14.4950801409033,18.2831686876527,
4.96524104705366));
#41200=CARTESIAN_POINT('',(14.4685773392219,18.3422086804526,
4.9419965847074));
#41210=CARTESIAN_POINT('',(14.4443587903911,18.3973557168608,
4.90723826604538));
#41220=CARTESIAN_POINT('',(14.4238529586992,18.444659185697,
4.86222927230509));
#41230=CARTESIAN_POINT('',(14.4033794406017,18.4918881125623,
4.8172912048454));
#41240=CARTESIAN_POINT('',(14.3865456164778,18.5314209613814,
4.76170930088081));
#41250=CARTESIAN_POINT('',(14.375069616316,18.5585161854468,
4.69940638827112));
#41260=CARTESIAN_POINT('',(14.3636531795938,18.5854707782191,
4.63742684405801));
#41270=CARTESIAN_POINT('',(14.3575714713247,18.5999999998853,
4.56876904803684));
#41280=CARTESIAN_POINT('',(14.3575714714371,18.6,4.50000000083383));
#41290=B_SPLINE_CURVE_WITH_KNOTS('',3,(#41160,#41170,#41180,#41190,
#41200,#41210,#41220,#41230,#41240,#41250,#41260,#41270,#41280),
.UNSPECIFIED.,.F.,.F.,(4,3,3,3,4),(0.,0.205498666645702,
0.411050593944291,0.617087750635737,0.82318157383177),.UNSPECIFIED.);
#41300=SURFACE_CURVE('',#41290,(#41150,#40880),.CURVE_3D.);
#41310=EDGE_CURVE('',#35180,#14550,#41300,.T.);
#41320=ORIENTED_EDGE('',*,*,#41310,.T.);
#41330=EDGE_LOOP('',(#41320,#41100,#41090,#40890));
#41340=FACE_OUTER_BOUND('',#41330,.T.);
#41350=ADVANCED_FACE('',(#41340),#40880,.T.);
#41360=COLOUR_RGB('',0.,0.,1.);
#41370=FILL_AREA_STYLE_COLOUR('',#41360);
#41380=FILL_AREA_STYLE('',(#41370));
#41390=SURFACE_STYLE_FILL_AREA(#41380);
#41400=SURFACE_SIDE_STYLE('',(#41390));
#41410=SURFACE_STYLE_USAGE(.BOTH.,#41400);
#41420=PRESENTATION_STYLE_ASSIGNMENT((#41410));
#41430=CARTESIAN_POINT('',(14.3575714714372,-18.6,4.50000000010575));
#41440=CARTESIAN_POINT('',(14.3575714714229,-18.5999999999855,
4.5687690475426));
#41450=CARTESIAN_POINT('',(14.3636531797089,-18.5854707785445,
4.63742684313589));
#41460=CARTESIAN_POINT('',(14.3750696165785,-18.5585161856514,
4.69940638780061));
#41470=CARTESIAN_POINT('',(14.3865456168206,-18.5314209616247,
4.7617093004963));
#41480=CARTESIAN_POINT('',(14.403379441027,-18.4918881128001,
4.8172912045601));
#41490=CARTESIAN_POINT('',(14.4238529591951,-18.4446591859343,
4.86222927207929));
#41500=CARTESIAN_POINT('',(14.4443587909741,-18.3973557170598,
4.9072382659151));
#41510=CARTESIAN_POINT('',(14.468577339878,-18.3422086806244,
4.94199658461811));
#41520=CARTESIAN_POINT('',(14.4950801416265,-18.2831686878004,
4.96524104699551));
#41530=CARTESIAN_POINT('',(14.521402866072,-18.2245298511551,
4.98832757135063));
#41540=CARTESIAN_POINT('',(14.5500498059196,-18.1619244495559,5.));
#41550=CARTESIAN_POINT('',(14.5790627286325,-18.1,5.));
#41560=B_SPLINE_CURVE_WITH_KNOTS('',3,(#41430,#41440,#41450,#41460,
#41470,#41480,#41490,#41500,#41510,#41520,#41530,#41540,#41550),
.UNSPECIFIED.,.F.,.F.,(4,3,3,3,4),(0.,0.206093823431614,
0.412130980358342,0.617682907893989,0.82318157477626),.UNSPECIFIED.);
#41570=SURFACE_CURVE('',#41560,(#40530,#5740),.CURVE_3D.);
#41580=EDGE_CURVE('',#2960,#1570,#41570,.T.);
#41590=ORIENTED_EDGE('',*,*,#41580,.T.);
#41600=ORIENTED_EDGE('',*,*,#3210,.T.);
#41610=ORIENTED_EDGE('',*,*,#5930,.T.);
#41620=ORIENTED_EDGE('',*,*,#1680,.F.);
#41630=EDGE_LOOP('',(#41620,#41610,#41600,#41590));
#41640=FACE_OUTER_BOUND('',#41630,.T.);
#41650=ADVANCED_FACE('',(#41640),#5740,.T.);
#41660=CARTESIAN_POINT('',(18.1000000000001,0.,4.50000000000009));
#41670=DIRECTION('',(0.,1.,0.));
#41680=DIRECTION('',(1.,0.,0.));
#41690=AXIS2_PLACEMENT_3D('',#41660,#41670,#41680);
#41700=CYLINDRICAL_SURFACE('',#41690,0.499999999999914);
#41710=CARTESIAN_POINT('',(18.1000000000001,8.50823130856212,5.));
#41720=CARTESIAN_POINT('',(18.1510218475877,8.39968989638792,5.));
#41730=CARTESIAN_POINT('',(18.2011108139541,8.29058036315024,
4.99232071010329));
#41740=CARTESIAN_POINT('',(18.2497879456954,8.18200708487405,
4.97703623693038));
#41750=CARTESIAN_POINT('',(18.2984921476905,8.07337342698855,
4.96174326377908));
#41760=CARTESIAN_POINT('',(18.3458767416638,7.96506132950188,
4.93894886119796));
#41770=CARTESIAN_POINT('',(18.3913540597801,7.85863193232836,
4.90634075829248));
#41780=CARTESIAN_POINT('',(18.4366741691818,7.75257044666364,
4.87384537702835));
#41790=CARTESIAN_POINT('',(18.4812033833453,7.64563356252063,
4.83138243525049));
#41800=CARTESIAN_POINT('',(18.5200547388194,7.5503359177677,
4.77120843717591));
#41810=CARTESIAN_POINT('',(18.5445372646523,7.49028326269281,
4.73328925921282));
#41820=CARTESIAN_POINT('',(18.5690531044513,7.42913828645195,
4.68486016725018));
#41830=CARTESIAN_POINT('',(18.5848536160877,7.38939889764803,
4.62213505216598));
#41840=CARTESIAN_POINT('',(18.5939783673332,7.36644951184147,
4.58591147376797));
#41850=CARTESIAN_POINT('',(18.6000000000071,7.35119037977779,
4.54439177186603));
#41860=CARTESIAN_POINT('',(18.6,7.35119037979563,4.49999999992067));
#41870=B_SPLINE_CURVE_WITH_KNOTS('',3,(#41710,#41720,#41730,#41740,
#41750,#41760,#41770,#41780,#41790,#41800,#41810,#41820,#41830,#41840,
#41850,#41860),.UNSPECIFIED.,.F.,.F.,(4,3,3,3,3,4),(0.,0.359952212357433
,0.720294760722697,1.08164878785826,1.31227398516118,1.44308227479035),
.UNSPECIFIED.);
#41880=SURFACE_CURVE('',#41870,(#41700,#4550),.CURVE_3D.);
#41890=EDGE_CURVE('',#35300,#14110,#41880,.T.);
#41900=ORIENTED_EDGE('',*,*,#41890,.T.);
#41910=ORIENTED_EDGE('',*,*,#35310,.F.);
#41920=CARTESIAN_POINT('',(18.1000000000001,14.579062727685,5.));
#41930=CARTESIAN_POINT('',(18.1619244495784,14.5500498050111,5.));
#41940=CARTESIAN_POINT('',(18.224529851175,14.5214028652167,
4.98832757134755));
#41950=CARTESIAN_POINT('',(18.283168687833,14.4950801408225,
4.96524104698271));
#41960=CARTESIAN_POINT('',(18.3422086807224,14.4685773391019,
4.94199658457476));
#41970=CARTESIAN_POINT('',(18.3973557170923,14.4443587902896,
4.90723826589761));
#41980=CARTESIAN_POINT('',(18.4446591859881,14.423852958573,
4.86222927202818));
#41990=CARTESIAN_POINT('',(18.4918881129598,14.4033794404307,
4.81729120439486));
#42000=CARTESIAN_POINT('',(18.5314209616423,14.3865456163668,
4.76170930049163));
#42010=CARTESIAN_POINT('',(18.5585161856934,14.3750696162116,
4.6994063877042));
#42020=CARTESIAN_POINT('',(18.5854707783102,14.3636531795558,
4.637426843639));
#42030=CARTESIAN_POINT('',(18.6,14.3575714712766,4.56876904706938));
#42040=CARTESIAN_POINT('',(18.6,14.3575714714371,4.50000000000009));
#42050=B_SPLINE_CURVE_WITH_KNOTS('',3,(#41920,#41930,#41940,#41950,
#41960,#41970,#41980,#41990,#42000,#42010,#42020,#42030,#42040),
.UNSPECIFIED.,.F.,.F.,(4,3,3,3,4),(0.,0.205498666855579,
0.411050594365348,0.617087751262679,0.823181574665459),.UNSPECIFIED.);
#42060=SURFACE_CURVE('',#42050,(#41700,#41150),.CURVE_3D.);
#42070=EDGE_CURVE('',#35220,#13930,#42060,.T.);
#42080=ORIENTED_EDGE('',*,*,#42070,.F.);
#42090=ORIENTED_EDGE('',*,*,#14180,.T.);
#42100=EDGE_LOOP('',(#42090,#42080,#41910,#41900));
#42110=FACE_OUTER_BOUND('',#42100,.T.);
#42120=ADVANCED_FACE('',(#42110),#41700,.T.);
#42130=COLOUR_RGB('',0.,0.,1.);
#42140=FILL_AREA_STYLE_COLOUR('',#42130);
#42150=FILL_AREA_STYLE('',(#42140));
#42160=SURFACE_STYLE_FILL_AREA(#42150);
#42170=SURFACE_SIDE_STYLE('',(#42160));
#42180=SURFACE_STYLE_USAGE(.BOTH.,#42170);
#42190=PRESENTATION_STYLE_ASSIGNMENT((#42180));
#42200=CARTESIAN_POINT('',(0.,18.1,4.49999999999995));
#42210=DIRECTION('',(-1.,0.,0.));
#42220=DIRECTION('',(0.,1.,0.));
#42230=AXIS2_PLACEMENT_3D('',#42200,#42210,#42220);
#42240=CYLINDRICAL_SURFACE('',#42230,0.500000000000046);
#42250=CARTESIAN_POINT('',(-16.5,16.5,4.4999999999492));
#42260=DIRECTION('',(0.,0.,1.));
#42270=DIRECTION('',(1.,0.,0.));
#42280=AXIS2_PLACEMENT_3D('',#42250,#42260,#42270);
#42290=TOROIDAL_SURFACE('',#42280,2.4999999999492,0.500000000050803);
#42300=CARTESIAN_POINT('',(-14.3575714714371,18.6,4.4999999999492));
#42310=CARTESIAN_POINT('',(-14.357571471444,18.600000000007,
4.56876904760116));
#42320=CARTESIAN_POINT('',(-14.3636531797681,18.5854707785331,
4.63742684312474));
#42330=CARTESIAN_POINT('',(-14.3750696166349,18.5585161856954,
4.69940638769944));
#42340=CARTESIAN_POINT('',(-14.3865456169045,18.5314209616527,
4.76170930046932));
#42350=CARTESIAN_POINT('',(-14.4033794410714,18.4918881129598,
4.81729120439548));
#42360=CARTESIAN_POINT('',(-14.4238529593017,18.4446591859853,
4.86222927203074));
#42370=CARTESIAN_POINT('',(-14.4443587910943,18.3973557171145,
4.90723826587574));
#42380=CARTESIAN_POINT('',(-14.4685773399838,18.34220868074,
4.94199658456793));
#42390=CARTESIAN_POINT('',(-14.4950801417819,18.2831686878321,
4.965241046983));
#42400=CARTESIAN_POINT('',(-14.521402866246,18.2245298511723,
4.98832757134847));
#42410=CARTESIAN_POINT('',(-14.5500498061023,18.1619244495781,5.));
#42420=CARTESIAN_POINT('',(-14.5790627288362,18.1,5.));
#42430=B_SPLINE_CURVE_WITH_KNOTS('',3,(#42300,#42310,#42320,#42330,
#42340,#42350,#42360,#42370,#42380,#42390,#42400,#42410,#42420),
.UNSPECIFIED.,.F.,.F.,(4,3,3,3,4),(0.,0.206093823482272,
0.412130980459593,0.617682908046216,0.823181574979359),.UNSPECIFIED.);
#42440=SURFACE_CURVE('',#42430,(#42290,#42240),.CURVE_3D.);
#42450=EDGE_CURVE('',#15810,#34040,#42440,.T.);
#42460=ORIENTED_EDGE('',*,*,#42450,.T.);
#42470=ORIENTED_EDGE('',*,*,#16060,.T.);
#42480=CARTESIAN_POINT('',(-8.5082313085624,18.1,5.));
#42490=CARTESIAN_POINT('',(-8.3996898964003,18.1510218475819,5.));
#42500=CARTESIAN_POINT('',(-8.29058036316865,18.2011108139457,
4.99232071010499));
#42510=CARTESIAN_POINT('',(-8.18200708489218,18.2497879456873,
4.97703623693289));
#42520=CARTESIAN_POINT('',(-8.07337342702217,18.2984921476755,
4.96174326378463));
#42530=CARTESIAN_POINT('',(-7.96506132951495,18.3458767416579,
4.93894886119953));
#42540=CARTESIAN_POINT('',(-7.85863193236371,18.391354059765,
4.90634075830324));
#42550=CARTESIAN_POINT('',(-7.75257044691187,18.436674169076,
4.87384537710671));
#42560=CARTESIAN_POINT('',(-7.6456335624684,18.4812033833664,
4.83138243520843));
#42570=CARTESIAN_POINT('',(-7.55033591781524,18.5200547388,
4.77120843720584));
#42580=CARTESIAN_POINT('',(-7.49028326272863,18.5445372646378,
4.733289259241));
#42590=CARTESIAN_POINT('',(-7.42913828646098,18.5690531044477,
4.68486016726824));
#42600=CARTESIAN_POINT('',(-7.38939889764343,18.5848536160895,
4.62213505215862));
#42610=CARTESIAN_POINT('',(-7.36644951185404,18.5939783673282,
4.58591147378543));
#42620=CARTESIAN_POINT('',(-7.35119037979563,18.6,4.54439177191383));
#42630=CARTESIAN_POINT('',(-7.35119037979563,18.6,4.49999999999995));
#42640=B_SPLINE_CURVE_WITH_KNOTS('',3,(#42480,#42490,#42500,#42510,
#42520,#42530,#42540,#42550,#42560,#42570,#42580,#42590,#42600,#42610,
#42620,#42630),.UNSPECIFIED.,.F.,.F.,(4,3,3,3,3,4),(0.,0.359952212337708
,0.720294760683076,1.08164878779908,1.31227398517035,1.44308227471155),
.UNSPECIFIED.);
#42650=SURFACE_CURVE('',#42640,(#42240,#4550),.CURVE_3D.);
#42660=EDGE_CURVE('',#34120,#15990,#42650,.T.);
#42670=ORIENTED_EDGE('',*,*,#42660,.T.);
#42680=ORIENTED_EDGE('',*,*,#34130,.F.);
#42690=EDGE_LOOP('',(#42680,#42670,#42470,#42460));
#42700=FACE_OUTER_BOUND('',#42690,.T.);
#42710=ADVANCED_FACE('',(#42700),#42240,.T.);
#42720=COLOUR_RGB('',0.,0.,1.);
#42730=FILL_AREA_STYLE_COLOUR('',#42720);
#42740=FILL_AREA_STYLE('',(#42730));
#42750=SURFACE_STYLE_FILL_AREA(#42740);
#42760=SURFACE_SIDE_STYLE('',(#42750));
#42770=SURFACE_STYLE_USAGE(.BOTH.,#42760);
#42780=PRESENTATION_STYLE_ASSIGNMENT((#42770));
#42790=CARTESIAN_POINT('',(19.0000000001058,-16.5,4.50000000010575));
#42800=DIRECTION('',(0.,1.,0.));
#42810=DIRECTION('',(1.,0.,0.));
#42820=AXIS2_PLACEMENT_3D('',#42790,#42800,#42810);
#42830=CIRCLE('',#42820,0.499999999894247);
#42840=CARTESIAN_POINT('',(19.5,-16.5,4.50000000010575));
#42850=VERTEX_POINT('',#42840);
#42860=EDGE_CURVE('',#1590,#42850,#42830,.T.);
#42870=ORIENTED_EDGE('',*,*,#42860,.T.);
#42880=ORIENTED_EDGE('',*,*,#1870,.F.);
#42890=ORIENTED_EDGE('',*,*,#40690,.F.);
#42900=CARTESIAN_POINT('',(16.5,-16.5,4.50000000010575));
#42910=DIRECTION('',(0.,0.,1.));
#42920=DIRECTION('',(1.,0.,0.));
#42930=AXIS2_PLACEMENT_3D('',#42900,#42910,#42920);
#42940=CIRCLE('',#42930,3.);
#42950=EDGE_CURVE('',#42850,#13080,#42940,.T.);
#42960=ORIENTED_EDGE('',*,*,#42950,.T.);
#42970=EDGE_LOOP('',(#42960,#42890,#42880,#42870));
#42980=FACE_OUTER_BOUND('',#42970,.T.);
#42990=ADVANCED_FACE('',(#42980),#40530,.T.);
#43000=CARTESIAN_POINT('',(19.0000000008338,16.5,4.50000000083383));
#43010=DIRECTION('',(0.,1.,0.));
#43020=DIRECTION('',(1.,0.,0.));
#43030=AXIS2_PLACEMENT_3D('',#43000,#43010,#43020);
#43040=CIRCLE('',#43030,0.499999999166165);
#43050=EDGE_CURVE('',#35160,#14460,#43040,.T.);
#43060=ORIENTED_EDGE('',*,*,#43050,.T.);
#43070=ORIENTED_EDGE('',*,*,#35190,.F.);
#43080=ORIENTED_EDGE('',*,*,#41310,.F.);
#43090=ORIENTED_EDGE('',*,*,#14560,.T.);
#43100=EDGE_LOOP('',(#43090,#43080,#43070,#43060));
#43110=FACE_OUTER_BOUND('',#43100,.T.);
#43120=ADVANCED_FACE('',(#43110),#41150,.T.);
#43130=COLOUR_RGB('',0.,0.,1.);
#43140=FILL_AREA_STYLE_COLOUR('',#43130);
#43150=FILL_AREA_STYLE('',(#43140));
#43160=SURFACE_STYLE_FILL_AREA(#43150);
#43170=SURFACE_SIDE_STYLE('',(#43160));
#43180=SURFACE_STYLE_USAGE(.BOTH.,#43170);
#43190=PRESENTATION_STYLE_ASSIGNMENT((#43180));
#43200=ORIENTED_EDGE('',*,*,#8100,.T.);
#43210=ORIENTED_EDGE('',*,*,#19080,.F.);
#43220=ORIENTED_EDGE('',*,*,#34990,.T.);
#43230=ORIENTED_EDGE('',*,*,#29570,.T.);
#43240=EDGE_LOOP('',(#43230,#43220,#43210,#43200));
#43250=FACE_OUTER_BOUND('',#43240,.T.);
#43260=ADVANCED_FACE('',(#43250),#7890,.T.);
#43270=CARTESIAN_POINT('',(-18.9999999999492,16.5,4.4999999999492));
#43280=DIRECTION('',(0.,-1.,0.));
#43290=DIRECTION('',(-1.,0.,0.));
#43300=AXIS2_PLACEMENT_3D('',#43270,#43280,#43290);
#43310=CIRCLE('',#43300,0.500000000050803);
#43320=EDGE_CURVE('',#33980,#16470,#43310,.T.);
#43330=ORIENTED_EDGE('',*,*,#43320,.T.);
#43340=ORIENTED_EDGE('',*,*,#34010,.F.);
#43350=CARTESIAN_POINT('',(-18.1,0.,4.5));
#43360=DIRECTION('',(0.,1.,0.));
#43370=DIRECTION('',(1.,0.,0.));
#43380=AXIS2_PLACEMENT_3D('',#43350,#43360,#43370);
#43390=CYLINDRICAL_SURFACE('',#43380,0.5);
#43400=CARTESIAN_POINT('',(-18.1,14.5790627288363,5.));
#43410=CARTESIAN_POINT('',(-18.1619244495662,14.5500498061079,5.));
#43420=CARTESIAN_POINT('',(-18.2245298511795,14.5214028662428,
4.98832757134566));
#43430=CARTESIAN_POINT('',(-18.2831686878322,14.495080141782,
4.965241046983));
#43440=CARTESIAN_POINT('',(-18.3422086807155,14.4685773399948,
4.94199658457758));
#43450=CARTESIAN_POINT('',(-18.3973557170951,14.4443587911028,
4.90723826589424));
#43460=CARTESIAN_POINT('',(-18.4446591859853,14.4238529593018,
4.86222927203074));
#43470=CARTESIAN_POINT('',(-18.4918881129528,14.4033794410745,
4.8172912044022));
#43480=CARTESIAN_POINT('',(-18.5314209616488,14.3865456169062,
4.76170930047836));
#43490=CARTESIAN_POINT('',(-18.5585161856954,14.3750696166349,
4.69940638769944));
#43500=CARTESIAN_POINT('',(-18.585470778563,14.3636531797554,
4.63742684305586));
#43510=CARTESIAN_POINT('',(-18.600000000007,14.357571471444,
4.56876904730851));
#43520=CARTESIAN_POINT('',(-18.6,14.3575714714372,4.4999999999492));
#43530=B_SPLINE_CURVE_WITH_KNOTS('',3,(#43400,#43410,#43420,#43430,
#43440,#43450,#43460,#43470,#43480,#43490,#43500,#43510,#43520),
.UNSPECIFIED.,.F.,.F.,(4,3,3,3,4),(0.,0.205498666933138,
0.411050594519761,0.617087751497077,0.823181574979344),.UNSPECIFIED.);
#43540=SURFACE_CURVE('',#43530,(#42290,#43390),.CURVE_3D.);
#43550=EDGE_CURVE('',#34000,#16280,#43540,.T.);
#43560=ORIENTED_EDGE('',*,*,#43550,.F.);
#43570=ORIENTED_EDGE('',*,*,#16550,.T.);
#43580=EDGE_LOOP('',(#43570,#43560,#43340,#43330));
#43590=FACE_OUTER_BOUND('',#43580,.T.);
#43600=ADVANCED_FACE('',(#43590),#42290,.T.);
#43610=COLOUR_RGB('',0.,0.,1.);
#43620=FILL_AREA_STYLE_COLOUR('',#43610);
#43630=FILL_AREA_STYLE('',(#43620));
#43640=SURFACE_STYLE_FILL_AREA(#43630);
#43650=SURFACE_SIDE_STYLE('',(#43640));
#43660=SURFACE_STYLE_USAGE(.BOTH.,#43650);
#43670=PRESENTATION_STYLE_ASSIGNMENT((#43660));
#43680=CARTESIAN_POINT('',(-18.6,7.35119037979563,4.5));
#43690=CARTESIAN_POINT('',(-18.6,7.35119037979563,4.54447230767108));
#43700=CARTESIAN_POINT('',(-18.5939770049379,7.36645316155412,
4.5859477389528));
#43710=CARTESIAN_POINT('',(-18.5848289721465,7.38946087857882,
4.622232842427));
#43720=CARTESIAN_POINT('',(-18.5690244116337,7.42921006447177,
4.68492064937422));
#43730=CARTESIAN_POINT('',(-18.5444499751625,7.49049761124154,
4.73342766554108));
#43740=CARTESIAN_POINT('',(-18.5200442403571,7.55036166916606,
4.7712246967791));
#43750=CARTESIAN_POINT('',(-18.4810276659948,7.64606419507931,
4.83164945725995));
#43760=CARTESIAN_POINT('',(-18.4364791243856,7.75302234582415,
4.87396460962618));
#43770=CARTESIAN_POINT('',(-18.3914768078811,7.85834466189734,
4.90625271748928));
#43780=CARTESIAN_POINT('',(-18.3460169719626,7.96473774516837,
4.93886908481409));
#43790=CARTESIAN_POINT('',(-18.2985552404795,8.07322948090071,
4.96171330089451));
#43800=CARTESIAN_POINT('',(-18.2498784144781,8.18180529324166,
4.97700782058188));
#43810=CARTESIAN_POINT('',(-18.2011677451163,8.29045659469414,
4.99231297403453));
#43820=CARTESIAN_POINT('',(-18.1510541382764,8.39962120273782,5.));
#43830=CARTESIAN_POINT('',(-18.1,8.50823130856231,5.));
#43840=B_SPLINE_CURVE_WITH_KNOTS('',3,(#43680,#43690,#43700,#43710,
#43720,#43730,#43740,#43750,#43760,#43770,#43780,#43790,#43800,#43810,
#43820,#43830),.UNSPECIFIED.,.F.,.F.,(4,3,3,3,3,4),(0.,0.130926546290371
,0.361465386475228,0.722462489519561,1.08290665204455,1.44308183237611),
.UNSPECIFIED.);
#43850=SURFACE_CURVE('',#43840,(#43390,#4550),.CURVE_3D.);
#43860=EDGE_CURVE('',#17260,#34210,#43850,.T.);
#43870=ORIENTED_EDGE('',*,*,#43860,.T.);
#43880=ORIENTED_EDGE('',*,*,#17270,.F.);
#43890=ORIENTED_EDGE('',*,*,#43550,.T.);
#43900=ORIENTED_EDGE('',*,*,#34280,.T.);
#43910=EDGE_LOOP('',(#43900,#43890,#43880,#43870));
#43920=FACE_OUTER_BOUND('',#43910,.T.);
#43930=ADVANCED_FACE('',(#43920),#43390,.T.);
#43940=COLOUR_RGB('',0.,0.,1.);
#43950=FILL_AREA_STYLE_COLOUR('',#43940);
#43960=FILL_AREA_STYLE('',(#43950));
#43970=SURFACE_STYLE_FILL_AREA(#43960);
#43980=SURFACE_SIDE_STYLE('',(#43970));
#43990=SURFACE_STYLE_USAGE(.BOTH.,#43980);
#44000=PRESENTATION_STYLE_ASSIGNMENT((#43990));
#44010=CARTESIAN_POINT('',(-18.1,-14.5790627288362,5.));
#44020=CARTESIAN_POINT('',(-18.1619244495624,-14.5500498061096,5.));
#44030=CARTESIAN_POINT('',(-18.2245298511715,-14.5214028662464,
4.98832757134717));
#44040=CARTESIAN_POINT('',(-18.2831686878212,-14.4950801417869,
4.96524104698732));
#44050=CARTESIAN_POINT('',(-18.3422086806456,-14.4685773400261,
4.94199658460668));
#44060=CARTESIAN_POINT('',(-18.3973557170979,-14.4443587911016,
4.90723826588713));
#44070=CARTESIAN_POINT('',(-18.4446591859676,-14.4238529593094,
4.8622292720476));
#44080=CARTESIAN_POINT('',(-18.4918881129391,-14.4033794410803,
4.8172912044196));
#44090=CARTESIAN_POINT('',(-18.5314209616253,-14.3865456169162,
4.76170930051965));
#44100=CARTESIAN_POINT('',(-18.5585161856804,-14.3750696166412,
4.69940638773396));
#44110=CARTESIAN_POINT('',(-18.5854707785686,-14.363653179753,
4.63742684305572));
#44120=CARTESIAN_POINT('',(-18.6,-14.3575714714469,4.56876904744881));
#44130=CARTESIAN_POINT('',(-18.6,-14.3575714714372,4.49999999999996));
#44140=B_SPLINE_CURVE_WITH_KNOTS('',3,(#44010,#44020,#44030,#44040,
#44050,#44060,#44070,#44080,#44090,#44100,#44110,#44120,#44130),
.UNSPECIFIED.,.F.,.F.,(4,3,3,3,4),(0.,0.205498666920357,
0.411050594494125,0.61708775145891,0.823181574928595),.UNSPECIFIED.);
#44150=SURFACE_CURVE('',#44140,(#4600,#34750),.CURVE_3D.);
#44160=EDGE_CURVE('',#29390,#17550,#44150,.T.);
#44170=ORIENTED_EDGE('',*,*,#44160,.F.);
#44180=ORIENTED_EDGE('',*,*,#17710,.F.);
#44190=ORIENTED_EDGE('',*,*,#4830,.T.);
#44200=ORIENTED_EDGE('',*,*,#29480,.T.);
#44210=EDGE_LOOP('',(#44200,#44190,#44180,#44170));
#44220=FACE_OUTER_BOUND('',#44210,.T.);
#44230=ADVANCED_FACE('',(#44220),#4600,.T.);
#44240=COLOUR_RGB('',0.,0.,1.);
#44250=FILL_AREA_STYLE_COLOUR('',#44240);
#44260=FILL_AREA_STYLE('',(#44250));
#44270=SURFACE_STYLE_FILL_AREA(#44260);
#44280=SURFACE_SIDE_STYLE('',(#44270));
#44290=SURFACE_STYLE_USAGE(.BOTH.,#44280);
#44300=PRESENTATION_STYLE_ASSIGNMENT((#44290));
#44310=CARTESIAN_POINT('',(16.5,16.5,0.));
#44320=DIRECTION('',(0.,0.,-1.));
#44330=DIRECTION('',(-1.,0.,0.));
#44340=AXIS2_PLACEMENT_3D('',#44310,#44320,#44330);
#44350=CYLINDRICAL_SURFACE('',#44340,0.5);
#44360=CARTESIAN_POINT('',(16.,16.5,0.));
#44370=DIRECTION('',(0.,0.,-1.));
#44380=VECTOR('',#44370,1.);
#44390=LINE('',#44360,#44380);
#44400=CARTESIAN_POINT('',(16.,16.5,-3.5));
#44410=VERTEX_POINT('',#44400);
#44420=EDGE_CURVE('',#36430,#44410,#44390,.T.);
#44430=ORIENTED_EDGE('',*,*,#44420,.T.);
#44440=ORIENTED_EDGE('',*,*,#36480,.T.);
#44450=CARTESIAN_POINT('',(17.,16.5,0.));
#44460=DIRECTION('',(0.,0.,-1.));
#44470=VECTOR('',#44460,1.);
#44480=LINE('',#44450,#44470);
#44490=CARTESIAN_POINT('',(17.,16.5,-3.5));
#44500=VERTEX_POINT('',#44490);
#44510=EDGE_CURVE('',#36450,#44500,#44480,.T.);
#44520=ORIENTED_EDGE('',*,*,#44510,.F.);
#44530=CARTESIAN_POINT('',(16.5,16.5,-3.5));
#44540=DIRECTION('',(0.,0.,-1.));
#44550=DIRECTION('',(-1.,0.,0.));
#44560=AXIS2_PLACEMENT_3D('',#44530,#44540,#44550);
#44570=CIRCLE('',#44560,0.5);
#44580=EDGE_CURVE('',#44500,#44410,#44570,.T.);
#44590=ORIENTED_EDGE('',*,*,#44580,.F.);
#44600=EDGE_LOOP('',(#44590,#44520,#44440,#44430));
#44610=FACE_OUTER_BOUND('',#44600,.T.);
#44620=ADVANCED_FACE('',(#44610),#44350,.T.);
#44630=COLOUR_RGB('',1.,1.,1.);
#44640=FILL_AREA_STYLE_COLOUR('',#44630);
#44650=FILL_AREA_STYLE('',(#44640));
#44660=SURFACE_STYLE_FILL_AREA(#44650);
#44670=SURFACE_SIDE_STYLE('',(#44660));
#44680=SURFACE_STYLE_USAGE(.BOTH.,#44670);
#44690=PRESENTATION_STYLE_ASSIGNMENT((#44680));
#44700=CARTESIAN_POINT('',(0.,-12.9,0.5));
#44710=DIRECTION('',(-1.,0.,0.));
#44720=DIRECTION('',(0.,1.,0.));
#44730=AXIS2_PLACEMENT_3D('',#44700,#44710,#44720);
#44740=CYLINDRICAL_SURFACE('',#44730,0.5);
#44750=CARTESIAN_POINT('',(-0.0499999999999986,-12.22,0.7));
#44760=DIRECTION('',(0.,-1.,0.));
#44770=DIRECTION('',(-1.,0.,0.));
#44780=AXIS2_PLACEMENT_3D('',#44750,#44760,#44770);
#44790=CYLINDRICAL_SURFACE('',#44780,0.3);
#44800=CARTESIAN_POINT('',(-0.0499999999999986,-12.9,1.));
#44810=CARTESIAN_POINT('',(-0.0837692062234664,-12.8564041422273,1.));
#44820=CARTESIAN_POINT('',(-0.117696453309085,-12.8126144297405,
0.994305126225401));
#44830=CARTESIAN_POINT('',(-0.150320316090998,-12.7697215980326,
0.982729259503512));
#44840=CARTESIAN_POINT('',(-0.183018065418063,-12.7267316226121,
0.971127175751319));
#44850=CARTESIAN_POINT('',(-0.21462258679489,-12.6843980816738,
0.953594720689456));
#44860=CARTESIAN_POINT('',(-0.243343121296904,-12.6438228616471,
0.929387090846722));
#44870=CARTESIAN_POINT('',(-0.272146561025555,-12.6031305164391,
0.905109582811494));
#44880=CARTESIAN_POINT('',(-0.29815493036728,-12.5641085433638,
0.873959059089804));
#44890=CARTESIAN_POINT('',(-0.317567953856383,-12.5294287179267,
0.835673837083981));
#44900=CARTESIAN_POINT('',(-0.337124259415623,-12.4944929304452,
0.797106042615));
#44910=CARTESIAN_POINT('',(-0.349999999999999,-12.4640712565063,
0.751161767666479));
#44920=CARTESIAN_POINT('',(-0.349999999999999,-12.4417424305044,0.7));
#44930=B_SPLINE_CURVE_WITH_KNOTS('',3,(#44800,#44810,#44820,#44830,
#44840,#44850,#44860,#44870,#44880,#44890,#44900,#44910,#44920),
.UNSPECIFIED.,.F.,.F.,(4,3,3,3,4),(0.,0.165642065130432,
0.331427782471851,0.497619977960616,0.663975957564709),.UNSPECIFIED.);
#44940=SURFACE_CURVE('',#44930,(#44790,#44740),.CURVE_3D.);
#44950=EDGE_CURVE('',#30260,#13640,#44940,.T.);
#44960=ORIENTED_EDGE('',*,*,#44950,.F.);
#44970=ORIENTED_EDGE('',*,*,#13650,.F.);
#44980=ORIENTED_EDGE('',*,*,#220,.F.);
#44990=CARTESIAN_POINT('',(-1.8,-12.9,0.5));
#45000=DIRECTION('',(0.707106781186548,-0.707106781186548,0.));
#45010=DIRECTION('',(-0.707106781186548,-0.707106781186548,0.));
#45020=AXIS2_PLACEMENT_3D('',#44990,#45000,#45010);
#45030=ELLIPSE('',#45020,0.707106781186548,0.5);
#45040=EDGE_CURVE('',#130,#30240,#45030,.T.);
#45050=ORIENTED_EDGE('',*,*,#45040,.F.);
#45060=ORIENTED_EDGE('',*,*,#30270,.F.);
#45070=EDGE_LOOP('',(#45060,#45050,#44980,#44970,#44960));
#45080=FACE_OUTER_BOUND('',#45070,.T.);
#45090=ADVANCED_FACE('',(#45080),#44740,.F.);
#45100=COLOUR_RGB('',0.,0.,0.);
#45110=FILL_AREA_STYLE_COLOUR('',#45100);
#45120=FILL_AREA_STYLE('',(#45110));
#45130=SURFACE_STYLE_FILL_AREA(#45120);
#45140=SURFACE_SIDE_STYLE('',(#45130));
#45150=SURFACE_STYLE_USAGE(.BOTH.,#45140);
#45160=PRESENTATION_STYLE_ASSIGNMENT((#45150));
#45170=CARTESIAN_POINT('',(0.,-12.9,0.5));
#45180=DIRECTION('',(-1.,0.,0.));
#45190=DIRECTION('',(0.,1.,0.));
#45200=AXIS2_PLACEMENT_3D('',#45170,#45180,#45190);
#45210=CYLINDRICAL_SURFACE('',#45200,0.5);
#45220=CARTESIAN_POINT('',(1.8,-12.9,0.5));
#45230=DIRECTION('',(0.707106781186548,0.707106781186548,0.));
#45240=DIRECTION('',(-0.707106781186548,0.707106781186548,0.));
#45250=AXIS2_PLACEMENT_3D('',#45220,#45230,#45240);
#45260=ELLIPSE('',#45250,0.707106781186548,0.5);
#45270=EDGE_CURVE('',#14960,#30590,#45260,.T.);
#45280=ORIENTED_EDGE('',*,*,#45270,.T.);
#45290=ORIENTED_EDGE('',*,*,#14990,.F.);
#45300=ORIENTED_EDGE('',*,*,#35870,.T.);
#45310=CARTESIAN_POINT('',(0.0499999999999986,-12.22,0.7));
#45320=DIRECTION('',(0.,1.,0.));
#45330=DIRECTION('',(1.,0.,0.));
#45340=AXIS2_PLACEMENT_3D('',#45310,#45320,#45330);
#45350=CYLINDRICAL_SURFACE('',#45340,0.3);
#45360=CARTESIAN_POINT('',(0.349999999999999,-12.4417424305044,0.7));
#45370=CARTESIAN_POINT('',(0.349999999999999,-12.4640712565304,
0.751161767721771));
#45380=CARTESIAN_POINT('',(0.33712425945334,-12.4944929303778,
0.797106042540615));
#45390=CARTESIAN_POINT('',(0.317567953856383,-12.5294287179267,
0.835673837083981));
#45400=CARTESIAN_POINT('',(0.298154930367278,-12.5641085433638,
0.873959059089807));
#45410=CARTESIAN_POINT('',(0.272146561025556,-12.6031305164391,
0.905109582811493));
#45420=CARTESIAN_POINT('',(0.243343121296904,-12.6438228616471,
0.929387090846722));
#45430=CARTESIAN_POINT('',(0.214622586790912,-12.6843980816794,
0.953594720692809));
#45440=CARTESIAN_POINT('',(0.183018065420419,-12.726731622609,
0.971127175750482));
#45450=CARTESIAN_POINT('',(0.150320316090999,-12.7697215980326,
0.982729259503512));
#45460=CARTESIAN_POINT('',(0.117696453309076,-12.8126144297405,
0.994305126225404));
#45470=CARTESIAN_POINT('',(0.0837692062234703,-12.8564041422273,1.));
#45480=CARTESIAN_POINT('',(0.0499999999999986,-12.9,1.));
#45490=B_SPLINE_CURVE_WITH_KNOTS('',3,(#45360,#45370,#45380,#45390,
#45400,#45410,#45420,#45430,#45440,#45450,#45460,#45470,#45480),
.UNSPECIFIED.,.F.,.F.,(4,3,3,3,4),(0.,0.166355979604094,
0.332548175092857,0.498333892434272,0.663975957564708),.UNSPECIFIED.);
#45500=SURFACE_CURVE('',#45490,(#45350,#45210),.CURVE_3D.);
#45510=EDGE_CURVE('',#35790,#30670,#45500,.T.);
#45520=ORIENTED_EDGE('',*,*,#45510,.F.);
#45530=ORIENTED_EDGE('',*,*,#30680,.F.);
#45540=EDGE_LOOP('',(#45530,#45520,#45300,#45290,#45280));
#45550=FACE_OUTER_BOUND('',#45540,.T.);
#45560=ADVANCED_FACE('',(#45550),#45210,.F.);
#45570=COLOUR_RGB('',0.,0.,0.);
#45580=FILL_AREA_STYLE_COLOUR('',#45570);
#45590=FILL_AREA_STYLE('',(#45580));
#45600=SURFACE_STYLE_FILL_AREA(#45590);
#45610=SURFACE_SIDE_STYLE('',(#45600));
#45620=SURFACE_STYLE_USAGE(.BOTH.,#45610);
#45630=PRESENTATION_STYLE_ASSIGNMENT((#45620));
#45640=CARTESIAN_POINT('',(0.,-12.22,0.5));
#45650=DIRECTION('',(-1.,0.,0.));
#45660=DIRECTION('',(0.,1.,0.));
#45670=AXIS2_PLACEMENT_3D('',#45640,#45650,#45660);
#45680=CYLINDRICAL_SURFACE('',#45670,0.5);
#45690=ORIENTED_EDGE('',*,*,#2120,.F.);
#45700=CARTESIAN_POINT('',(-0.0499999999999987,-12.22,0.5));
#45710=DIRECTION('',(-1.,0.,0.));
#45720=DIRECTION('',(0.,1.,0.));
#45730=AXIS2_PLACEMENT_3D('',#45700,#45710,#45720);
#45740=CIRCLE('',#45730,0.5);
#45750=EDGE_CURVE('',#30830,#2110,#45740,.T.);
#45760=ORIENTED_EDGE('',*,*,#45750,.T.);
#45770=ORIENTED_EDGE('',*,*,#30840,.T.);
#45780=CARTESIAN_POINT('',(0.0499999999999985,-12.22,0.5));
#45790=DIRECTION('',(-1.,0.,0.));
#45800=DIRECTION('',(0.,1.,0.));
#45810=AXIS2_PLACEMENT_3D('',#45780,#45790,#45800);
#45820=CIRCLE('',#45810,0.5);
#45830=EDGE_CURVE('',#30750,#2090,#45820,.T.);
#45840=ORIENTED_EDGE('',*,*,#45830,.F.);
#45850=EDGE_LOOP('',(#45840,#45770,#45760,#45690));
#45860=FACE_OUTER_BOUND('',#45850,.T.);
#45870=ADVANCED_FACE('',(#45860),#45680,.F.);
#45880=COLOUR_RGB('',0.,0.,0.);
#45890=FILL_AREA_STYLE_COLOUR('',#45880);
#45900=FILL_AREA_STYLE('',(#45890));
#45910=SURFACE_STYLE_FILL_AREA(#45900);
#45920=SURFACE_SIDE_STYLE('',(#45910));
#45930=SURFACE_STYLE_USAGE(.BOTH.,#45920);
#45940=PRESENTATION_STYLE_ASSIGNMENT((#45930));
#45950=CARTESIAN_POINT('',(-8.91848433596124E-15,-9.04332910513523E-15,
0.5));
#45960=DIRECTION('',(0.,0.,1.));
#45970=DIRECTION('',(1.,0.,0.));
#45980=AXIS2_PLACEMENT_3D('',#45950,#45960,#45970);
#45990=TOROIDAL_SURFACE('',#45980,18.5,0.5);
#46000=CARTESIAN_POINT('',(-1.,0.,0.5));
#46010=DIRECTION('',(0.,1.,0.));
#46020=DIRECTION('',(1.,0.,0.));
#46030=AXIS2_PLACEMENT_3D('',#46000,#46010,#46020);
#46040=CYLINDRICAL_SURFACE('',#46030,0.5);
#46050=CARTESIAN_POINT('',(-0.999999999999994,-18.4729532019112,1.));
#46060=CARTESIAN_POINT('',(-1.05646018445345,-18.5264396811512,1.));
#46070=CARTESIAN_POINT('',(-1.11314212282743,-18.5798987953982,
0.990514557675752));
#46080=CARTESIAN_POINT('',(-1.16810313073858,-18.6315219339628,
0.97089418921505));
#46090=CARTESIAN_POINT('',(-1.22320218898395,-18.6832747388454,
0.951224538571826));
#46100=CARTESIAN_POINT('',(-1.27659404756333,-18.7332009867604,
0.921350965083874));
#46110=CARTESIAN_POINT('',(-1.32491126584827,-18.7782292643522,
0.880042983524431));
#46120=CARTESIAN_POINT('',(-1.37343809341442,-18.823452883175,
0.838555800085602));
#46130=CARTESIAN_POINT('',(-1.41688122259627,-18.8637673655034,
0.785431995616831));
#46140=CARTESIAN_POINT('',(-1.44884291668229,-18.8933719087902,
0.720318034088233));
#46150=CARTESIAN_POINT('',(-1.48094591542805,-18.9231073356247,
0.654916199640481));
#46160=CARTESIAN_POINT('',(-1.5,-18.9406969248758,0.579168683418627));
#46170=CARTESIAN_POINT('',(-1.5,-18.9406969248758,0.5));
#46180=B_SPLINE_CURVE_WITH_KNOTS('',3,(#46050,#46060,#46070,#46080,
#46090,#46100,#46110,#46120,#46130,#46140,#46150,#46160,#46170),
.UNSPECIFIED.,.F.,.F.,(4,3,3,3,4),(0.,0.233546227834881,
0.467613422867339,0.702006881166254,0.936466268606978),.UNSPECIFIED.);
#46190=SURFACE_CURVE('',#46180,(#45990,#46040),.CURVE_3D.);
#46200=EDGE_CURVE('',#31940,#23440,#46190,.T.);
#46210=ORIENTED_EDGE('',*,*,#46200,.T.);
#46220=ORIENTED_EDGE('',*,*,#31950,.T.);
#46230=CARTESIAN_POINT('',(-18.5,-9.04332910513523E-15,0.5));
#46240=DIRECTION('',(0.,-1.,0.));
#46250=DIRECTION('',(-1.,0.,0.));
#46260=AXIS2_PLACEMENT_3D('',#46230,#46240,#46250);
#46270=CIRCLE('',#46260,0.5);
#46280=EDGE_CURVE('',#31900,#23910,#46270,.T.);
#46290=ORIENTED_EDGE('',*,*,#46280,.F.);
#46300=ORIENTED_EDGE('',*,*,#24090,.F.);
#46310=EDGE_LOOP('',(#46300,#46290,#46220,#46210));
#46320=FACE_OUTER_BOUND('',#46310,.T.);
#46330=ADVANCED_FACE('',(#46320),#45990,.F.);
#46340=COLOUR_RGB('',0.,0.,0.);
#46350=FILL_AREA_STYLE_COLOUR('',#46340);
#46360=FILL_AREA_STYLE('',(#46350));
#46370=SURFACE_STYLE_FILL_AREA(#46360);
#46380=SURFACE_SIDE_STYLE('',(#46370));
#46390=SURFACE_STYLE_USAGE(.BOTH.,#46380);
#46400=PRESENTATION_STYLE_ASSIGNMENT((#46390));
#46410=ORIENTED_EDGE('',*,*,#32010,.F.);
#46420=ORIENTED_EDGE('',*,*,#46200,.F.);
#46430=ORIENTED_EDGE('',*,*,#23690,.T.);
#46440=CARTESIAN_POINT('',(-1.,-24.5,0.5));
#46450=DIRECTION('',(-0.707106781186548,0.707106781186548,0.));
#46460=DIRECTION('',(-0.707106781186548,-0.707106781186548,0.));
#46470=AXIS2_PLACEMENT_3D('',#46440,#46450,#46460);
#46480=ELLIPSE('',#46470,0.707106781186548,0.5);
#46490=EDGE_CURVE('',#23620,#31690,#46480,.T.);
#46500=ORIENTED_EDGE('',*,*,#46490,.F.);
#46510=EDGE_LOOP('',(#46500,#46430,#46420,#46410));
#46520=FACE_OUTER_BOUND('',#46510,.T.);
#46530=ADVANCED_FACE('',(#46520),#46040,.F.);
#46540=COLOUR_RGB('',0.,0.,0.);
#46550=FILL_AREA_STYLE_COLOUR('',#46540);
#46560=FILL_AREA_STYLE('',(#46550));
#46570=SURFACE_STYLE_FILL_AREA(#46560);
#46580=SURFACE_SIDE_STYLE('',(#46570));
#46590=SURFACE_STYLE_USAGE(.BOTH.,#46580);
#46600=PRESENTATION_STYLE_ASSIGNMENT((#46590));
#46610=CARTESIAN_POINT('',(3.,0.,0.5));
#46620=DIRECTION('',(0.,-1.,0.));
#46630=DIRECTION('',(-1.,0.,0.));
#46640=AXIS2_PLACEMENT_3D('',#46610,#46620,#46630);
#46650=CYLINDRICAL_SURFACE('',#46640,0.5);
#46660=CARTESIAN_POINT('',(3.5,-18.6748493969831,0.5));
#46670=CARTESIAN_POINT('',(3.5,-18.6748493969831,0.576705981370743));
#46680=CARTESIAN_POINT('',(3.4820761239298,-18.6599845511804,
0.650860288521662));
#46690=CARTESIAN_POINT('',(3.45110652549458,-18.6342239519204,
0.715645316796774));
#46700=CARTESIAN_POINT('',(3.4201399122725,-18.6084658357691,
0.780424100330995));
#46710=CARTESIAN_POINT('',(3.3775524218198,-18.5729848772396,
0.834060183081774));
#46720=CARTESIAN_POINT('',(3.32910050416535,-18.5324611325363,
0.876421118110821));
#46730=CARTESIAN_POINT('',(3.28068175019243,-18.4919651249512,
0.918753058527764));
#46740=CARTESIAN_POINT('',(3.22701967686188,-18.4469462189529,
0.949441207184971));
#46750=CARTESIAN_POINT('',(3.17115300088147,-18.3998843210305,
0.969794263789352));
#46760=CARTESIAN_POINT('',(3.11545497405457,-18.3529644925817,
0.990085879011953));
#46770=CARTESIAN_POINT('',(3.05758823411147,-18.304033057058,1.));
#46780=CARTESIAN_POINT('',(2.99999999999999,-18.2551362635287,1.));
#46790=B_SPLINE_CURVE_WITH_KNOTS('',3,(#46660,#46670,#46680,#46690,
#46700,#46710,#46720,#46730,#46740,#46750,#46760,#46770,#46780),
.UNSPECIFIED.,.F.,.F.,(4,3,3,3,4),(0.,0.227744956771503,
0.455476010350168,0.68280707830441,0.909685369579583),.UNSPECIFIED.);
#46800=SURFACE_CURVE('',#46790,(#45990,#46650),.CURVE_3D.);
#46810=EDGE_CURVE('',#25260,#31770,#46800,.T.);
#46820=ORIENTED_EDGE('',*,*,#46810,.F.);
#46830=ORIENTED_EDGE('',*,*,#31780,.F.);
#46840=CARTESIAN_POINT('',(3.,-24.5,0.5));
#46850=DIRECTION('',(-0.707106781186548,-0.707106781186548,0.));
#46860=DIRECTION('',(-0.707106781186548,0.707106781186548,0.));
#46870=AXIS2_PLACEMENT_3D('',#46840,#46850,#46860);
#46880=ELLIPSE('',#46870,0.707106781186548,0.5);
#46890=EDGE_CURVE('',#25080,#31670,#46880,.T.);
#46900=ORIENTED_EDGE('',*,*,#46890,.T.);
#46910=ORIENTED_EDGE('',*,*,#25330,.T.);
#46920=EDGE_LOOP('',(#46910,#46900,#46830,#46820));
#46930=FACE_OUTER_BOUND('',#46920,.T.);
#46940=ADVANCED_FACE('',(#46930),#46650,.F.);
#46950=COLOUR_RGB('',0.,0.,0.);
#46960=FILL_AREA_STYLE_COLOUR('',#46950);
#46970=FILL_AREA_STYLE('',(#46960));
#46980=SURFACE_STYLE_FILL_AREA(#46970);
#46990=SURFACE_SIDE_STYLE('',(#46980));
#47000=SURFACE_STYLE_USAGE(.BOTH.,#46990);
#47010=PRESENTATION_STYLE_ASSIGNMENT((#47000));
#47020=CARTESIAN_POINT('',(8.88178419700125E-16,1.77635683940025E-15,0.5
));
#47030=DIRECTION('',(0.,0.,-1.));
#47040=DIRECTION('',(-1.,0.,0.));
#47050=AXIS2_PLACEMENT_3D('',#47020,#47030,#47040);
#47060=TOROIDAL_SURFACE('',#47050,12.5,0.5);
#47070=CARTESIAN_POINT('',(-1.8,0.,0.5));
#47080=DIRECTION('',(0.,-1.,0.));
#47090=DIRECTION('',(-1.,0.,0.));
#47100=AXIS2_PLACEMENT_3D('',#47070,#47080,#47090);
#47110=CYLINDRICAL_SURFACE('',#47100,0.5);
#47120=CARTESIAN_POINT('',(-1.8,-12.3697210962899,1.));
#47130=CARTESIAN_POINT('',(-1.74220541386842,-12.3197278857079,1.));
#47140=CARTESIAN_POINT('',(-1.68441896597079,-12.2694306195717,
0.990031185926181));
#47150=CARTESIAN_POINT('',(-1.62891247716123,-12.2208316824701,
0.969818113240674));
#47160=CARTESIAN_POINT('',(-1.57323543472642,-12.1720834164328,
0.949542932270209));
#47170=CARTESIAN_POINT('',(-1.5198424034364,-12.1250337344642,
0.919023618218791));
#47180=CARTESIAN_POINT('',(-1.47172704284541,-12.0824235448429,
0.877143030695745));
#47190=CARTESIAN_POINT('',(-1.42349542740081,-12.0397104017926,
0.835161252585908));
#47200=CARTESIAN_POINT('',(-1.38084678185382,-12.0017039825224,
0.781901733112591));
#47210=CARTESIAN_POINT('',(-1.34964653503869,-11.973822942145,
0.717213619733248));
#47220=CARTESIAN_POINT('',(-1.31836237982024,-11.9458669198741,
0.65235153733566));
#47230=CARTESIAN_POINT('',(-1.3,-11.9293755075444,0.577709971592199));
#47240=CARTESIAN_POINT('',(-1.3,-11.9293755075444,0.5));
#47250=B_SPLINE_CURVE_WITH_KNOTS('',3,(#47120,#47130,#47140,#47150,
#47160,#47170,#47180,#47190,#47200,#47210,#47220,#47230,#47240),
.UNSPECIFIED.,.F.,.F.,(4,3,3,3,4),(0.,0.22948461946025,0.459430745688899
,0.689750585062149,0.920106567654994),.UNSPECIFIED.);
#47260=SURFACE_CURVE('',#47250,(#47060,#47110),.CURVE_3D.);
#47270=EDGE_CURVE('',#30340,#1090,#47260,.T.);
#47280=ORIENTED_EDGE('',*,*,#47270,.F.);
#47290=ORIENTED_EDGE('',*,*,#1340,.F.);
#47300=CARTESIAN_POINT('',(-12.5,1.77635683940025E-15,0.5));
#47310=DIRECTION('',(0.,1.,0.));
#47320=DIRECTION('',(1.,0.,0.));
#47330=AXIS2_PLACEMENT_3D('',#47300,#47310,#47320);
#47340=CIRCLE('',#47330,0.5);
#47350=EDGE_CURVE('',#30430,#1260,#47340,.T.);
#47360=ORIENTED_EDGE('',*,*,#47350,.T.);
#47370=ORIENTED_EDGE('',*,*,#30440,.F.);
#47380=EDGE_LOOP('',(#47370,#47360,#47290,#47280));
#47390=FACE_OUTER_BOUND('',#47380,.T.);
#47400=ADVANCED_FACE('',(#47390),#47060,.F.);
#47410=COLOUR_RGB('',0.,0.,0.);
#47420=FILL_AREA_STYLE_COLOUR('',#47410);
#47430=FILL_AREA_STYLE('',(#47420));
#47440=SURFACE_STYLE_FILL_AREA(#47430);
#47450=SURFACE_SIDE_STYLE('',(#47440));
#47460=SURFACE_STYLE_USAGE(.BOTH.,#47450);
#47470=PRESENTATION_STYLE_ASSIGNMENT((#47460));
#47480=ORIENTED_EDGE('',*,*,#45040,.T.);
#47490=ORIENTED_EDGE('',*,*,#37860,.T.);
#47500=ORIENTED_EDGE('',*,*,#47270,.T.);
#47510=ORIENTED_EDGE('',*,*,#30350,.F.);
#47520=EDGE_LOOP('',(#47510,#47500,#47490,#47480));
#47530=FACE_OUTER_BOUND('',#47520,.T.);
#47540=ADVANCED_FACE('',(#47530),#47110,.F.);
#47550=COLOUR_RGB('',0.,0.,0.);
#47560=FILL_AREA_STYLE_COLOUR('',#47550);
#47570=FILL_AREA_STYLE('',(#47560));
#47580=SURFACE_STYLE_FILL_AREA(#47570);
#47590=SURFACE_SIDE_STYLE('',(#47580));
#47600=SURFACE_STYLE_USAGE(.BOTH.,#47590);
#47610=PRESENTATION_STYLE_ASSIGNMENT((#47600));
#47620=CARTESIAN_POINT('',(1.8,0.,0.5));
#47630=DIRECTION('',(0.,1.,0.));
#47640=DIRECTION('',(1.,0.,0.));
#47650=AXIS2_PLACEMENT_3D('',#47620,#47630,#47640);
#47660=CYLINDRICAL_SURFACE('',#47650,0.5);
#47670=ORIENTED_EDGE('',*,*,#45270,.F.);
#47680=ORIENTED_EDGE('',*,*,#30600,.F.);
#47690=CARTESIAN_POINT('',(1.3,-11.9293755075444,0.5));
#47700=CARTESIAN_POINT('',(1.3,-11.9293755075444,0.577709971592189));
#47710=CARTESIAN_POINT('',(1.31836237982024,-11.9458669198741,
0.65235153733567));
#47720=CARTESIAN_POINT('',(1.34964653503869,-11.973822942145,
0.717213619733247));
#47730=CARTESIAN_POINT('',(1.3808467818541,-12.0017039825227,
0.781901733113177));
#47740=CARTESIAN_POINT('',(1.42349542740516,-12.0397104017965,
0.835161252589698));
#47750=CARTESIAN_POINT('',(1.4717270428454,-12.0824235448429,
0.877143030695745));
#47760=CARTESIAN_POINT('',(1.51984240339134,-12.1250337344243,
0.919023618179582));
#47770=CARTESIAN_POINT('',(1.57323543475138,-12.1720834164546,
0.949542932279301));
#47780=CARTESIAN_POINT('',(1.62891247716122,-12.2208316824701,
0.969818113240674));
#47790=CARTESIAN_POINT('',(1.68441896597078,-12.2694306195717,
0.990031185926182));
#47800=CARTESIAN_POINT('',(1.74220541386842,-12.3197278857079,1.));
#47810=CARTESIAN_POINT('',(1.8,-12.3697210962899,1.));
#47820=B_SPLINE_CURVE_WITH_KNOTS('',3,(#47690,#47700,#47710,#47720,
#47730,#47740,#47750,#47760,#47770,#47780,#47790,#47800,#47810),
.UNSPECIFIED.,.F.,.F.,(4,3,3,3,4),(0.,0.230355982592844,
0.460675821966095,0.690621948194746,0.920106567654995),.UNSPECIFIED.);
#47830=SURFACE_CURVE('',#47820,(#47060,#47660),.CURVE_3D.);
#47840=EDGE_CURVE('',#34500,#30510,#47830,.T.);
#47850=ORIENTED_EDGE('',*,*,#47840,.T.);
#47860=ORIENTED_EDGE('',*,*,#34590,.T.);
#47870=EDGE_LOOP('',(#47860,#47850,#47680,#47670));
#47880=FACE_OUTER_BOUND('',#47870,.T.);
#47890=ADVANCED_FACE('',(#47880),#47660,.F.);
#47900=COLOUR_RGB('',0.,0.,0.);
#47910=FILL_AREA_STYLE_COLOUR('',#47900);
#47920=FILL_AREA_STYLE('',(#47910));
#47930=SURFACE_STYLE_FILL_AREA(#47920);
#47940=SURFACE_SIDE_STYLE('',(#47930));
#47950=SURFACE_STYLE_USAGE(.BOTH.,#47940);
#47960=PRESENTATION_STYLE_ASSIGNMENT((#47950));
#47970=CARTESIAN_POINT('',(0.0499999999999986,-12.02,0.5));
#47980=DIRECTION('',(0.,0.,-1.));
#47990=DIRECTION('',(-1.,0.,0.));
#48000=AXIS2_PLACEMENT_3D('',#47970,#47980,#47990);
#48010=CYLINDRICAL_SURFACE('',#48000,0.3);
#48020=CARTESIAN_POINT('',(0.0499999999999986,-12.02,0.5));
#48030=DIRECTION('',(0.,0.,-1.));
#48040=DIRECTION('',(-1.,0.,0.));
#48050=AXIS2_PLACEMENT_3D('',#48020,#48030,#48040);
#48060=CIRCLE('',#48050,0.3);
#48070=EDGE_CURVE('',#2090,#35710,#48060,.T.);
#48080=ORIENTED_EDGE('',*,*,#48070,.F.);
#48090=ORIENTED_EDGE('',*,*,#35950,.F.);
#48100=ORIENTED_EDGE('',*,*,#24480,.T.);
#48110=ORIENTED_EDGE('',*,*,#2200,.T.);
#48120=EDGE_LOOP('',(#48110,#48100,#48090,#48080));
#48130=FACE_OUTER_BOUND('',#48120,.T.);
#48140=ADVANCED_FACE('',(#48130),#48010,.F.);
#48150=CARTESIAN_POINT('',(0.0499999999999986,-12.22,0.7));
#48160=DIRECTION('',(0.,1.,0.));
#48170=DIRECTION('',(1.,0.,0.));
#48180=AXIS2_PLACEMENT_3D('',#48150,#48160,#48170);
#48190=CIRCLE('',#48180,0.3);
#48200=EDGE_CURVE('',#30750,#35690,#48190,.T.);
#48210=ORIENTED_EDGE('',*,*,#48200,.T.);
#48220=ORIENTED_EDGE('',*,*,#30760,.F.);
#48230=ORIENTED_EDGE('',*,*,#45510,.T.);
#48240=ORIENTED_EDGE('',*,*,#35800,.F.);
#48250=EDGE_LOOP('',(#48240,#48230,#48220,#48210));
#48260=FACE_OUTER_BOUND('',#48250,.T.);
#48270=ADVANCED_FACE('',(#48260),#45350,.F.);
#48280=COLOUR_RGB('',0.,0.,0.);
#48290=FILL_AREA_STYLE_COLOUR('',#48280);
#48300=FILL_AREA_STYLE('',(#48290));
#48310=SURFACE_STYLE_FILL_AREA(#48300);
#48320=SURFACE_SIDE_STYLE('',(#48310));
#48330=SURFACE_STYLE_USAGE(.BOTH.,#48320);
#48340=PRESENTATION_STYLE_ASSIGNMENT((#48330));
#48350=CARTESIAN_POINT('',(-0.0499999999999986,-12.02,0.5));
#48360=DIRECTION('',(0.,0.,1.));
#48370=DIRECTION('',(1.,0.,0.));
#48380=AXIS2_PLACEMENT_3D('',#48350,#48360,#48370);
#48390=CYLINDRICAL_SURFACE('',#48380,0.3);
#48400=ORIENTED_EDGE('',*,*,#24850,.F.);
#48410=ORIENTED_EDGE('',*,*,#13490,.F.);
#48420=CARTESIAN_POINT('',(-0.0499999999999986,-12.02,0.5));
#48430=DIRECTION('',(0.,0.,-1.));
#48440=DIRECTION('',(-1.,0.,0.));
#48450=AXIS2_PLACEMENT_3D('',#48420,#48430,#48440);
#48460=CIRCLE('',#48450,0.3);
#48470=EDGE_CURVE('',#13400,#2110,#48460,.T.);
#48480=ORIENTED_EDGE('',*,*,#48470,.F.);
#48490=ORIENTED_EDGE('',*,*,#2340,.F.);
#48500=EDGE_LOOP('',(#48490,#48480,#48410,#48400));
#48510=FACE_OUTER_BOUND('',#48500,.T.);
#48520=ADVANCED_FACE('',(#48510),#48390,.F.);
#48530=CARTESIAN_POINT('',(-0.0499999999999986,-12.22,0.5));
#48540=DIRECTION('',(-1.,0.,0.));
#48550=DIRECTION('',(0.,1.,0.));
#48560=AXIS2_PLACEMENT_3D('',#48530,#48540,#48550);
#48570=DEGENERATE_TOROIDAL_SURFACE('',#48560,0.199999999999999,0.3,.T.);
#48580=ORIENTED_EDGE('',*,*,#48470,.T.);
#48590=ORIENTED_EDGE('',*,*,#13410,.T.);
#48600=CARTESIAN_POINT('',(-0.0499999999999986,-12.22,0.699999999999999)
);
#48610=DIRECTION('',(0.,1.,0.));
#48620=DIRECTION('',(1.,0.,0.));
#48630=AXIS2_PLACEMENT_3D('',#48600,#48610,#48620);
#48640=CIRCLE('',#48630,0.3);
#48650=EDGE_CURVE('',#13380,#30830,#48640,.T.);
#48660=ORIENTED_EDGE('',*,*,#48650,.F.);
#48670=ORIENTED_EDGE('',*,*,#45750,.F.);
#48680=EDGE_LOOP('',(#48670,#48660,#48590,#48580));
#48690=FACE_OUTER_BOUND('',#48680,.T.);
#48700=ADVANCED_FACE('',(#48690),#48570,.F.);
#48710=COLOUR_RGB('',0.,0.,0.);
#48720=FILL_AREA_STYLE_COLOUR('',#48710);
#48730=FILL_AREA_STYLE('',(#48720));
#48740=SURFACE_STYLE_FILL_AREA(#48730);
#48750=SURFACE_SIDE_STYLE('',(#48740));
#48760=SURFACE_STYLE_USAGE(.BOTH.,#48750);
#48770=PRESENTATION_STYLE_ASSIGNMENT((#48760));
#48780=CARTESIAN_POINT('',(0.0499999999999986,-12.22,0.5));
#48790=DIRECTION('',(-1.,0.,0.));
#48800=DIRECTION('',(0.,1.,0.));
#48810=AXIS2_PLACEMENT_3D('',#48780,#48790,#48800);
#48820=DEGENERATE_TOROIDAL_SURFACE('',#48810,0.199999999999999,0.3,.T.);
#48830=ORIENTED_EDGE('',*,*,#48200,.F.);
#48840=ORIENTED_EDGE('',*,*,#35720,.F.);
#48850=ORIENTED_EDGE('',*,*,#48070,.T.);
#48860=ORIENTED_EDGE('',*,*,#45830,.T.);
#48870=EDGE_LOOP('',(#48860,#48850,#48840,#48830));
#48880=FACE_OUTER_BOUND('',#48870,.T.);
#48890=ADVANCED_FACE('',(#48880),#48820,.F.);
#48900=COLOUR_RGB('',0.,0.,0.);
#48910=FILL_AREA_STYLE_COLOUR('',#48900);
#48920=FILL_AREA_STYLE('',(#48910));
#48930=SURFACE_STYLE_FILL_AREA(#48920);
#48940=SURFACE_SIDE_STYLE('',(#48930));
#48950=SURFACE_STYLE_USAGE(.BOTH.,#48940);
#48960=PRESENTATION_STYLE_ASSIGNMENT((#48950));
#48970=ORIENTED_EDGE('',*,*,#48650,.T.);
#48980=ORIENTED_EDGE('',*,*,#13710,.F.);
#48990=ORIENTED_EDGE('',*,*,#44950,.T.);
#49000=ORIENTED_EDGE('',*,*,#30900,.F.);
#49010=EDGE_LOOP('',(#49000,#48990,#48980,#48970));
#49020=FACE_OUTER_BOUND('',#49010,.T.);
#49030=ADVANCED_FACE('',(#49020),#44790,.F.);
#49040=COLOUR_RGB('',0.,0.,0.);
#49050=FILL_AREA_STYLE_COLOUR('',#49040);
#49060=FILL_AREA_STYLE('',(#49050));
#49070=SURFACE_STYLE_FILL_AREA(#49060);
#49080=SURFACE_SIDE_STYLE('',(#49070));
#49090=SURFACE_STYLE_USAGE(.BOTH.,#49080);
#49100=PRESENTATION_STYLE_ASSIGNMENT((#49090));
#49110=CARTESIAN_POINT('',(0.124999999999999,-23.87,-8.0999999999998));
#49120=DIRECTION('',(0.,1.,0.));
#49130=DIRECTION('',(0.,0.,1.));
#49140=AXIS2_PLACEMENT_3D('',#49110,#49120,#49130);
#49150=PLANE('',#49140);
#49160=CARTESIAN_POINT('',(0.124999999999999,-23.87,-11.4499999999998));
#49170=DIRECTION('',(0.,0.,-1.));
#49180=VECTOR('',#49170,1.);
#49190=LINE('',#49160,#49180);
#49200=CARTESIAN_POINT('',(0.124999999999999,-23.87,-3.5));
#49210=VERTEX_POINT('',#49200);
#49220=EDGE_CURVE('',#31170,#49210,#49190,.T.);
#49230=ORIENTED_EDGE('',*,*,#49220,.F.);
#49240=CARTESIAN_POINT('',(-1.4432899320127E-15,-23.87,-3.5));
#49250=DIRECTION('',(1.,0.,0.));
#49260=VECTOR('',#49250,1.);
#49270=LINE('',#49240,#49260);
#49280=CARTESIAN_POINT('',(-0.125000000000001,-23.87,-3.5));
#49290=VERTEX_POINT('',#49280);
#49300=EDGE_CURVE('',#49290,#49210,#49270,.T.);
#49310=ORIENTED_EDGE('',*,*,#49300,.T.);
#49320=CARTESIAN_POINT('',(-0.125000000000001,-23.87,-11.4499999999998))
;
#49330=DIRECTION('',(0.,0.,1.));
#49340=VECTOR('',#49330,1.);
#49350=LINE('',#49320,#49340);
#49360=EDGE_CURVE('',#49290,#30990,#49350,.T.);
#49370=ORIENTED_EDGE('',*,*,#49360,.F.);
#49380=ORIENTED_EDGE('',*,*,#31240,.T.);
#49390=EDGE_LOOP('',(#49380,#49370,#49310,#49230));
#49400=FACE_OUTER_BOUND('',#49390,.T.);
#49410=ADVANCED_FACE('',(#49400),#49150,.F.);
#49420=COLOUR_RGB('',0.749019622802734,0.749019622802734,
0.749019622802734);
#49430=FILL_AREA_STYLE_COLOUR('',#49420);
#49440=FILL_AREA_STYLE('',(#49430));
#49450=SURFACE_STYLE_FILL_AREA(#49440);
#49460=SURFACE_SIDE_STYLE('',(#49450));
#49470=SURFACE_STYLE_USAGE(.BOTH.,#49460);
#49480=PRESENTATION_STYLE_ASSIGNMENT((#49470));
#49490=CARTESIAN_POINT('',(0.124999999999999,-24.22,-8.0999999999998));
#49500=DIRECTION('',(1.,0.,0.));
#49510=DIRECTION('',(0.,1.,0.));
#49520=AXIS2_PLACEMENT_3D('',#49490,#49500,#49510);
#49530=PLANE('',#49520);
#49540=ORIENTED_EDGE('',*,*,#49220,.T.);
#49550=ORIENTED_EDGE('',*,*,#31180,.F.);
#49560=CARTESIAN_POINT('',(0.124999999999999,-23.37,-11.4499999999998));
#49570=DIRECTION('',(0.,0.,1.));
#49580=VECTOR('',#49570,1.);
#49590=LINE('',#49560,#49580);
#49600=CARTESIAN_POINT('',(0.124999999999999,-23.37,-3.5));
#49610=VERTEX_POINT('',#49600);
#49620=EDGE_CURVE('',#49610,#31090,#49590,.T.);
#49630=ORIENTED_EDGE('',*,*,#49620,.T.);
#49640=CARTESIAN_POINT('',(0.124999999999999,-23.62,-3.5));
#49650=DIRECTION('',(0.,-1.,0.));
#49660=VECTOR('',#49650,1.);
#49670=LINE('',#49640,#49660);
#49680=EDGE_CURVE('',#49610,#49210,#49670,.T.);
#49690=ORIENTED_EDGE('',*,*,#49680,.F.);
#49700=EDGE_LOOP('',(#49690,#49630,#49550,#49540));
#49710=FACE_OUTER_BOUND('',#49700,.T.);
#49720=ADVANCED_FACE('',(#49710),#49530,.T.);
#49730=COLOUR_RGB('',0.749019622802734,0.749019622802734,
0.749019622802734);
#49740=FILL_AREA_STYLE_COLOUR('',#49730);
#49750=FILL_AREA_STYLE('',(#49740));
#49760=SURFACE_STYLE_FILL_AREA(#49750);
#49770=SURFACE_SIDE_STYLE('',(#49760));
#49780=SURFACE_STYLE_USAGE(.BOTH.,#49770);
#49790=PRESENTATION_STYLE_ASSIGNMENT((#49780));
#49800=CARTESIAN_POINT('',(-0.125000000000001,-24.22,-8.0999999999998));
#49810=DIRECTION('',(1.,0.,0.));
#49820=DIRECTION('',(0.,1.,0.));
#49830=AXIS2_PLACEMENT_3D('',#49800,#49810,#49820);
#49840=PLANE('',#49830);
#49850=ORIENTED_EDGE('',*,*,#31020,.T.);
#49860=ORIENTED_EDGE('',*,*,#49360,.T.);
#49870=CARTESIAN_POINT('',(-0.125000000000001,-23.62,-3.5));
#49880=DIRECTION('',(0.,-1.,0.));
#49890=VECTOR('',#49880,1.);
#49900=LINE('',#49870,#49890);
#49910=CARTESIAN_POINT('',(-0.125000000000001,-23.37,-3.5));
#49920=VERTEX_POINT('',#49910);
#49930=EDGE_CURVE('',#49920,#49290,#49900,.T.);
#49940=ORIENTED_EDGE('',*,*,#49930,.T.);
#49950=CARTESIAN_POINT('',(-0.125000000000001,-23.37,-11.4499999999998))
;
#49960=DIRECTION('',(0.,0.,-1.));
#49970=VECTOR('',#49960,1.);
#49980=LINE('',#49950,#49970);
#49990=EDGE_CURVE('',#31010,#49920,#49980,.T.);
#50000=ORIENTED_EDGE('',*,*,#49990,.T.);
#50010=EDGE_LOOP('',(#50000,#49940,#49860,#49850));
#50020=FACE_OUTER_BOUND('',#50010,.T.);
#50030=ADVANCED_FACE('',(#50020),#49840,.F.);
#50040=COLOUR_RGB('',0.749019622802734,0.749019622802734,
0.749019622802734);
#50050=FILL_AREA_STYLE_COLOUR('',#50040);
#50060=FILL_AREA_STYLE('',(#50050));
#50070=SURFACE_STYLE_FILL_AREA(#50060);
#50080=SURFACE_SIDE_STYLE('',(#50070));
#50090=SURFACE_STYLE_USAGE(.BOTH.,#50080);
#50100=PRESENTATION_STYLE_ASSIGNMENT((#50090));
#50110=CARTESIAN_POINT('',(-0.125000000000001,-23.37,-8.0999999999998));
#50120=DIRECTION('',(0.,-1.,0.));
#50130=DIRECTION('',(0.,0.,-1.));
#50140=AXIS2_PLACEMENT_3D('',#50110,#50120,#50130);
#50150=PLANE('',#50140);
#50160=ORIENTED_EDGE('',*,*,#49990,.F.);
#50170=CARTESIAN_POINT('',(-1.4432899320127E-15,-23.37,-3.5));
#50180=DIRECTION('',(-1.,0.,0.));
#50190=VECTOR('',#50180,1.);
#50200=LINE('',#50170,#50190);
#50210=EDGE_CURVE('',#49610,#49920,#50200,.T.);
#50220=ORIENTED_EDGE('',*,*,#50210,.T.);
#50230=ORIENTED_EDGE('',*,*,#49620,.F.);
#50240=ORIENTED_EDGE('',*,*,#31100,.T.);
#50250=EDGE_LOOP('',(#50240,#50230,#50220,#50160));
#50260=FACE_OUTER_BOUND('',#50250,.T.);
#50270=ADVANCED_FACE('',(#50260),#50150,.F.);
#50280=COLOUR_RGB('',0.749019622802734,0.749019622802734,
0.749019622802734);
#50290=FILL_AREA_STYLE_COLOUR('',#50280);
#50300=FILL_AREA_STYLE('',(#50290));
#50310=SURFACE_STYLE_FILL_AREA(#50300);
#50320=SURFACE_SIDE_STYLE('',(#50310));
#50330=SURFACE_STYLE_USAGE(.BOTH.,#50320);
#50340=PRESENTATION_STYLE_ASSIGNMENT((#50330));
#50350=CARTESIAN_POINT('',(-24.0524019114855,-30.7052631578686,-3.5));
#50360=DIRECTION('',(0.,0.,1.));
#50370=DIRECTION('',(1.,0.,0.));
#50380=AXIS2_PLACEMENT_3D('',#50350,#50360,#50370);
#50390=PLANE('',#50380);
#50400=ORIENTED_EDGE('',*,*,#50210,.F.);
#50410=ORIENTED_EDGE('',*,*,#49930,.F.);
#50420=ORIENTED_EDGE('',*,*,#49300,.F.);
#50430=ORIENTED_EDGE('',*,*,#49680,.T.);
#50440=EDGE_LOOP('',(#50430,#50420,#50410,#50400));
#50450=FACE_OUTER_BOUND('',#50440,.T.);
#50460=ADVANCED_FACE('',(#50450),#50390,.F.);
#50470=COLOUR_RGB('',0.749019622802734,0.749019622802734,
0.749019622802734);
#50480=FILL_AREA_STYLE_COLOUR('',#50470);
#50490=FILL_AREA_STYLE('',(#50480));
#50500=SURFACE_STYLE_FILL_AREA(#50490);
#50510=SURFACE_SIDE_STYLE('',(#50500));
#50520=SURFACE_STYLE_USAGE(.BOTH.,#50510);
#50530=PRESENTATION_STYLE_ASSIGNMENT((#50520));
#50540=CARTESIAN_POINT('',(-0.125000000000001,-16.5999999999998,-8.1));
#50550=DIRECTION('',(1.,0.,0.));
#50560=DIRECTION('',(0.,1.,0.));
#50570=AXIS2_PLACEMENT_3D('',#50540,#50550,#50560);
#50580=PLANE('',#50570);
#50590=ORIENTED_EDGE('',*,*,#31580,.T.);
#50600=CARTESIAN_POINT('',(-0.125000000000001,-16.2499999999998,-11.45))
;
#50610=DIRECTION('',(0.,0.,1.));
#50620=VECTOR('',#50610,1.);
#50630=LINE('',#50600,#50620);
#50640=CARTESIAN_POINT('',(-0.125000000000001,-16.2499999999998,
-3.5000000000002));
#50650=VERTEX_POINT('',#50640);
#50660=EDGE_CURVE('',#50650,#31510,#50630,.T.);
#50670=ORIENTED_EDGE('',*,*,#50660,.T.);
#50680=CARTESIAN_POINT('',(-0.125000000000001,-15.9999999999998,
-3.5000000000002));
#50690=DIRECTION('',(0.,-1.,0.));
#50700=VECTOR('',#50690,1.);
#50710=LINE('',#50680,#50700);
#50720=CARTESIAN_POINT('',(-0.125000000000001,-15.7499999999998,
-3.5000000000002));
#50730=VERTEX_POINT('',#50720);
#50740=EDGE_CURVE('',#50730,#50650,#50710,.T.);
#50750=ORIENTED_EDGE('',*,*,#50740,.T.);
#50760=CARTESIAN_POINT('',(-0.125000000000001,-15.7499999999998,-11.45))
;
#50770=DIRECTION('',(0.,0.,-1.));
#50780=VECTOR('',#50770,1.);
#50790=LINE('',#50760,#50780);
#50800=EDGE_CURVE('',#31330,#50730,#50790,.T.);
#50810=ORIENTED_EDGE('',*,*,#50800,.T.);
#50820=EDGE_LOOP('',(#50810,#50750,#50670,#50590));
#50830=FACE_OUTER_BOUND('',#50820,.T.);
#50840=ADVANCED_FACE('',(#50830),#50580,.F.);
#50850=COLOUR_RGB('',0.749019622802734,0.749019622802734,
0.749019622802734);
#50860=FILL_AREA_STYLE_COLOUR('',#50850);
#50870=FILL_AREA_STYLE('',(#50860));
#50880=SURFACE_STYLE_FILL_AREA(#50870);
#50890=SURFACE_SIDE_STYLE('',(#50880));
#50900=SURFACE_STYLE_USAGE(.BOTH.,#50890);
#50910=PRESENTATION_STYLE_ASSIGNMENT((#50900));
#50920=CARTESIAN_POINT('',(0.124999999999999,-16.2499999999998,-8.1));
#50930=DIRECTION('',(0.,1.,0.));
#50940=DIRECTION('',(0.,0.,1.));
#50950=AXIS2_PLACEMENT_3D('',#50920,#50930,#50940);
#50960=PLANE('',#50950);
#50970=CARTESIAN_POINT('',(0.124999999999999,-16.2499999999998,-11.45));
#50980=DIRECTION('',(0.,0.,-1.));
#50990=VECTOR('',#50980,1.);
#51000=LINE('',#50970,#50990);
#51010=CARTESIAN_POINT('',(0.124999999999999,-16.2499999999998,
-3.5000000000002));
#51020=VERTEX_POINT('',#51010);
#51030=EDGE_CURVE('',#31430,#51020,#51000,.T.);
#51040=ORIENTED_EDGE('',*,*,#51030,.F.);
#51050=CARTESIAN_POINT('',(-1.4432899320127E-15,-16.2499999999998,
-3.5000000000002));
#51060=DIRECTION('',(1.,0.,0.));
#51070=VECTOR('',#51060,1.);
#51080=LINE('',#51050,#51070);
#51090=EDGE_CURVE('',#50650,#51020,#51080,.T.);
#51100=ORIENTED_EDGE('',*,*,#51090,.T.);
#51110=ORIENTED_EDGE('',*,*,#50660,.F.);
#51120=ORIENTED_EDGE('',*,*,#31520,.T.);
#51130=EDGE_LOOP('',(#51120,#51110,#51100,#51040));
#51140=FACE_OUTER_BOUND('',#51130,.T.);
#51150=ADVANCED_FACE('',(#51140),#50960,.F.);
#51160=COLOUR_RGB('',0.749019622802734,0.749019622802734,
0.749019622802734);
#51170=FILL_AREA_STYLE_COLOUR('',#51160);
#51180=FILL_AREA_STYLE('',(#51170));
#51190=SURFACE_STYLE_FILL_AREA(#51180);
#51200=SURFACE_SIDE_STYLE('',(#51190));
#51210=SURFACE_STYLE_USAGE(.BOTH.,#51200);
#51220=PRESENTATION_STYLE_ASSIGNMENT((#51210));
#51230=CARTESIAN_POINT('',(0.124999999999999,-16.5999999999998,-8.1));
#51240=DIRECTION('',(1.,0.,0.));
#51250=DIRECTION('',(0.,1.,0.));
#51260=AXIS2_PLACEMENT_3D('',#51230,#51240,#51250);
#51270=PLANE('',#51260);
#51280=ORIENTED_EDGE('',*,*,#51030,.T.);
#51290=ORIENTED_EDGE('',*,*,#31440,.F.);
#51300=CARTESIAN_POINT('',(0.124999999999999,-15.7499999999998,-11.45));
#51310=DIRECTION('',(0.,0.,1.));
#51320=VECTOR('',#51310,1.);
#51330=LINE('',#51300,#51320);
#51340=CARTESIAN_POINT('',(0.124999999999999,-15.7499999999998,
-3.5000000000002));
#51350=VERTEX_POINT('',#51340);
#51360=EDGE_CURVE('',#51350,#31350,#51330,.T.);
#51370=ORIENTED_EDGE('',*,*,#51360,.T.);
#51380=CARTESIAN_POINT('',(0.124999999999999,-15.9999999999998,
-3.5000000000002));
#51390=DIRECTION('',(0.,-1.,0.));
#51400=VECTOR('',#51390,1.);
#51410=LINE('',#51380,#51400);
#51420=EDGE_CURVE('',#51350,#51020,#51410,.T.);
#51430=ORIENTED_EDGE('',*,*,#51420,.F.);
#51440=EDGE_LOOP('',(#51430,#51370,#51290,#51280));
#51450=FACE_OUTER_BOUND('',#51440,.T.);
#51460=ADVANCED_FACE('',(#51450),#51270,.T.);
#51470=COLOUR_RGB('',0.749019622802734,0.749019622802734,
0.749019622802734);
#51480=FILL_AREA_STYLE_COLOUR('',#51470);
#51490=FILL_AREA_STYLE('',(#51480));
#51500=SURFACE_STYLE_FILL_AREA(#51490);
#51510=SURFACE_SIDE_STYLE('',(#51500));
#51520=SURFACE_STYLE_USAGE(.BOTH.,#51510);
#51530=PRESENTATION_STYLE_ASSIGNMENT((#51520));
#51540=CARTESIAN_POINT('',(-24.0524019114855,-23.0852631578684,
-3.5000000000002));
#51550=DIRECTION('',(0.,0.,1.));
#51560=DIRECTION('',(1.,0.,0.));
#51570=AXIS2_PLACEMENT_3D('',#51540,#51550,#51560);
#51580=PLANE('',#51570);
#51590=CARTESIAN_POINT('',(-1.4432899320127E-15,-15.7499999999998,
-3.5000000000002));
#51600=DIRECTION('',(-1.,0.,0.));
#51610=VECTOR('',#51600,1.);
#51620=LINE('',#51590,#51610);
#51630=EDGE_CURVE('',#51350,#50730,#51620,.T.);
#51640=ORIENTED_EDGE('',*,*,#51630,.F.);
#51650=ORIENTED_EDGE('',*,*,#50740,.F.);
#51660=ORIENTED_EDGE('',*,*,#51090,.F.);
#51670=ORIENTED_EDGE('',*,*,#51420,.T.);
#51680=EDGE_LOOP('',(#51670,#51660,#51650,#51640));
#51690=FACE_OUTER_BOUND('',#51680,.T.);
#51700=ADVANCED_FACE('',(#51690),#51580,.F.);
#51710=COLOUR_RGB('',0.749019622802734,0.749019622802734,
0.749019622802734);
#51720=FILL_AREA_STYLE_COLOUR('',#51710);
#51730=FILL_AREA_STYLE('',(#51720));
#51740=SURFACE_STYLE_FILL_AREA(#51730);
#51750=SURFACE_SIDE_STYLE('',(#51740));
#51760=SURFACE_STYLE_USAGE(.BOTH.,#51750);
#51770=PRESENTATION_STYLE_ASSIGNMENT((#51760));
#51780=CARTESIAN_POINT('',(-0.125000000000001,-15.7499999999998,-8.1));
#51790=DIRECTION('',(0.,-1.,0.));
#51800=DIRECTION('',(0.,0.,-1.));
#51810=AXIS2_PLACEMENT_3D('',#51780,#51790,#51800);
#51820=PLANE('',#51810);
#51830=ORIENTED_EDGE('',*,*,#50800,.F.);
#51840=ORIENTED_EDGE('',*,*,#51630,.T.);
#51850=ORIENTED_EDGE('',*,*,#51360,.F.);
#51860=ORIENTED_EDGE('',*,*,#31360,.T.);
#51870=EDGE_LOOP('',(#51860,#51850,#51840,#51830));
#51880=FACE_OUTER_BOUND('',#51870,.T.);
#51890=ADVANCED_FACE('',(#51880),#51820,.F.);
#51900=COLOUR_RGB('',0.749019622802734,0.749019622802734,
0.749019622802734);
#51910=FILL_AREA_STYLE_COLOUR('',#51900);
#51920=FILL_AREA_STYLE('',(#51910));
#51930=SURFACE_STYLE_FILL_AREA(#51920);
#51940=SURFACE_SIDE_STYLE('',(#51930));
#51950=SURFACE_STYLE_USAGE(.BOTH.,#51940);
#51960=PRESENTATION_STYLE_ASSIGNMENT((#51950));
#51970=CARTESIAN_POINT('',(-0.125000000000001,-19.1399999999998,-8.1));
#51980=DIRECTION('',(1.,0.,0.));
#51990=DIRECTION('',(0.,1.,0.));
#52000=AXIS2_PLACEMENT_3D('',#51970,#51980,#51990);
#52010=PLANE('',#52000);
#52020=ORIENTED_EDGE('',*,*,#29970,.T.);
#52030=CARTESIAN_POINT('',(-0.125000000000001,-18.7899999999998,-11.45))
;
#52040=DIRECTION('',(0.,0.,1.));
#52050=VECTOR('',#52040,1.);
#52060=LINE('',#52030,#52050);
#52070=CARTESIAN_POINT('',(-0.125000000000001,-18.7899999999998,
-3.5000000000002));
#52080=VERTEX_POINT('',#52070);
#52090=EDGE_CURVE('',#52080,#29900,#52060,.T.);
#52100=ORIENTED_EDGE('',*,*,#52090,.T.);
#52110=CARTESIAN_POINT('',(-0.125000000000001,-18.5399999999998,
-3.5000000000002));
#52120=DIRECTION('',(0.,-1.,0.));
#52130=VECTOR('',#52120,1.);
#52140=LINE('',#52110,#52130);
#52150=EDGE_CURVE('',#18560,#52080,#52140,.T.);
#52160=ORIENTED_EDGE('',*,*,#52150,.T.);
#52170=ORIENTED_EDGE('',*,*,#18570,.T.);
#52180=EDGE_LOOP('',(#52170,#52160,#52100,#52020));
#52190=FACE_OUTER_BOUND('',#52180,.T.);
#52200=ADVANCED_FACE('',(#52190),#52010,.F.);
#52210=COLOUR_RGB('',0.749019622802734,0.749019622802734,
0.749019622802734);
#52220=FILL_AREA_STYLE_COLOUR('',#52210);
#52230=FILL_AREA_STYLE('',(#52220));
#52240=SURFACE_STYLE_FILL_AREA(#52230);
#52250=SURFACE_SIDE_STYLE('',(#52240));
#52260=SURFACE_STYLE_USAGE(.BOTH.,#52250);
#52270=PRESENTATION_STYLE_ASSIGNMENT((#52260));
#52280=CARTESIAN_POINT('',(0.124999999999999,-18.7899999999998,-8.1));
#52290=DIRECTION('',(0.,1.,0.));
#52300=DIRECTION('',(0.,0.,1.));
#52310=AXIS2_PLACEMENT_3D('',#52280,#52290,#52300);
#52320=PLANE('',#52310);
#52330=CARTESIAN_POINT('',(0.124999999999999,-18.7899999999998,-11.45));
#52340=DIRECTION('',(0.,0.,-1.));
#52350=VECTOR('',#52340,1.);
#52360=LINE('',#52330,#52350);
#52370=CARTESIAN_POINT('',(0.124999999999999,-18.7899999999998,
-3.5000000000002));
#52380=VERTEX_POINT('',#52370);
#52390=EDGE_CURVE('',#29820,#52380,#52360,.T.);
#52400=ORIENTED_EDGE('',*,*,#52390,.F.);
#52410=CARTESIAN_POINT('',(-1.4432899320127E-15,-18.7899999999998,
-3.5000000000002));
#52420=DIRECTION('',(1.,0.,0.));
#52430=VECTOR('',#52420,1.);
#52440=LINE('',#52410,#52430);
#52450=EDGE_CURVE('',#52080,#52380,#52440,.T.);
#52460=ORIENTED_EDGE('',*,*,#52450,.T.);
#52470=ORIENTED_EDGE('',*,*,#52090,.F.);
#52480=ORIENTED_EDGE('',*,*,#29910,.T.);
#52490=EDGE_LOOP('',(#52480,#52470,#52460,#52400));
#52500=FACE_OUTER_BOUND('',#52490,.T.);
#52510=ADVANCED_FACE('',(#52500),#52320,.F.);
#52520=COLOUR_RGB('',0.749019622802734,0.749019622802734,
0.749019622802734);
#52530=FILL_AREA_STYLE_COLOUR('',#52520);
#52540=FILL_AREA_STYLE('',(#52530));
#52550=SURFACE_STYLE_FILL_AREA(#52540);
#52560=SURFACE_SIDE_STYLE('',(#52550));
#52570=SURFACE_STYLE_USAGE(.BOTH.,#52560);
#52580=PRESENTATION_STYLE_ASSIGNMENT((#52570));
#52590=CARTESIAN_POINT('',(0.124999999999999,-19.1399999999998,-8.1));
#52600=DIRECTION('',(1.,0.,0.));
#52610=DIRECTION('',(0.,1.,0.));
#52620=AXIS2_PLACEMENT_3D('',#52590,#52600,#52610);
#52630=PLANE('',#52620);
#52640=ORIENTED_EDGE('',*,*,#52390,.T.);
#52650=ORIENTED_EDGE('',*,*,#29830,.F.);
#52660=ORIENTED_EDGE('',*,*,#18730,.T.);
#52670=CARTESIAN_POINT('',(0.124999999999999,-18.5399999999998,
-3.5000000000002));
#52680=DIRECTION('',(0.,-1.,0.));
#52690=VECTOR('',#52680,1.);
#52700=LINE('',#52670,#52690);
#52710=EDGE_CURVE('',#18640,#52380,#52700,.T.);
#52720=ORIENTED_EDGE('',*,*,#52710,.F.);
#52730=EDGE_LOOP('',(#52720,#52660,#52650,#52640));
#52740=FACE_OUTER_BOUND('',#52730,.T.);
#52750=ADVANCED_FACE('',(#52740),#52630,.T.);
#52760=COLOUR_RGB('',0.749019622802734,0.749019622802734,
0.749019622802734);
#52770=FILL_AREA_STYLE_COLOUR('',#52760);
#52780=FILL_AREA_STYLE('',(#52770));
#52790=SURFACE_STYLE_FILL_AREA(#52780);
#52800=SURFACE_SIDE_STYLE('',(#52790));
#52810=SURFACE_STYLE_USAGE(.BOTH.,#52800);
#52820=PRESENTATION_STYLE_ASSIGNMENT((#52810));
#52830=CARTESIAN_POINT('',(-24.0524019114855,-25.6252631578684,
-3.5000000000002));
#52840=DIRECTION('',(0.,0.,1.));
#52850=DIRECTION('',(1.,0.,0.));
#52860=AXIS2_PLACEMENT_3D('',#52830,#52840,#52850);
#52870=PLANE('',#52860);
#52880=ORIENTED_EDGE('',*,*,#18650,.F.);
#52890=ORIENTED_EDGE('',*,*,#52150,.F.);
#52900=ORIENTED_EDGE('',*,*,#52450,.F.);
#52910=ORIENTED_EDGE('',*,*,#52710,.T.);
#52920=EDGE_LOOP('',(#52910,#52900,#52890,#52880));
#52930=FACE_OUTER_BOUND('',#52920,.T.);
#52940=ADVANCED_FACE('',(#52930),#52870,.F.);
#52950=COLOUR_RGB('',0.749019622802734,0.749019622802734,
0.749019622802734);
#52960=FILL_AREA_STYLE_COLOUR('',#52950);
#52970=FILL_AREA_STYLE('',(#52960));
#52980=SURFACE_STYLE_FILL_AREA(#52970);
#52990=SURFACE_SIDE_STYLE('',(#52980));
#53000=SURFACE_STYLE_USAGE(.BOTH.,#52990);
#53010=PRESENTATION_STYLE_ASSIGNMENT((#53000));
#53020=CARTESIAN_POINT('',(-16.5,16.5,-8.3));
#53030=DIRECTION('',(0.,0.,1.));
#53040=DIRECTION('',(-1.,0.,0.));
#53050=AXIS2_PLACEMENT_3D('',#53020,#53030,#53040);
#53060=CYLINDRICAL_SURFACE('',#53050,1.6);
#53070=ORIENTED_EDGE('',*,*,#38620,.T.);
#53080=ORIENTED_EDGE('',*,*,#32420,.F.);
#53090=ORIENTED_EDGE('',*,*,#37210,.F.);
#53100=CARTESIAN_POINT('',(-16.5,18.1,-8.3));
#53110=DIRECTION('',(0.,0.,1.));
#53120=VECTOR('',#53110,1.);
#53130=LINE('',#53100,#53120);
#53140=EDGE_CURVE('',#38610,#37130,#53130,.T.);
#53150=ORIENTED_EDGE('',*,*,#53140,.T.);
#53160=EDGE_LOOP('',(#53150,#53090,#53080,#53070));
#53170=FACE_OUTER_BOUND('',#53160,.T.);
#53180=ADVANCED_FACE('',(#53170),#53060,.F.);
#53190=COLOUR_RGB('',0.,0.,1.);
#53200=FILL_AREA_STYLE_COLOUR('',#53190);
#53210=FILL_AREA_STYLE('',(#53200));
#53220=SURFACE_STYLE_FILL_AREA(#53210);
#53230=SURFACE_SIDE_STYLE('',(#53220));
#53240=SURFACE_STYLE_USAGE(.BOTH.,#53230);
#53250=PRESENTATION_STYLE_ASSIGNMENT((#53240));
#53260=CARTESIAN_POINT('',(19.554187103,-19.559462056,-0.5));
#53270=DIRECTION('',(0.,0.,-1.));
#53280=DIRECTION('',(-1.,0.,0.));
#53290=AXIS2_PLACEMENT_3D('',#53260,#53270,#53280);
#53300=PLANE('',#53290);
#53310=CARTESIAN_POINT('',(16.5,-16.5,-0.500000000000001));
#53320=DIRECTION('',(0.,0.,-1.));
#53330=DIRECTION('',(-1.,0.,0.));
#53340=AXIS2_PLACEMENT_3D('',#53310,#53320,#53330);
#53350=CIRCLE('',#53340,3.);
#53360=CARTESIAN_POINT('',(19.5,-16.5,-0.500000000000001));
#53370=VERTEX_POINT('',#53360);
#53380=EDGE_CURVE('',#53370,#3830,#53350,.T.);
#53390=ORIENTED_EDGE('',*,*,#53380,.T.);
#53400=CARTESIAN_POINT('',(0.,-16.5,-0.5));
#53410=DIRECTION('',(-1.,0.,0.));
#53420=VECTOR('',#53410,1.);
#53430=LINE('',#53400,#53420);
#53440=EDGE_CURVE('',#53370,#780,#53430,.T.);
#53450=ORIENTED_EDGE('',*,*,#53440,.F.);
#53460=ORIENTED_EDGE('',*,*,#790,.F.);
#53470=ORIENTED_EDGE('',*,*,#3840,.F.);
#53480=EDGE_LOOP('',(#53470,#53460,#53450,#53390));
#53490=FACE_OUTER_BOUND('',#53480,.T.);
#53500=ADVANCED_FACE('',(#53490),#53300,.T.);
#53510=COLOUR_RGB('',0.,0.,1.);
#53520=FILL_AREA_STYLE_COLOUR('',#53510);
#53530=FILL_AREA_STYLE('',(#53520));
#53540=SURFACE_STYLE_FILL_AREA(#53530);
#53550=SURFACE_SIDE_STYLE('',(#53540));
#53560=SURFACE_STYLE_USAGE(.BOTH.,#53550);
#53570=PRESENTATION_STYLE_ASSIGNMENT((#53560));
#53580=CARTESIAN_POINT('',(-16.5,21.5093841783121,0.));
#53590=DIRECTION('',(-1.,0.,0.));
#53600=DIRECTION('',(0.,-1.,0.));
#53610=AXIS2_PLACEMENT_3D('',#53580,#53590,#53600);
#53620=PLANE('',#53610);
#53630=ORIENTED_EDGE('',*,*,#37140,.T.);
#53640=CARTESIAN_POINT('',(-16.5,19.5,2.5));
#53650=DIRECTION('',(0.,0.,-1.));
#53660=VECTOR('',#53650,1.);
#53670=LINE('',#53640,#53660);
#53680=EDGE_CURVE('',#37050,#38690,#53670,.T.);
#53690=ORIENTED_EDGE('',*,*,#53680,.F.);
#53700=ORIENTED_EDGE('',*,*,#38700,.T.);
#53710=ORIENTED_EDGE('',*,*,#53140,.F.);
#53720=EDGE_LOOP('',(#53710,#53700,#53690,#53630));
#53730=FACE_OUTER_BOUND('',#53720,.T.);
#53740=ADVANCED_FACE('',(#53730),#53620,.F.);
#53750=CARTESIAN_POINT('',(16.5,-16.5,0.));
#53760=DIRECTION('',(0.,-1.,0.));
#53770=DIRECTION('',(1.,0.,0.));
#53780=AXIS2_PLACEMENT_3D('',#53750,#53760,#53770);
#53790=PLANE('',#53780);
#53800=CARTESIAN_POINT('',(19.5,-16.5,2.5));
#53810=DIRECTION('',(0.,0.,-1.));
#53820=VECTOR('',#53810,1.);
#53830=LINE('',#53800,#53820);
#53840=EDGE_CURVE('',#37610,#53370,#53830,.T.);
#53850=ORIENTED_EDGE('',*,*,#53840,.T.);
#53860=ORIENTED_EDGE('',*,*,#37620,.F.);
#53870=ORIENTED_EDGE('',*,*,#850,.T.);
#53880=ORIENTED_EDGE('',*,*,#53440,.T.);
#53890=EDGE_LOOP('',(#53880,#53870,#53860,#53850));
#53900=FACE_OUTER_BOUND('',#53890,.T.);
#53910=ADVANCED_FACE('',(#53900),#53790,.F.);
#53920=CARTESIAN_POINT('',(16.5,-16.5,2.5));
#53930=DIRECTION('',(0.,0.,-1.));
#53940=DIRECTION('',(-1.,0.,0.));
#53950=AXIS2_PLACEMENT_3D('',#53920,#53930,#53940);
#53960=CYLINDRICAL_SURFACE('',#53950,3.);
#53970=ORIENTED_EDGE('',*,*,#13090,.F.);
#53980=ORIENTED_EDGE('',*,*,#37640,.T.);
#53990=EDGE_CURVE('',#42850,#37610,#53830,.T.);
#54000=ORIENTED_EDGE('',*,*,#53990,.T.);
#54010=ORIENTED_EDGE('',*,*,#42950,.F.);
#54020=EDGE_LOOP('',(#54010,#54000,#53980,#53970));
#54030=FACE_OUTER_BOUND('',#54020,.T.);
#54040=ADVANCED_FACE('',(#54030),#53960,.T.);
#54050=COLOUR_RGB('',0.,0.,1.);
#54060=FILL_AREA_STYLE_COLOUR('',#54050);
#54070=FILL_AREA_STYLE('',(#54060));
#54080=SURFACE_STYLE_FILL_AREA(#54070);
#54090=SURFACE_SIDE_STYLE('',(#54080));
#54100=SURFACE_STYLE_USAGE(.BOTH.,#54090);
#54110=PRESENTATION_STYLE_ASSIGNMENT((#54100));
#54120=CARTESIAN_POINT('',(16.5,16.5,0.));
#54130=DIRECTION('',(0.,0.,-1.));
#54140=DIRECTION('',(-1.,0.,0.));
#54150=AXIS2_PLACEMENT_3D('',#54120,#54130,#54140);
#54160=CYLINDRICAL_SURFACE('',#54150,1.6);
#54170=ORIENTED_EDGE('',*,*,#38120,.T.);
#54180=ORIENTED_EDGE('',*,*,#2810,.T.);
#54190=ORIENTED_EDGE('',*,*,#36910,.F.);
#54200=ORIENTED_EDGE('',*,*,#26150,.F.);
#54210=EDGE_LOOP('',(#54200,#54190,#54180,#54170));
#54220=FACE_OUTER_BOUND('',#54210,.T.);
#54230=ADVANCED_FACE('',(#54220),#54160,.F.);
#54240=CARTESIAN_POINT('',(16.5,-16.5,-3.5));
#54250=DIRECTION('',(0.,0.,-1.));
#54260=DIRECTION('',(-1.,0.,0.));
#54270=AXIS2_PLACEMENT_3D('',#54240,#54250,#54260);
#54280=PLANE('',#54270);
#54290=CARTESIAN_POINT('',(-16.5,-16.5,-3.5));
#54300=DIRECTION('',(0.,0.,-1.));
#54310=DIRECTION('',(-1.,0.,0.));
#54320=AXIS2_PLACEMENT_3D('',#54290,#54300,#54310);
#54330=CIRCLE('',#54320,0.5);
#54340=CARTESIAN_POINT('',(-17.,-16.5,-3.5));
#54350=VERTEX_POINT('',#54340);
#54360=CARTESIAN_POINT('',(-16.,-16.5,-3.5));
#54370=VERTEX_POINT('',#54360);
#54380=EDGE_CURVE('',#54350,#54370,#54330,.T.);
#54390=ORIENTED_EDGE('',*,*,#54380,.T.);
#54400=EDGE_CURVE('',#54370,#54350,#54330,.T.);
#54410=ORIENTED_EDGE('',*,*,#54400,.T.);
#54420=EDGE_LOOP('',(#54410,#54390));
#54430=FACE_OUTER_BOUND('',#54420,.T.);
#54440=ADVANCED_FACE('',(#54430),#54280,.T.);
#54450=COLOUR_RGB('',1.,1.,1.);
#54460=FILL_AREA_STYLE_COLOUR('',#54450);
#54470=FILL_AREA_STYLE('',(#54460));
#54480=SURFACE_STYLE_FILL_AREA(#54470);
#54490=SURFACE_SIDE_STYLE('',(#54480));
#54500=SURFACE_STYLE_USAGE(.BOTH.,#54490);
#54510=PRESENTATION_STYLE_ASSIGNMENT((#54500));
#54520=CARTESIAN_POINT('',(-16.5,-16.5,0.));
#54530=DIRECTION('',(0.,0.,-1.));
#54540=DIRECTION('',(-1.,0.,0.));
#54550=AXIS2_PLACEMENT_3D('',#54520,#54530,#54540);
#54560=CYLINDRICAL_SURFACE('',#54550,0.5);
#54570=CARTESIAN_POINT('',(-17.,-16.5,0.));
#54580=DIRECTION('',(0.,0.,-1.));
#54590=VECTOR('',#54580,1.);
#54600=LINE('',#54570,#54590);
#54610=EDGE_CURVE('',#36700,#54350,#54600,.T.);
#54620=ORIENTED_EDGE('',*,*,#54610,.T.);
#54630=ORIENTED_EDGE('',*,*,#36750,.T.);
#54640=CARTESIAN_POINT('',(-16.,-16.5,0.));
#54650=DIRECTION('',(0.,0.,-1.));
#54660=VECTOR('',#54650,1.);
#54670=LINE('',#54640,#54660);
#54680=EDGE_CURVE('',#36720,#54370,#54670,.T.);
#54690=ORIENTED_EDGE('',*,*,#54680,.F.);
#54700=ORIENTED_EDGE('',*,*,#54400,.F.);
#54710=EDGE_LOOP('',(#54700,#54690,#54630,#54620));
#54720=FACE_OUTER_BOUND('',#54710,.T.);
#54730=ADVANCED_FACE('',(#54720),#54560,.T.);
#54740=COLOUR_RGB('',1.,1.,1.);
#54750=FILL_AREA_STYLE_COLOUR('',#54740);
#54760=FILL_AREA_STYLE('',(#54750));
#54770=SURFACE_STYLE_FILL_AREA(#54760);
#54780=SURFACE_SIDE_STYLE('',(#54770));
#54790=SURFACE_STYLE_USAGE(.BOTH.,#54780);
#54800=PRESENTATION_STYLE_ASSIGNMENT((#54790));
#54810=CARTESIAN_POINT('',(16.5,-16.5,-3.5));
#54820=DIRECTION('',(0.,0.,-1.));
#54830=DIRECTION('',(-1.,0.,0.));
#54840=AXIS2_PLACEMENT_3D('',#54810,#54820,#54830);
#54850=PLANE('',#54840);
#54860=CARTESIAN_POINT('',(16.5,-16.5,-3.5));
#54870=DIRECTION('',(0.,0.,-1.));
#54880=DIRECTION('',(-1.,0.,0.));
#54890=AXIS2_PLACEMENT_3D('',#54860,#54870,#54880);
#54900=CIRCLE('',#54890,0.5);
#54910=CARTESIAN_POINT('',(16.,-16.5,-3.5));
#54920=VERTEX_POINT('',#54910);
#54930=CARTESIAN_POINT('',(17.,-16.5,-3.5));
#54940=VERTEX_POINT('',#54930);
#54950=EDGE_CURVE('',#54920,#54940,#54900,.T.);
#54960=ORIENTED_EDGE('',*,*,#54950,.T.);
#54970=EDGE_CURVE('',#54940,#54920,#54900,.T.);
#54980=ORIENTED_EDGE('',*,*,#54970,.T.);
#54990=EDGE_LOOP('',(#54980,#54960));
#55000=FACE_OUTER_BOUND('',#54990,.T.);
#55010=ADVANCED_FACE('',(#55000),#54850,.T.);
#55020=COLOUR_RGB('',1.,1.,1.);
#55030=FILL_AREA_STYLE_COLOUR('',#55020);
#55040=FILL_AREA_STYLE('',(#55030));
#55050=SURFACE_STYLE_FILL_AREA(#55040);
#55060=SURFACE_SIDE_STYLE('',(#55050));
#55070=SURFACE_STYLE_USAGE(.BOTH.,#55060);
#55080=PRESENTATION_STYLE_ASSIGNMENT((#55070));
#55090=CARTESIAN_POINT('',(16.5,-16.5,0.));
#55100=DIRECTION('',(0.,0.,-1.));
#55110=DIRECTION('',(-1.,0.,0.));
#55120=AXIS2_PLACEMENT_3D('',#55090,#55100,#55110);
#55130=CYLINDRICAL_SURFACE('',#55120,0.5);
#55140=CARTESIAN_POINT('',(16.,-16.5,0.));
#55150=DIRECTION('',(0.,0.,-1.));
#55160=VECTOR('',#55150,1.);
#55170=LINE('',#55140,#55160);
#55180=EDGE_CURVE('',#36130,#54920,#55170,.T.);
#55190=ORIENTED_EDGE('',*,*,#55180,.T.);
#55200=ORIENTED_EDGE('',*,*,#36180,.T.);
#55210=CARTESIAN_POINT('',(17.,-16.5,0.));
#55220=DIRECTION('',(0.,0.,-1.));
#55230=VECTOR('',#55220,1.);
#55240=LINE('',#55210,#55230);
#55250=EDGE_CURVE('',#36150,#54940,#55240,.T.);
#55260=ORIENTED_EDGE('',*,*,#55250,.F.);
#55270=ORIENTED_EDGE('',*,*,#54970,.F.);
#55280=EDGE_LOOP('',(#55270,#55260,#55200,#55190));
#55290=FACE_OUTER_BOUND('',#55280,.T.);
#55300=ADVANCED_FACE('',(#55290),#55130,.T.);
#55310=COLOUR_RGB('',1.,1.,1.);
#55320=FILL_AREA_STYLE_COLOUR('',#55310);
#55330=FILL_AREA_STYLE('',(#55320));
#55340=SURFACE_STYLE_FILL_AREA(#55330);
#55350=SURFACE_SIDE_STYLE('',(#55340));
#55360=SURFACE_STYLE_USAGE(.BOTH.,#55350);
#55370=PRESENTATION_STYLE_ASSIGNMENT((#55360));
#55380=CARTESIAN_POINT('',(16.5,-16.5,-3.5));
#55390=DIRECTION('',(0.,0.,-1.));
#55400=DIRECTION('',(-1.,0.,0.));
#55410=AXIS2_PLACEMENT_3D('',#55380,#55390,#55400);
#55420=PLANE('',#55410);
#55430=CARTESIAN_POINT('',(-16.5,16.5,-3.5));
#55440=DIRECTION('',(0.,0.,-1.));
#55450=DIRECTION('',(-1.,0.,0.));
#55460=AXIS2_PLACEMENT_3D('',#55430,#55440,#55450);
#55470=CIRCLE('',#55460,0.5);
#55480=CARTESIAN_POINT('',(-17.,16.5,-3.5));
#55490=VERTEX_POINT('',#55480);
#55500=CARTESIAN_POINT('',(-16.,16.5,-3.5));
#55510=VERTEX_POINT('',#55500);
#55520=EDGE_CURVE('',#55490,#55510,#55470,.T.);
#55530=ORIENTED_EDGE('',*,*,#55520,.T.);
#55540=EDGE_CURVE('',#55510,#55490,#55470,.T.);
#55550=ORIENTED_EDGE('',*,*,#55540,.T.);
#55560=EDGE_LOOP('',(#55550,#55530));
#55570=FACE_OUTER_BOUND('',#55560,.T.);
#55580=ADVANCED_FACE('',(#55570),#55420,.T.);
#55590=COLOUR_RGB('',1.,1.,1.);
#55600=FILL_AREA_STYLE_COLOUR('',#55590);
#55610=FILL_AREA_STYLE('',(#55600));
#55620=SURFACE_STYLE_FILL_AREA(#55610);
#55630=SURFACE_SIDE_STYLE('',(#55620));
#55640=SURFACE_STYLE_USAGE(.BOTH.,#55630);
#55650=PRESENTATION_STYLE_ASSIGNMENT((#55640));
#55660=CARTESIAN_POINT('',(-16.5,16.5,0.));
#55670=DIRECTION('',(0.,0.,-1.));
#55680=DIRECTION('',(-1.,0.,0.));
#55690=AXIS2_PLACEMENT_3D('',#55660,#55670,#55680);
#55700=CYLINDRICAL_SURFACE('',#55690,0.5);
#55710=CARTESIAN_POINT('',(-17.,16.5,0.));
#55720=DIRECTION('',(0.,0.,-1.));
#55730=VECTOR('',#55720,1.);
#55740=LINE('',#55710,#55730);
#55750=EDGE_CURVE('',#36280,#55490,#55740,.T.);
#55760=ORIENTED_EDGE('',*,*,#55750,.T.);
#55770=ORIENTED_EDGE('',*,*,#36330,.T.);
#55780=CARTESIAN_POINT('',(-16.,16.5,0.));
#55790=DIRECTION('',(0.,0.,-1.));
#55800=VECTOR('',#55790,1.);
#55810=LINE('',#55780,#55800);
#55820=EDGE_CURVE('',#36300,#55510,#55810,.T.);
#55830=ORIENTED_EDGE('',*,*,#55820,.F.);
#55840=ORIENTED_EDGE('',*,*,#55540,.F.);
#55850=EDGE_LOOP('',(#55840,#55830,#55770,#55760));
#55860=FACE_OUTER_BOUND('',#55850,.T.);
#55870=ADVANCED_FACE('',(#55860),#55700,.T.);
#55880=COLOUR_RGB('',1.,1.,1.);
#55890=FILL_AREA_STYLE_COLOUR('',#55880);
#55900=FILL_AREA_STYLE('',(#55890));
#55910=SURFACE_STYLE_FILL_AREA(#55900);
#55920=SURFACE_SIDE_STYLE('',(#55910));
#55930=SURFACE_STYLE_USAGE(.BOTH.,#55920);
#55940=PRESENTATION_STYLE_ASSIGNMENT((#55930));
#55950=CARTESIAN_POINT('',(16.5,-16.5,-3.5));
#55960=DIRECTION('',(0.,0.,-1.));
#55970=DIRECTION('',(-1.,0.,0.));
#55980=AXIS2_PLACEMENT_3D('',#55950,#55960,#55970);
#55990=PLANE('',#55980);
#56000=EDGE_CURVE('',#44410,#44500,#44570,.T.);
#56010=ORIENTED_EDGE('',*,*,#56000,.T.);
#56020=ORIENTED_EDGE('',*,*,#44580,.T.);
#56030=EDGE_LOOP('',(#56020,#56010));
#56040=FACE_OUTER_BOUND('',#56030,.T.);
#56050=ADVANCED_FACE('',(#56040),#55990,.T.);
#56060=COLOUR_RGB('',1.,1.,1.);
#56070=FILL_AREA_STYLE_COLOUR('',#56060);
#56080=FILL_AREA_STYLE('',(#56070));
#56090=SURFACE_STYLE_FILL_AREA(#56080);
#56100=SURFACE_SIDE_STYLE('',(#56090));
#56110=SURFACE_STYLE_USAGE(.BOTH.,#56100);
#56120=PRESENTATION_STYLE_ASSIGNMENT((#56110));
#56130=CARTESIAN_POINT('',(0.,-24.5,0.5));
#56140=DIRECTION('',(-1.,0.,0.));
#56150=DIRECTION('',(0.,1.,0.));
#56160=AXIS2_PLACEMENT_3D('',#56130,#56140,#56150);
#56170=CYLINDRICAL_SURFACE('',#56160,0.5);
#56180=ORIENTED_EDGE('',*,*,#46890,.F.);
#56190=ORIENTED_EDGE('',*,*,#31700,.F.);
#56200=ORIENTED_EDGE('',*,*,#46490,.T.);
#56210=ORIENTED_EDGE('',*,*,#25620,.T.);
#56220=EDGE_LOOP('',(#56210,#56200,#56190,#56180));
#56230=FACE_OUTER_BOUND('',#56220,.T.);
#56240=ADVANCED_FACE('',(#56230),#56170,.F.);
#56250=COLOUR_RGB('',0.,0.,0.);
#56260=FILL_AREA_STYLE_COLOUR('',#56250);
#56270=FILL_AREA_STYLE('',(#56260));
#56280=SURFACE_STYLE_FILL_AREA(#56270);
#56290=SURFACE_SIDE_STYLE('',(#56280));
#56300=SURFACE_STYLE_USAGE(.BOTH.,#56290);
#56310=PRESENTATION_STYLE_ASSIGNMENT((#56300));
#56320=ORIENTED_EDGE('',*,*,#56000,.F.);
#56330=ORIENTED_EDGE('',*,*,#44510,.T.);
#56340=ORIENTED_EDGE('',*,*,#36460,.T.);
#56350=ORIENTED_EDGE('',*,*,#44420,.F.);
#56360=EDGE_LOOP('',(#56350,#56340,#56330,#56320));
#56370=FACE_OUTER_BOUND('',#56360,.T.);
#56380=ADVANCED_FACE('',(#56370),#44350,.T.);
#56390=COLOUR_RGB('',1.,1.,1.);
#56400=FILL_AREA_STYLE_COLOUR('',#56390);
#56410=FILL_AREA_STYLE('',(#56400));
#56420=SURFACE_STYLE_FILL_AREA(#56410);
#56430=SURFACE_SIDE_STYLE('',(#56420));
#56440=SURFACE_STYLE_USAGE(.BOTH.,#56430);
#56450=PRESENTATION_STYLE_ASSIGNMENT((#56440));
#56460=ORIENTED_EDGE('',*,*,#55520,.F.);
#56470=ORIENTED_EDGE('',*,*,#55820,.T.);
#56480=ORIENTED_EDGE('',*,*,#36310,.T.);
#56490=ORIENTED_EDGE('',*,*,#55750,.F.);
#56500=EDGE_LOOP('',(#56490,#56480,#56470,#56460));
#56510=FACE_OUTER_BOUND('',#56500,.T.);
#56520=ADVANCED_FACE('',(#56510),#55700,.T.);
#56530=COLOUR_RGB('',1.,1.,1.);
#56540=FILL_AREA_STYLE_COLOUR('',#56530);
#56550=FILL_AREA_STYLE('',(#56540));
#56560=SURFACE_STYLE_FILL_AREA(#56550);
#56570=SURFACE_SIDE_STYLE('',(#56560));
#56580=SURFACE_STYLE_USAGE(.BOTH.,#56570);
#56590=PRESENTATION_STYLE_ASSIGNMENT((#56580));
#56600=ORIENTED_EDGE('',*,*,#54950,.F.);
#56610=ORIENTED_EDGE('',*,*,#55250,.T.);
#56620=ORIENTED_EDGE('',*,*,#36160,.T.);
#56630=ORIENTED_EDGE('',*,*,#55180,.F.);
#56640=EDGE_LOOP('',(#56630,#56620,#56610,#56600));
#56650=FACE_OUTER_BOUND('',#56640,.T.);
#56660=ADVANCED_FACE('',(#56650),#55130,.T.);
#56670=COLOUR_RGB('',1.,1.,1.);
#56680=FILL_AREA_STYLE_COLOUR('',#56670);
#56690=FILL_AREA_STYLE('',(#56680));
#56700=SURFACE_STYLE_FILL_AREA(#56690);
#56710=SURFACE_SIDE_STYLE('',(#56700));
#56720=SURFACE_STYLE_USAGE(.BOTH.,#56710);
#56730=PRESENTATION_STYLE_ASSIGNMENT((#56720));
#56740=ORIENTED_EDGE('',*,*,#5080,.F.);
#56750=ORIENTED_EDGE('',*,*,#37260,.T.);
#56760=ORIENTED_EDGE('',*,*,#17330,.T.);
#56770=ORIENTED_EDGE('',*,*,#43860,.F.);
#56780=ORIENTED_EDGE('',*,*,#34220,.T.);
#56790=ORIENTED_EDGE('',*,*,#42660,.F.);
#56800=ORIENTED_EDGE('',*,*,#16000,.F.);
#56810=ORIENTED_EDGE('',*,*,#37010,.T.);
#56820=ORIENTED_EDGE('',*,*,#15590,.T.);
#56830=ORIENTED_EDGE('',*,*,#41080,.F.);
#56840=ORIENTED_EDGE('',*,*,#35400,.T.);
#56850=ORIENTED_EDGE('',*,*,#41890,.F.);
#56860=ORIENTED_EDGE('',*,*,#14120,.F.);
#56870=ORIENTED_EDGE('',*,*,#36800,.T.);
#56880=ORIENTED_EDGE('',*,*,#5250,.T.);
#56890=ORIENTED_EDGE('',*,*,#9100,.F.);
#56900=EDGE_LOOP('',(#56890,#56880,#56870,#56860,#56850,#56840,#56830,
#56820,#56810,#56800,#56790,#56780,#56770,#56760,#56750,#56740));
#56910=FACE_OUTER_BOUND('',#56900,.T.);
#56920=ADVANCED_FACE('',(#56910),#4550,.T.);
#56930=COLOUR_RGB('',0.,0.,1.);
#56940=FILL_AREA_STYLE_COLOUR('',#56930);
#56950=FILL_AREA_STYLE('',(#56940));
#56960=SURFACE_STYLE_FILL_AREA(#56950);
#56970=SURFACE_SIDE_STYLE('',(#56960));
#56980=SURFACE_STYLE_USAGE(.BOTH.,#56970);
#56990=PRESENTATION_STYLE_ASSIGNMENT((#56980));
#57000=ORIENTED_EDGE('',*,*,#32280,.F.);
#57010=ORIENTED_EDGE('',*,*,#38770,.F.);
#57020=ORIENTED_EDGE('',*,*,#53680,.T.);
#57030=ORIENTED_EDGE('',*,*,#37060,.T.);
#57040=ORIENTED_EDGE('',*,*,#15840,.T.);
#57050=EDGE_CURVE('',#15810,#16470,#16540,.T.);
#57060=ORIENTED_EDGE('',*,*,#57050,.F.);
#57070=ORIENTED_EDGE('',*,*,#16480,.F.);
#57080=EDGE_LOOP('',(#57070,#57060,#57040,#57030,#57020,#57010,#57000));
#57090=FACE_OUTER_BOUND('',#57080,.T.);
#57100=ADVANCED_FACE('',(#57090),#16220,.T.);
#57110=COLOUR_RGB('',0.,0.,1.);
#57120=FILL_AREA_STYLE_COLOUR('',#57110);
#57130=FILL_AREA_STYLE('',(#57120));
#57140=SURFACE_STYLE_FILL_AREA(#57130);
#57150=SURFACE_SIDE_STYLE('',(#57140));
#57160=SURFACE_STYLE_USAGE(.BOTH.,#57150);
#57170=PRESENTATION_STYLE_ASSIGNMENT((#57160));
#57180=ORIENTED_EDGE('',*,*,#38990,.F.);
#57190=ORIENTED_EDGE('',*,*,#24350,.T.);
#57200=ORIENTED_EDGE('',*,*,#39070,.T.);
#57210=ORIENTED_EDGE('',*,*,#8680,.T.);
#57220=EDGE_LOOP('',(#57210,#57200,#57190,#57180));
#57230=FACE_OUTER_BOUND('',#57220,.T.);
#57240=ADVANCED_FACE('',(#57230),#38940,.F.);
#57250=COLOUR_RGB('',0.,0.,1.);
#57260=FILL_AREA_STYLE_COLOUR('',#57250);
#57270=FILL_AREA_STYLE('',(#57260));
#57280=SURFACE_STYLE_FILL_AREA(#57270);
#57290=SURFACE_SIDE_STYLE('',(#57280));
#57300=SURFACE_STYLE_USAGE(.BOTH.,#57290);
#57310=PRESENTATION_STYLE_ASSIGNMENT((#57300));
#57320=ORIENTED_EDGE('',*,*,#24690,.F.);
#57330=CARTESIAN_POINT('',(12.,-1.77635683940025E-15,0.));
#57340=DIRECTION('',(0.,0.,1.));
#57350=VECTOR('',#57340,1.);
#57360=LINE('',#57330,#57350);
#57370=CARTESIAN_POINT('',(12.,1.77635683940025E-15,0.5));
#57380=VERTEX_POINT('',#57370);
#57390=EDGE_CURVE('',#24660,#57380,#57360,.T.);
#57400=ORIENTED_EDGE('',*,*,#57390,.F.);
#57410=EDGE_CURVE('',#1260,#57380,#1330,.T.);
#57420=ORIENTED_EDGE('',*,*,#57410,.T.);
#57430=ORIENTED_EDGE('',*,*,#1270,.T.);
#57440=EDGE_LOOP('',(#57430,#57420,#57400,#57320));
#57450=FACE_OUTER_BOUND('',#57440,.T.);
#57460=ADVANCED_FACE('',(#57450),#1010,.T.);
#57470=COLOUR_RGB('',0.,0.,1.);
#57480=FILL_AREA_STYLE_COLOUR('',#57470);
#57490=FILL_AREA_STYLE('',(#57480));
#57500=SURFACE_STYLE_FILL_AREA(#57490);
#57510=SURFACE_SIDE_STYLE('',(#57500));
#57520=SURFACE_STYLE_USAGE(.BOTH.,#57510);
#57530=PRESENTATION_STYLE_ASSIGNMENT((#57520));
#57540=ORIENTED_EDGE('',*,*,#24670,.F.);
#57550=ORIENTED_EDGE('',*,*,#34510,.F.);
#57560=EDGE_CURVE('',#57380,#34500,#1330,.T.);
#57570=ORIENTED_EDGE('',*,*,#57560,.T.);
#57580=ORIENTED_EDGE('',*,*,#57390,.T.);
#57590=EDGE_LOOP('',(#57580,#57570,#57550,#57540));
#57600=FACE_OUTER_BOUND('',#57590,.T.);
#57610=ADVANCED_FACE('',(#57600),#1010,.T.);
#57620=COLOUR_RGB('',0.,0.,1.);
#57630=FILL_AREA_STYLE_COLOUR('',#57620);
#57640=FILL_AREA_STYLE('',(#57630));
#57650=SURFACE_STYLE_FILL_AREA(#57640);
#57660=SURFACE_SIDE_STYLE('',(#57650));
#57670=SURFACE_STYLE_USAGE(.BOTH.,#57660);
#57680=PRESENTATION_STYLE_ASSIGNMENT((#57670));
#57690=ORIENTED_EDGE('',*,*,#54380,.F.);
#57700=ORIENTED_EDGE('',*,*,#54680,.T.);
#57710=ORIENTED_EDGE('',*,*,#36730,.T.);
#57720=ORIENTED_EDGE('',*,*,#54610,.F.);
#57730=EDGE_LOOP('',(#57720,#57710,#57700,#57690));
#57740=FACE_OUTER_BOUND('',#57730,.T.);
#57750=ADVANCED_FACE('',(#57740),#54560,.T.);
#57760=COLOUR_RGB('',1.,1.,1.);
#57770=FILL_AREA_STYLE_COLOUR('',#57760);
#57780=FILL_AREA_STYLE('',(#57770));
#57790=SURFACE_STYLE_FILL_AREA(#57780);
#57800=SURFACE_SIDE_STYLE('',(#57790));
#57810=SURFACE_STYLE_USAGE(.BOTH.,#57800);
#57820=PRESENTATION_STYLE_ASSIGNMENT((#57810));
#57830=ORIENTED_EDGE('',*,*,#37300,.T.);
#57840=ORIENTED_EDGE('',*,*,#17580,.T.);
#57850=EDGE_CURVE('',#17550,#18240,#18310,.T.);
#57860=ORIENTED_EDGE('',*,*,#57850,.F.);
#57870=ORIENTED_EDGE('',*,*,#18250,.F.);
#57880=EDGE_LOOP('',(#57870,#57860,#57840,#57830));
#57890=FACE_OUTER_BOUND('',#57880,.T.);
#57900=ADVANCED_FACE('',(#57890),#17870,.T.);
#57910=COLOUR_RGB('',0.,0.,1.);
#57920=FILL_AREA_STYLE_COLOUR('',#57910);
#57930=FILL_AREA_STYLE('',(#57920));
#57940=SURFACE_STYLE_FILL_AREA(#57930);
#57950=SURFACE_SIDE_STYLE('',(#57940));
#57960=SURFACE_STYLE_USAGE(.BOTH.,#57950);
#57970=PRESENTATION_STYLE_ASSIGNMENT((#57960));
#57980=ORIENTED_EDGE('',*,*,#36830,.T.);
#57990=ORIENTED_EDGE('',*,*,#13960,.T.);
#58000=EDGE_CURVE('',#13930,#14460,#14530,.T.);
#58010=ORIENTED_EDGE('',*,*,#58000,.F.);
#58020=ORIENTED_EDGE('',*,*,#14470,.F.);
#58030=EDGE_LOOP('',(#58020,#58010,#57990,#57980));
#58040=FACE_OUTER_BOUND('',#58030,.T.);
#58050=ADVANCED_FACE('',(#58040),#14340,.T.);
#58060=COLOUR_RGB('',0.,0.,1.);
#58070=FILL_AREA_STYLE_COLOUR('',#58060);
#58080=FILL_AREA_STYLE('',(#58070));
#58090=SURFACE_STYLE_FILL_AREA(#58080);
#58100=SURFACE_SIDE_STYLE('',(#58090));
#58110=SURFACE_STYLE_USAGE(.BOTH.,#58100);
#58120=PRESENTATION_STYLE_ASSIGNMENT((#58110));
#58130=ORIENTED_EDGE('',*,*,#53840,.F.);
#58140=ORIENTED_EDGE('',*,*,#53380,.F.);
#58150=ORIENTED_EDGE('',*,*,#3990,.T.);
#58160=ORIENTED_EDGE('',*,*,#37520,.T.);
#58170=ORIENTED_EDGE('',*,*,#2990,.T.);
#58180=EDGE_CURVE('',#2960,#42850,#42940,.T.);
#58190=ORIENTED_EDGE('',*,*,#58180,.F.);
#58200=ORIENTED_EDGE('',*,*,#53990,.F.);
#58210=EDGE_LOOP('',(#58200,#58190,#58170,#58160,#58150,#58140,#58130));
#58220=FACE_OUTER_BOUND('',#58210,.T.);
#58230=ADVANCED_FACE('',(#58220),#53960,.T.);
#58240=COLOUR_RGB('',0.,0.,1.);
#58250=FILL_AREA_STYLE_COLOUR('',#58240);
#58260=FILL_AREA_STYLE('',(#58250));
#58270=SURFACE_STYLE_FILL_AREA(#58260);
#58280=SURFACE_SIDE_STYLE('',(#58270));
#58290=SURFACE_STYLE_USAGE(.BOTH.,#58280);
#58300=PRESENTATION_STYLE_ASSIGNMENT((#58290));
#58310=CARTESIAN_POINT('',(19.,-9.04332910513523E-15,0.5));
#58320=VERTEX_POINT('',#58310);
#58330=EDGE_CURVE('',#58320,#23910,#24080,.T.);
#58340=ORIENTED_EDGE('',*,*,#58330,.T.);
#58350=CARTESIAN_POINT('',(19.,-1.13701580235152E-14,14.5));
#58360=DIRECTION('',(0.,0.,-1.));
#58370=VECTOR('',#58360,1.);
#58380=LINE('',#58350,#58370);
#58390=EDGE_CURVE('',#58320,#36570,#58380,.T.);
#58400=ORIENTED_EDGE('',*,*,#58390,.F.);
#58410=ORIENTED_EDGE('',*,*,#36580,.T.);
#58420=ORIENTED_EDGE('',*,*,#23940,.T.);
#58430=EDGE_LOOP('',(#58420,#58410,#58400,#58340));
#58440=FACE_OUTER_BOUND('',#58430,.T.);
#58450=ADVANCED_FACE('',(#58440),#23850,.F.);
#58460=COLOUR_RGB('',0.,0.,1.);
#58470=FILL_AREA_STYLE_COLOUR('',#58460);
#58480=FILL_AREA_STYLE('',(#58470));
#58490=SURFACE_STYLE_FILL_AREA(#58480);
#58500=SURFACE_SIDE_STYLE('',(#58490));
#58510=SURFACE_STYLE_USAGE(.BOTH.,#58500);
#58520=PRESENTATION_STYLE_ASSIGNMENT((#58510));
#58530=EDGE_CURVE('',#25260,#58320,#24080,.T.);
#58540=ORIENTED_EDGE('',*,*,#58530,.T.);
#58550=ORIENTED_EDGE('',*,*,#25270,.F.);
#58560=ORIENTED_EDGE('',*,*,#36600,.T.);
#58570=ORIENTED_EDGE('',*,*,#58390,.T.);
#58580=EDGE_LOOP('',(#58570,#58560,#58550,#58540));
#58590=FACE_OUTER_BOUND('',#58580,.T.);
#58600=ADVANCED_FACE('',(#58590),#23850,.F.);
#58610=COLOUR_RGB('',0.,0.,1.);
#58620=FILL_AREA_STYLE_COLOUR('',#58610);
#58630=FILL_AREA_STYLE('',(#58620));
#58640=SURFACE_STYLE_FILL_AREA(#58630);
#58650=SURFACE_SIDE_STYLE('',(#58640));
#58660=SURFACE_STYLE_USAGE(.BOTH.,#58650);
#58670=PRESENTATION_STYLE_ASSIGNMENT((#58660));
#58680=ORIENTED_EDGE('',*,*,#58000,.T.);
#58690=ORIENTED_EDGE('',*,*,#42070,.T.);
#58700=ORIENTED_EDGE('',*,*,#35230,.F.);
#58710=ORIENTED_EDGE('',*,*,#43050,.F.);
#58720=EDGE_LOOP('',(#58710,#58700,#58690,#58680));
#58730=FACE_OUTER_BOUND('',#58720,.T.);
#58740=ADVANCED_FACE('',(#58730),#41150,.T.);
#58750=COLOUR_RGB('',0.,0.,1.);
#58760=FILL_AREA_STYLE_COLOUR('',#58750);
#58770=FILL_AREA_STYLE('',(#58760));
#58780=SURFACE_STYLE_FILL_AREA(#58770);
#58790=SURFACE_SIDE_STYLE('',(#58780));
#58800=SURFACE_STYLE_USAGE(.BOTH.,#58790);
#58810=PRESENTATION_STYLE_ASSIGNMENT((#58800));
#58820=ORIENTED_EDGE('',*,*,#57050,.T.);
#58830=ORIENTED_EDGE('',*,*,#42450,.F.);
#58840=ORIENTED_EDGE('',*,*,#34050,.F.);
#58850=ORIENTED_EDGE('',*,*,#43320,.F.);
#58860=EDGE_LOOP('',(#58850,#58840,#58830,#58820));
#58870=FACE_OUTER_BOUND('',#58860,.T.);
#58880=ADVANCED_FACE('',(#58870),#42290,.T.);
#58890=COLOUR_RGB('',0.,0.,1.);
#58900=FILL_AREA_STYLE_COLOUR('',#58890);
#58910=FILL_AREA_STYLE('',(#58900));
#58920=SURFACE_STYLE_FILL_AREA(#58910);
#58930=SURFACE_SIDE_STYLE('',(#58920));
#58940=SURFACE_STYLE_USAGE(.BOTH.,#58930);
#58950=PRESENTATION_STYLE_ASSIGNMENT((#58940));
#58960=ORIENTED_EDGE('',*,*,#57410,.F.);
#58970=CARTESIAN_POINT('',(12.5,1.77635683940025E-15,0.5));
#58980=DIRECTION('',(0.,-1.,0.));
#58990=DIRECTION('',(-1.,0.,0.));
#59000=AXIS2_PLACEMENT_3D('',#58970,#58980,#58990);
#59010=CIRCLE('',#59000,0.5);
#59020=EDGE_CURVE('',#30470,#57380,#59010,.T.);
#59030=ORIENTED_EDGE('',*,*,#59020,.T.);
#59040=ORIENTED_EDGE('',*,*,#30480,.F.);
#59050=ORIENTED_EDGE('',*,*,#47350,.F.);
#59060=EDGE_LOOP('',(#59050,#59040,#59030,#58960));
#59070=FACE_OUTER_BOUND('',#59060,.T.);
#59080=ADVANCED_FACE('',(#59070),#47060,.F.);
#59090=COLOUR_RGB('',0.,0.,0.);
#59100=FILL_AREA_STYLE_COLOUR('',#59090);
#59110=FILL_AREA_STYLE('',(#59100));
#59120=SURFACE_STYLE_FILL_AREA(#59110);
#59130=SURFACE_SIDE_STYLE('',(#59120));
#59140=SURFACE_STYLE_USAGE(.BOTH.,#59130);
#59150=PRESENTATION_STYLE_ASSIGNMENT((#59140));
#59160=ORIENTED_EDGE('',*,*,#57560,.F.);
#59170=ORIENTED_EDGE('',*,*,#47840,.F.);
#59180=ORIENTED_EDGE('',*,*,#30520,.F.);
#59190=ORIENTED_EDGE('',*,*,#59020,.F.);
#59200=EDGE_LOOP('',(#59190,#59180,#59170,#59160));
#59210=FACE_OUTER_BOUND('',#59200,.T.);
#59220=ADVANCED_FACE('',(#59210),#47060,.F.);
#59230=COLOUR_RGB('',0.,0.,0.);
#59240=FILL_AREA_STYLE_COLOUR('',#59230);
#59250=FILL_AREA_STYLE('',(#59240));
#59260=SURFACE_STYLE_FILL_AREA(#59250);
#59270=SURFACE_SIDE_STYLE('',(#59260));
#59280=SURFACE_STYLE_USAGE(.BOTH.,#59270);
#59290=PRESENTATION_STYLE_ASSIGNMENT((#59280));
#59300=ORIENTED_EDGE('',*,*,#57850,.T.);
#59310=ORIENTED_EDGE('',*,*,#44160,.T.);
#59320=ORIENTED_EDGE('',*,*,#29420,.F.);
#59330=ORIENTED_EDGE('',*,*,#34810,.F.);
#59340=EDGE_LOOP('',(#59330,#59320,#59310,#59300));
#59350=FACE_OUTER_BOUND('',#59340,.T.);
#59360=ADVANCED_FACE('',(#59350),#34750,.T.);
#59370=ORIENTED_EDGE('',*,*,#58330,.F.);
#59380=ORIENTED_EDGE('',*,*,#46280,.T.);
#59390=ORIENTED_EDGE('',*,*,#31910,.T.);
#59400=CARTESIAN_POINT('',(18.5,-9.04332910513523E-15,0.5));
#59410=DIRECTION('',(0.,1.,0.));
#59420=DIRECTION('',(1.,0.,0.));
#59430=AXIS2_PLACEMENT_3D('',#59400,#59410,#59420);
#59440=CIRCLE('',#59430,0.5);
#59450=EDGE_CURVE('',#31860,#58320,#59440,.T.);
#59460=ORIENTED_EDGE('',*,*,#59450,.F.);
#59470=EDGE_LOOP('',(#59460,#59390,#59380,#59370));
#59480=FACE_OUTER_BOUND('',#59470,.T.);
#59490=ADVANCED_FACE('',(#59480),#45990,.F.);
#59500=COLOUR_RGB('',0.,0.,0.);
#59510=FILL_AREA_STYLE_COLOUR('',#59500);
#59520=FILL_AREA_STYLE('',(#59510));
#59530=SURFACE_STYLE_FILL_AREA(#59520);
#59540=SURFACE_SIDE_STYLE('',(#59530));
#59550=SURFACE_STYLE_USAGE(.BOTH.,#59540);
#59560=PRESENTATION_STYLE_ASSIGNMENT((#59550));
#59570=ORIENTED_EDGE('',*,*,#31870,.T.);
#59580=ORIENTED_EDGE('',*,*,#46810,.T.);
#59590=ORIENTED_EDGE('',*,*,#58530,.F.);
#59600=ORIENTED_EDGE('',*,*,#59450,.T.);
#59610=EDGE_LOOP('',(#59600,#59590,#59580,#59570));
#59620=FACE_OUTER_BOUND('',#59610,.T.);
#59630=ADVANCED_FACE('',(#59620),#45990,.F.);
#59640=COLOUR_RGB('',0.,0.,0.);
#59650=FILL_AREA_STYLE_COLOUR('',#59640);
#59660=FILL_AREA_STYLE('',(#59650));
#59670=SURFACE_STYLE_FILL_AREA(#59660);
#59680=SURFACE_SIDE_STYLE('',(#59670));
#59690=SURFACE_STYLE_USAGE(.BOTH.,#59680);
#59700=PRESENTATION_STYLE_ASSIGNMENT((#59690));
#59710=ORIENTED_EDGE('',*,*,#58180,.T.);
#59720=ORIENTED_EDGE('',*,*,#41580,.F.);
#59730=ORIENTED_EDGE('',*,*,#1600,.F.);
#59740=ORIENTED_EDGE('',*,*,#42860,.F.);
#59750=EDGE_LOOP('',(#59740,#59730,#59720,#59710));
#59760=FACE_OUTER_BOUND('',#59750,.T.);
#59770=ADVANCED_FACE('',(#59760),#40530,.T.);
#59780=ORIENTED_EDGE('',*,*,#5170,.T.);
#59790=ORIENTED_EDGE('',*,*,#9080,.T.);
#59800=ORIENTED_EDGE('',*,*,#33740,.F.);
#59810=ORIENTED_EDGE('',*,*,#8920,.F.);
#59820=EDGE_LOOP('',(#59810,#59800,#59790,#59780));
#59830=FACE_OUTER_BOUND('',#59820,.T.);
#59840=ADVANCED_FACE('',(#59830),#8840,.T.);
#59850=COLOUR_RGB('',0.,0.,1.);
#59860=FILL_AREA_STYLE_COLOUR('',#59850);
#59870=FILL_AREA_STYLE('',(#59860));
#59880=SURFACE_STYLE_FILL_AREA(#59870);
#59890=SURFACE_SIDE_STYLE('',(#59880));
#59900=SURFACE_STYLE_USAGE(.BOTH.,#59890);
#59910=PRESENTATION_STYLE_ASSIGNMENT((#59900));
#59920=ORIENTED_EDGE('',*,*,#39010,.F.);
#59930=ORIENTED_EDGE('',*,*,#8610,.F.);
#59940=ORIENTED_EDGE('',*,*,#33690,.T.);
#59950=ORIENTED_EDGE('',*,*,#8430,.T.);
#59960=EDGE_LOOP('',(#59950,#59940,#59930,#59920));
#59970=FACE_OUTER_BOUND('',#59960,.T.);
#59980=ADVANCED_FACE('',(#59970),#8330,.T.);
#59990=COLOUR_RGB('',0.,0.,1.);
#60000=FILL_AREA_STYLE_COLOUR('',#59990);
#60010=FILL_AREA_STYLE('',(#60000));
#60020=SURFACE_STYLE_FILL_AREA(#60010);
#60030=SURFACE_SIDE_STYLE('',(#60020));
#60040=SURFACE_STYLE_USAGE(.BOTH.,#60030);
#60050=PRESENTATION_STYLE_ASSIGNMENT((#60040));
#60060=CLOSED_SHELL('',(#400,#890,#1380,#1910,#2380,#2850,#3250,#3720,
#4030,#4430,#8210,#8720,#9140,#9560,#10080,#12810,#13190,#13750,#14220,
#14830,#15250,#15630,#16100,#16590,#16990,#17370,#17750,#18360,#18830,
#19120,#22200,#22560,#22880,#23260,#23730,#24130,#24900,#25370,#25660,
#25950,#26260,#26570,#27490,#28510,#28890,#29200,#29630,#32050,#32460,
#32640,#33560,#33790,#34320,#34630,#35040,#35500,#35990,#37690,#37930,
#38180,#38420,#38820,#39120,#39310,#39650,#39840,#40030,#40220,#40410,
#40760,#41350,#41650,#42120,#42710,#42990,#43120,#43260,#43600,#43930,
#44230,#44620,#45090,#45560,#45870,#46330,#46530,#46940,#47400,#47540,
#47890,#48140,#48270,#48520,#48700,#48890,#49030,#49410,#49720,#50030,
#50270,#50460,#50840,#51150,#51460,#51700,#51890,#52200,#52510,#52750,
#52940,#53180,#53500,#53740,#53910,#54040,#54230,#54440,#54730,#55010,
#55300,#55580,#55870,#56050,#56240,#56380,#56520,#56660,#56920,#57100,
#57240,#57460,#57610,#57750,#57900,#58050,#58230,#58450,#58600,#58740,
#58880,#59080,#59220,#59360,#59490,#59630,#59770,#59840,#59980));
#60070=MANIFOLD_SOLID_BREP('',#60060);
#60080=CARTESIAN_POINT('',(0.,0.,0.));
#60090=DIRECTION('',(0.,0.,1.));
#60100=DIRECTION('',(1.,0.,0.));
#60110=AXIS2_PLACEMENT_3D('',#60080,#60090,#60100);
#60120=APPLICATION_CONTEXT(' ');
#60130=APPLICATION_PROTOCOL_DEFINITION(' ','automotive_design',1998,
#60120);
#60140=PRODUCT_CONTEXT('',#60120,'mechanical');
#60150=PRODUCT_DEFINITION_CONTEXT('part definition',#60120,'design');
#60160=PRODUCT('HTFS_xxx-P_SP2','HTFS_xxx-P_SP2','',(#60140));
#60170=PRODUCT_RELATED_PRODUCT_CATEGORY('part',' ',(#60160));
#60180=PRODUCT_DEFINITION_FORMATION_WITH_SPECIFIED_SOURCE('','',#60160,
.BOUGHT.);
#60190=PRODUCT_DEFINITION('',' ',#60180,#60150);
#60200=PRODUCT_DEFINITION_SHAPE('','',#60190);
#60210=DIMENSIONAL_EXPONENTS(1.,0.,0.,0.,0.,0.,0.);
#60220=DIMENSIONAL_EXPONENTS(0.,0.,0.,0.,0.,0.,0.);
#60230=DIMENSIONAL_EXPONENTS(0.,0.,0.,0.,0.,0.,0.);
#60240=(LENGTH_UNIT() NAMED_UNIT(*) SI_UNIT(.MILLI.,.METRE.));
#60250=(NAMED_UNIT(*) PLANE_ANGLE_UNIT() SI_UNIT($,.RADIAN.));
#60260=(NAMED_UNIT(*) SI_UNIT($,.STERADIAN.) SOLID_ANGLE_UNIT());
#60270=(GEOMETRIC_REPRESENTATION_CONTEXT(3) 
GLOBAL_UNCERTAINTY_ASSIGNED_CONTEXT((#60280)) 
GLOBAL_UNIT_ASSIGNED_CONTEXT((#60240,#60250,#60260)) 
REPRESENTATION_CONTEXT('',''));
#60280=UNCERTAINTY_MEASURE_WITH_UNIT(LENGTH_MEASURE(0.0017),#60240,
'distance_accuracy_value','maximum gap value');
#60290=ADVANCED_BREP_SHAPE_REPRESENTATION('',(#60110,#60070),#60270);
#60300=SHAPE_DEFINITION_REPRESENTATION(#60200,#60290);
#60310=COLOUR_RGB('',0.,0.,1.);
#60320=FILL_AREA_STYLE_COLOUR('',#60310);
#60330=FILL_AREA_STYLE('',(#60320));
#60340=SURFACE_STYLE_FILL_AREA(#60330);
#60350=SURFACE_SIDE_STYLE('',(#60340));
#60360=SURFACE_STYLE_USAGE(.BOTH.,#60350);
#60370=PRESENTATION_STYLE_ASSIGNMENT((#60360));
#60380=STYLED_ITEM('',(#60370),#60070);
#60390=OVER_RIDING_STYLED_ITEM('',(#470),#400,#60380);
#60400=OVER_RIDING_STYLED_ITEM('',(#960),#890,#60380);
#60410=OVER_RIDING_STYLED_ITEM('',(#1450),#1380,#60380);
#60420=OVER_RIDING_STYLED_ITEM('',(#1980),#1910,#60380);
#60430=OVER_RIDING_STYLED_ITEM('',(#2450),#2380,#60380);
#60440=OVER_RIDING_STYLED_ITEM('',(#3320),#3250,#60380);
#60450=OVER_RIDING_STYLED_ITEM('',(#4500),#4430,#60380);
#60460=OVER_RIDING_STYLED_ITEM('',(#8280),#8210,#60380);
#60470=OVER_RIDING_STYLED_ITEM('',(#8790),#8720,#60380);
#60480=OVER_RIDING_STYLED_ITEM('',(#9210),#9140,#60380);
#60490=OVER_RIDING_STYLED_ITEM('',(#9630),#9560,#60380);
#60500=OVER_RIDING_STYLED_ITEM('',(#10150),#10080,#60380);
#60510=OVER_RIDING_STYLED_ITEM('',(#12880),#12810,#60380);
#60520=OVER_RIDING_STYLED_ITEM('',(#13260),#13190,#60380);
#60530=OVER_RIDING_STYLED_ITEM('',(#13820),#13750,#60380);
#60540=OVER_RIDING_STYLED_ITEM('',(#14290),#14220,#60380);
#60550=OVER_RIDING_STYLED_ITEM('',(#14900),#14830,#60380);
#60560=OVER_RIDING_STYLED_ITEM('',(#15320),#15250,#60380);
#60570=OVER_RIDING_STYLED_ITEM('',(#15700),#15630,#60380);
#60580=OVER_RIDING_STYLED_ITEM('',(#16170),#16100,#60380);
#60590=OVER_RIDING_STYLED_ITEM('',(#16660),#16590,#60380);
#60600=OVER_RIDING_STYLED_ITEM('',(#17060),#16990,#60380);
#60610=OVER_RIDING_STYLED_ITEM('',(#17440),#17370,#60380);
#60620=OVER_RIDING_STYLED_ITEM('',(#17820),#17750,#60380);
#60630=OVER_RIDING_STYLED_ITEM('',(#18430),#18360,#60380);
#60640=OVER_RIDING_STYLED_ITEM('',(#18900),#18830,#60380);
#60650=OVER_RIDING_STYLED_ITEM('',(#19190),#19120,#60380);
#60660=OVER_RIDING_STYLED_ITEM('',(#22270),#22200,#60380);
#60670=OVER_RIDING_STYLED_ITEM('',(#22630),#22560,#60380);
#60680=OVER_RIDING_STYLED_ITEM('',(#22950),#22880,#60380);
#60690=OVER_RIDING_STYLED_ITEM('',(#23330),#23260,#60380);
#60700=OVER_RIDING_STYLED_ITEM('',(#23800),#23730,#60380);
#60710=OVER_RIDING_STYLED_ITEM('',(#24200),#24130,#60380);
#60720=OVER_RIDING_STYLED_ITEM('',(#24970),#24900,#60380);
#60730=OVER_RIDING_STYLED_ITEM('',(#25440),#25370,#60380);
#60740=OVER_RIDING_STYLED_ITEM('',(#25730),#25660,#60380);
#60750=OVER_RIDING_STYLED_ITEM('',(#26640),#26570,#60380);
#60760=OVER_RIDING_STYLED_ITEM('',(#27560),#27490,#60380);
#60770=OVER_RIDING_STYLED_ITEM('',(#28580),#28510,#60380);
#60780=OVER_RIDING_STYLED_ITEM('',(#28960),#28890,#60380);
#60790=OVER_RIDING_STYLED_ITEM('',(#29270),#29200,#60380);
#60800=OVER_RIDING_STYLED_ITEM('',(#29700),#29630,#60380);
#60810=OVER_RIDING_STYLED_ITEM('',(#32120),#32050,#60380);
#60820=OVER_RIDING_STYLED_ITEM('',(#32710),#32640,#60380);
#60830=OVER_RIDING_STYLED_ITEM('',(#33630),#33560,#60380);
#60840=OVER_RIDING_STYLED_ITEM('',(#33860),#33790,#60380);
#60850=OVER_RIDING_STYLED_ITEM('',(#34390),#34320,#60380);
#60860=OVER_RIDING_STYLED_ITEM('',(#34700),#34630,#60380);
#60870=OVER_RIDING_STYLED_ITEM('',(#35570),#35500,#60380);
#60880=OVER_RIDING_STYLED_ITEM('',(#36060),#35990,#60380);
#60890=OVER_RIDING_STYLED_ITEM('',(#37760),#37690,#60380);
#60900=OVER_RIDING_STYLED_ITEM('',(#38000),#37930,#60380);
#60910=OVER_RIDING_STYLED_ITEM('',(#38250),#38180,#60380);
#60920=OVER_RIDING_STYLED_ITEM('',(#38490),#38420,#60380);
#60930=OVER_RIDING_STYLED_ITEM('',(#38890),#38820,#60380);
#60940=OVER_RIDING_STYLED_ITEM('',(#39190),#39120,#60380);
#60950=OVER_RIDING_STYLED_ITEM('',(#39380),#39310,#60380);
#60960=OVER_RIDING_STYLED_ITEM('',(#39720),#39650,#60380);
#60970=OVER_RIDING_STYLED_ITEM('',(#39910),#39840,#60380);
#60980=OVER_RIDING_STYLED_ITEM('',(#40100),#40030,#60380);
#60990=OVER_RIDING_STYLED_ITEM('',(#40290),#40220,#60380);
#61000=OVER_RIDING_STYLED_ITEM('',(#40480),#40410,#60380);
#61010=OVER_RIDING_STYLED_ITEM('',(#40830),#40760,#60380);
#61020=OVER_RIDING_STYLED_ITEM('',(#41420),#41350,#60380);
#61030=OVER_RIDING_STYLED_ITEM('',(#42190),#42120,#60380);
#61040=OVER_RIDING_STYLED_ITEM('',(#42780),#42710,#60380);
#61050=OVER_RIDING_STYLED_ITEM('',(#43190),#43120,#60380);
#61060=OVER_RIDING_STYLED_ITEM('',(#43670),#43600,#60380);
#61070=OVER_RIDING_STYLED_ITEM('',(#44000),#43930,#60380);
#61080=OVER_RIDING_STYLED_ITEM('',(#44300),#44230,#60380);
#61090=OVER_RIDING_STYLED_ITEM('',(#44690),#44620,#60380);
#61100=OVER_RIDING_STYLED_ITEM('',(#45160),#45090,#60380);
#61110=OVER_RIDING_STYLED_ITEM('',(#45630),#45560,#60380);
#61120=OVER_RIDING_STYLED_ITEM('',(#45940),#45870,#60380);
#61130=OVER_RIDING_STYLED_ITEM('',(#46400),#46330,#60380);
#61140=OVER_RIDING_STYLED_ITEM('',(#46600),#46530,#60380);
#61150=OVER_RIDING_STYLED_ITEM('',(#47010),#46940,#60380);
#61160=OVER_RIDING_STYLED_ITEM('',(#47470),#47400,#60380);
#61170=OVER_RIDING_STYLED_ITEM('',(#47610),#47540,#60380);
#61180=OVER_RIDING_STYLED_ITEM('',(#47960),#47890,#60380);
#61190=OVER_RIDING_STYLED_ITEM('',(#48340),#48270,#60380);
#61200=OVER_RIDING_STYLED_ITEM('',(#48770),#48700,#60380);
#61210=OVER_RIDING_STYLED_ITEM('',(#48960),#48890,#60380);
#61220=OVER_RIDING_STYLED_ITEM('',(#49100),#49030,#60380);
#61230=OVER_RIDING_STYLED_ITEM('',(#49480),#49410,#60380);
#61240=OVER_RIDING_STYLED_ITEM('',(#49790),#49720,#60380);
#61250=OVER_RIDING_STYLED_ITEM('',(#50100),#50030,#60380);
#61260=OVER_RIDING_STYLED_ITEM('',(#50340),#50270,#60380);
#61270=OVER_RIDING_STYLED_ITEM('',(#50530),#50460,#60380);
#61280=OVER_RIDING_STYLED_ITEM('',(#50910),#50840,#60380);
#61290=OVER_RIDING_STYLED_ITEM('',(#51220),#51150,#60380);
#61300=OVER_RIDING_STYLED_ITEM('',(#51530),#51460,#60380);
#61310=OVER_RIDING_STYLED_ITEM('',(#51770),#51700,#60380);
#61320=OVER_RIDING_STYLED_ITEM('',(#51960),#51890,#60380);
#61330=OVER_RIDING_STYLED_ITEM('',(#52270),#52200,#60380);
#61340=OVER_RIDING_STYLED_ITEM('',(#52580),#52510,#60380);
#61350=OVER_RIDING_STYLED_ITEM('',(#52820),#52750,#60380);
#61360=OVER_RIDING_STYLED_ITEM('',(#53010),#52940,#60380);
#61370=OVER_RIDING_STYLED_ITEM('',(#53250),#53180,#60380);
#61380=OVER_RIDING_STYLED_ITEM('',(#53570),#53500,#60380);
#61390=OVER_RIDING_STYLED_ITEM('',(#54110),#54040,#60380);
#61400=OVER_RIDING_STYLED_ITEM('',(#54510),#54440,#60380);
#61410=OVER_RIDING_STYLED_ITEM('',(#54800),#54730,#60380);
#61420=OVER_RIDING_STYLED_ITEM('',(#55080),#55010,#60380);
#61430=OVER_RIDING_STYLED_ITEM('',(#55370),#55300,#60380);
#61440=OVER_RIDING_STYLED_ITEM('',(#55650),#55580,#60380);
#61450=OVER_RIDING_STYLED_ITEM('',(#55940),#55870,#60380);
#61460=OVER_RIDING_STYLED_ITEM('',(#56120),#56050,#60380);
#61470=OVER_RIDING_STYLED_ITEM('',(#56310),#56240,#60380);
#61480=OVER_RIDING_STYLED_ITEM('',(#56450),#56380,#60380);
#61490=OVER_RIDING_STYLED_ITEM('',(#56590),#56520,#60380);
#61500=OVER_RIDING_STYLED_ITEM('',(#56730),#56660,#60380);
#61510=OVER_RIDING_STYLED_ITEM('',(#56990),#56920,#60380);
#61520=OVER_RIDING_STYLED_ITEM('',(#57170),#57100,#60380);
#61530=OVER_RIDING_STYLED_ITEM('',(#57310),#57240,#60380);
#61540=OVER_RIDING_STYLED_ITEM('',(#57530),#57460,#60380);
#61550=OVER_RIDING_STYLED_ITEM('',(#57680),#57610,#60380);
#61560=OVER_RIDING_STYLED_ITEM('',(#57820),#57750,#60380);
#61570=OVER_RIDING_STYLED_ITEM('',(#57970),#57900,#60380);
#61580=OVER_RIDING_STYLED_ITEM('',(#58120),#58050,#60380);
#61590=OVER_RIDING_STYLED_ITEM('',(#58300),#58230,#60380);
#61600=OVER_RIDING_STYLED_ITEM('',(#58520),#58450,#60380);
#61610=OVER_RIDING_STYLED_ITEM('',(#58670),#58600,#60380);
#61620=OVER_RIDING_STYLED_ITEM('',(#58810),#58740,#60380);
#61630=OVER_RIDING_STYLED_ITEM('',(#58950),#58880,#60380);
#61640=OVER_RIDING_STYLED_ITEM('',(#59150),#59080,#60380);
#61650=OVER_RIDING_STYLED_ITEM('',(#59290),#59220,#60380);
#61660=OVER_RIDING_STYLED_ITEM('',(#59560),#59490,#60380);
#61670=OVER_RIDING_STYLED_ITEM('',(#59700),#59630,#60380);
#61680=OVER_RIDING_STYLED_ITEM('',(#59910),#59840,#60380);
#61690=OVER_RIDING_STYLED_ITEM('',(#60050),#59980,#60380);
#61700=DRAUGHTING_MODEL('',(#60380,#60390,#60400,#60410,#60420,#60430,
#60440,#60450,#60460,#60470,#60480,#60490,#60500,#60510,#60520,#60530,
#60540,#60550,#60560,#60570,#60580,#60590,#60600,#60610,#60620,#60630,
#60640,#60650,#60660,#60670,#60680,#60690,#60700,#60710,#60720,#60730,
#60740,#60750,#60760,#60770,#60780,#60790,#60800,#60810,#60820,#60830,
#60840,#60850,#60860,#60870,#60880,#60890,#60900,#60910,#60920,#60930,
#60940,#60950,#60960,#60970,#60980,#60990,#61000,#61010,#61020,#61030,
#61040,#61050,#61060,#61070,#61080,#61090,#61100,#61110,#61120,#61130,
#61140,#61150,#61160,#61170,#61180,#61190,#61200,#61210,#61220,#61230,
#61240,#61250,#61260,#61270,#61280,#61290,#61300,#61310,#61320,#61330,
#61340,#61350,#61360,#61370,#61380,#61390,#61400,#61410,#61420,#61430,
#61440,#61450,#61460,#61470,#61480,#61490,#61500,#61510,#61520,#61530,
#61540,#61550,#61560,#61570,#61580,#61590,#61600,#61610,#61620,#61630,
#61640,#61650,#61660,#61670,#61680,#61690),#60270);
#61710=CARTESIAN_POINT('',(5.,0.,0.));
#61720=DIRECTION('',(0.,0.,1.));
#61730=DIRECTION('',(1.,0.,0.));
#61740=AXIS2_PLACEMENT_3D('',#61710,#61720,#61730);
#61750=ITEM_DEFINED_TRANSFORMATION('HTFS_xxx-P_SP2','',#60110,#61740);
#61760=APPLICATION_CONTEXT(' ');
#61770=APPLICATION_PROTOCOL_DEFINITION(' ','automotive_design',1998,
#61760);
#61780=PRODUCT_CONTEXT('',#61760,'mechanical');
#61790=PRODUCT_DEFINITION_CONTEXT('part definition',#61760,'design');
#61800=PRODUCT('HTFS_xxx-P_SP2','HTFS_xxx-P_SP2','',(#61780));
#61810=PRODUCT_RELATED_PRODUCT_CATEGORY('part',' ',(#61800));
#61820=PRODUCT_DEFINITION_FORMATION_WITH_SPECIFIED_SOURCE('','',#61800,
.BOUGHT.);
#61830=PRODUCT_DEFINITION('',' ',#61820,#61790);
#61840=PRODUCT_DEFINITION_SHAPE('','',#61830);
#61850=DIMENSIONAL_EXPONENTS(1.,0.,0.,0.,0.,0.,0.);
#61860=DIMENSIONAL_EXPONENTS(0.,0.,0.,0.,0.,0.,0.);
#61870=DIMENSIONAL_EXPONENTS(0.,0.,0.,0.,0.,0.,0.);
#61880=(LENGTH_UNIT() NAMED_UNIT(*) SI_UNIT(.MILLI.,.METRE.));
#61890=(NAMED_UNIT(*) PLANE_ANGLE_UNIT() SI_UNIT($,.RADIAN.));
#61900=(NAMED_UNIT(*) SI_UNIT($,.STERADIAN.) SOLID_ANGLE_UNIT());
#61910=(GEOMETRIC_REPRESENTATION_CONTEXT(3) 
GLOBAL_UNCERTAINTY_ASSIGNED_CONTEXT((#61920)) 
GLOBAL_UNIT_ASSIGNED_CONTEXT((#61880,#61890,#61900)) 
REPRESENTATION_CONTEXT('',''));
#61920=UNCERTAINTY_MEASURE_WITH_UNIT(LENGTH_MEASURE(0.0017),#61880,
'distance_accuracy_value','maximum gap value');
#61930=SHAPE_REPRESENTATION('',(#60110,#61740),#61910);
#61940=SHAPE_DEFINITION_REPRESENTATION(#61840,#61930);
#61950=(REPRESENTATION_RELATIONSHIP('','',#60290,#61930) 
REPRESENTATION_RELATIONSHIP_WITH_TRANSFORMATION(#61750) 
SHAPE_REPRESENTATION_RELATIONSHIP());
#61960=NEXT_ASSEMBLY_USAGE_OCCURRENCE('1','','HTFS_xxx-P_SP2',#61830,
#60190,'');
#61970=PRODUCT_DEFINITION_SHAPE('','',#61960);
#61980=CONTEXT_DEPENDENT_SHAPE_REPRESENTATION(#61950,#61970);
ENDSEC;
END-ISO-10303-21;
